{"cfg": {"method": "RECD", "trace": "/Users/ckim48/Downloads/infocomsim/results/traces/trace_med_n60_s1.npz", "seed": 1, "rounds": 55, "r_v2v": 200.0, "cache_encoders": 4, "max_out": 3, "V": 50.0, "use_gat": false, "dataset": "fmnist", "phi_agg": 0.0}, "hist": {"acc": [0.09856666618337234, 0.15338333348433178, 0.2754333338389794, 0.33234999974568685, 0.3677333335081736, 0.38478333279490473, 0.3910999986032645, 0.4052166660626729, 0.42351666688919065, 0.44348333328962325, 0.44668333530426024, 0.4543833350141843], "acc_round": [1, 5, 10, 15, 20, 25, 30, 35, 40, 45, 50, 55], "recv": [60, 66, 82, 94, 71, 68, 67, 88, 45, 88, 58, 82, 68, 70, 67, 72, 95, 52, 69, 49, 90, 76, 66, 78, 58, 90, 47, 90, 63, 84, 74, 66, 59, 55, 97, 53, 69, 51, 103, 86, 64, 80, 50, 94, 47, 83, 64, 88, 75, 75, 67, 52, 87, 64, 78], "succ": [60, 66, 82, 94, 71, 68, 67, 88, 45, 88, 58, 82, 68, 70, 67, 72, 95, 52, 69, 49, 90, 76, 66, 78, 58, 90, 47, 90, 63, 84, 74, 66, 59, 55, 97, 53, 69, 51, 103, 86, 64, 80, 50, 94, 47, 83, 64, 88, 75, 75, 67, 52, 87, 64, 78], "att": [60, 67, 83, 97, 73, 71, 69, 88, 45, 88, 67, 84, 74, 71, 76, 74, 113, 52, 80, 49, 90, 81, 67, 89, 63, 102, 47, 90, 64, 84, 74, 68, 61, 55, 105, 53, 72, 51, 103, 91, 64, 88, 51, 105, 47, 87, 66, 89, 80, 75, 68, 52, 94, 65, 78], "energy": [69.4646761767602, 47.060492422019365, 98.04972469327807, 73.86097808950505, 89.83739553541942, 79.758676509587, 55.63154050752409, 101.39685046004763, 35.408956742361276, 117.37352750560731, 65.84095930429429, 139.92409126275442, 65.24495836416963, 108.23276249869205, 108.89257033507275, 86.51064610929235, 203.48184305483022, 34.493720789061896, 115.27629214706145, 32.677981223521215, 108.16056693941353, 73.49010728387518, 64.83264171621528, 94.66903875382144, 85.05948111047218, 189.68779809696358, 37.13312203516496, 107.6895100101912, 43.670084524605535, 133.8284156155543, 61.6685300628775, 71.75376302023011, 40.44781616477989, 42.74232453963357, 186.828642146746, 32.9280484437296, 106.88911996051161, 34.8323758999788, 218.0295094537455, 81.9823396806333, 59.72562992571989, 110.19190921531415, 33.9486208985368, 197.65352708667956, 29.33973446156163, 83.37170826386624, 54.86484419118586, 166.52933867629605, 73.00212216483173, 85.20961430728264, 70.67532366225596, 36.129867164095884, 144.28776623187622, 58.22772532016281, 85.1172006478404], "coverage": [0.3153846153846154, 0.4846153846153846, 0.6692307692307692, 0.7153846153846154, 0.7692307692307693, 0.8, 0.8, 0.8461538461538461, 0.8615384615384616, 0.8923076923076924, 0.9, 0.9307692307692308, 0.9538461538461539, 0.9538461538461539, 0.9615384615384616, 0.9769230769230769, 0.9769230769230769, 0.9769230769230769, 0.9769230769230769, 0.9769230769230769, 0.9923076923076923, 0.9923076923076923, 0.9923076923076923, 0.9923076923076923, 1.0, 1.0, 1.0, 1.0, 1.0, 1.0, 1.0, 1.0, 1.0, 1.0, 1.0, 1.0, 1.0, 1.0, 1.0, 1.0, 1.0, 1.0, 1.0, 1.0, 1.0, 1.0, 1.0, 1.0, 1.0, 1.0, 1.0, 1.0, 1.0, 1.0, 1.0], "staleness": [0.0, 0.15151515151515152, 0.4268292682926829, 0.5212765957446809, 0.6197183098591549, 1.2058823529411764, 1.1791044776119404, 1.1931818181818181, 1.511111111111111, 1.2045454545454546, 1.8620689655172413, 1.6219512195121952, 1.5147058823529411, 1.6714285714285715, 1.626865671641791, 2.0, 1.3789473684210527, 0.6153846153846154, 1.5942028985507246, 2.204081632653061, 1.6333333333333333, 1.894736842105263, 2.257575757575758, 2.0128205128205128, 1.6206896551724137, 2.1222222222222222, 2.3191489361702127, 1.6333333333333333, 1.2857142857142858, 1.3333333333333333, 1.7027027027027026, 1.7424242424242424, 1.152542372881356, 1.709090909090909, 1.4845360824742269, 1.5471698113207548, 1.9130434782608696, 1.5490196078431373, 1.5145631067961165, 1.7093023255813953, 1.015625, 1.275, 1.9, 1.4574468085106382, 1.6170212765957446, 1.6265060240963856, 1.484375, 1.3068181818181819, 1.2666666666666666, 1.1066666666666667, 1.6417910447761195, 1.8846153846153846, 1.528735632183908, 1.890625, 1.6153846153846154], "fail": [0, 1, 1, 3, 2, 3, 2, 0, 0, 0, 9, 2, 6, 1, 9, 2, 18, 0, 11, 0, 0, 5, 1, 11, 5, 12, 0, 0, 1, 0, 0, 2, 2, 0, 8, 0, 3, 0, 0, 5, 0, 8, 1, 11, 0, 4, 2, 1, 5, 0, 1, 0, 7, 1, 0], "recv_per_veh": [13.0, 64.0, 49.0, 75.0, 67.0, 79.0, 73.0, 74.0, 21.0, 64.0, 44.0, 92.0, 46.0, 76.0, 58.0, 33.0, 61.0, 72.0, 39.0, 79.0, 87.0, 46.0, 37.0, 44.0, 43.0, 76.0, 48.0, 85.0, 52.0, 54.0, 34.0, 57.0, 37.0, 46.0, 81.0, 36.0, 54.0, 44.0, 34.0, 53.0, 58.0, 36.0, 58.0, 42.0, 70.0, 36.0, 54.0, 34.0, 88.0, 32.0, 48.0, 64.0, 29.0, 77.0, 66.0, 55.0, 39.0, 53.0, 33.0, 48.0], "first_recv": {"4_0": 0, "4_2": 0, "4_1": 0, "5_1": 0, "5_0": 0, "6_1": 0, "6_0": 0, "6_2": 0, "8_0": 0, "9_1": 0, "9_0": 0, "13_0": 0, "13_2": 0, "13_1": 0, "14_2": 0, "16_0": 0, "17_2": 0, "22_1": 0, "24_0": 0, "27_0": 0, "27_1": 0, "28_1": 0, "29_0": 0, "29_1": 0, "30_1": 0, "34_1": 0, "36_1": 0, "41_1": 0, "41_0": 0, "42_1": 0, "44_2": 0, "45_1": 0, "47_1": 0, "47_0": 0, "49_0": 0, "49_1": 0, "50_0": 0, "55_1": 0, "55_2": 0, "55_0": 0, "59_2": 0, "0_0": 1, "11_2": 1, "11_1": 1, "14_0": 1, "18_1": 1, "19_0": 1, "21_1": 1, "23_0": 1, "29_2": 1, "32_0": 1, "37_1": 1, "37_2": 1, "44_1": 1, "48_2": 1, "51_0": 1, "53_1": 1, "53_2": 1, "53_0": 1, "56_2": 1, "56_1": 1, "58_0": 1, "59_0": 1, "1_1": 2, "3_2": 2, "7_1": 2, "7_2": 2, "12_0": 2, "20_1": 2, "25_1": 2, "26_2": 2, "33_1": 2, "33_2": 2, "33_0": 2, "35_1": 2, "38_2": 2, "38_0": 2, "39_2": 2, "40_0": 2, "40_2": 2, "40_1": 2, "48_1": 2, "51_1": 2, "52_1": 2, "54_1": 2, "54_0": 2, "58_2": 2, "2_0": 3, "23_2": 3, "35_0": 3, "39_0": 3, "42_0": 3, "43_0": 3, "7_0": 4, "19_1": 4, "20_2": 4, "21_2": 4, "50_2": 4, "57_1": 4, "59_1": 4, "10_2": 5, "15_2": 5, "23_1": 5, "54_2": 5, "19_2": 7, "26_1": 7, "26_0": 7, "28_0": 7, "46_1": 7, "46_2": 7, "2_2": 8, "28_2": 8, "12_2": 9, "22_0": 9, "31_2": 9, "52_0": 9, "10_1": 10, "12_1": 11, "38_1": 11, "43_1": 11, "50_1": 11, "15_0": 12, "31_1": 12, "31_0": 12, "17_1": 14, "17_0": 15, "21_0": 15, "10_0": 20, "44_0": 20, "18_0": 24}, "y_queue": [0.07416666666666667, 0.13166666666666668, 0.1408333333333333, 0.17749999999999996, 0.2175, 0.2475, 0.2841666666666667, 0.295, 0.3466666666666667, 0.3366666666666666, 0.3713888888888889, 0.34694444444444444, 0.3697222222222221, 0.37277777777777776, 0.37499999999999983, 0.35833333333333334, 0.3619444444444444, 0.40111111111111103, 0.42611111111111105, 0.4686111111111109, 0.39666666666666656, 0.4099999999999999, 0.4541666666666665, 0.48472222222222205, 0.5180555555555554, 0.5030555555555555, 0.5630555555555554, 0.522222222222222, 0.5277777777777776, 0.5358333333333332, 0.5358333333333333, 0.5552777777777775, 0.5538888888888887, 0.5683333333333331, 0.5216666666666665, 0.5480555555555553, 0.5488888888888888, 0.591111111111111, 0.5713888888888887, 0.5419444444444442, 0.5741666666666664, 0.5724999999999998, 0.5961111111111109, 0.5311111111111109, 0.5563888888888886, 0.5561111111111109, 0.5419444444444442, 0.4949999999999997, 0.5097222222222219, 0.5036111111111108, 0.5194444444444443, 0.5699999999999998, 0.5216666666666665, 0.5313888888888886, 0.5122222222222219],