{"cfg": {"method": "RECD", "trace": "/home/wnlab/CK_infoProject/infocomsim/results/traces/trace_low_n60_s1.npz", "seed": 1, "rounds": 55, "r_v2v": 100.0, "cache_encoders": 4, "max_out": 1, "V": 50.0, "use_gat": true, "dataset": "har", "phi_agg": 0.0}, "hist": {"acc": [0.21273334150513012, 0.5110000227888425, 0.5795166964332262, 0.5880500306685765, 0.5939666916926701, 0.5900833626588186, 0.58860003054142, 0.5886333624521891, 0.5909333616495133, 0.5898500283559164, 0.5965166976054509, 0.5952833597858747], "acc_round": [1, 5, 10, 15, 20, 25, 30, 35, 40, 45, 50, 55], "recv": [21, 31, 33, 36, 25, 29, 26, 36, 25, 27, 29, 36, 34, 15, 24, 35, 30, 30, 34, 29, 35, 37, 32, 35, 30, 31, 27, 28, 30, 30, 39, 33, 35, 27, 31, 32, 33, 25, 28, 37, 35, 33, 36, 33, 29, 34, 33, 36, 31, 32, 33, 29, 30, 31, 32], "succ": [21, 31, 33, 36, 25, 29, 26, 36, 25, 27, 29, 36, 34, 15, 24, 35, 30, 30, 34, 29, 35, 37, 32, 35, 30, 31, 27, 28, 30, 30, 39, 33, 35, 27, 31, 32, 33, 25, 28, 37, 35, 33, 36, 33, 29, 34, 33, 36, 31, 32, 33, 29, 30, 31, 32], "att": [24, 32, 33, 36, 26, 29, 26, 36, 27, 27, 29, 36, 36, 17, 24, 35, 30, 30, 34, 29, 35, 39, 33, 36, 30, 31, 27, 28, 30, 30, 40, 35, 35, 27, 31, 32, 33, 25, 28, 38, 35, 33, 37, 33, 29, 34, 33, 36, 35, 36, 33, 32, 30, 31, 32], "energy": [7.56214055514809, 10.381142735716436, 9.146604648495435, 11.528380767829203, 8.52103518164125, 8.035798710924773, 8.305423922700045, 11.53433975471974, 8.848970796513276, 8.004769035804532, 10.282700628833418, 13.579275745053796, 13.35098975896348, 6.033965304724177, 6.718463397245043, 10.94939415928024, 11.341578104848177, 9.998551953412617, 9.794783755983135, 8.285227232001636, 10.191511366354703, 13.259749051205286, 11.645622769695482, 11.291940036357069, 11.259168605801662, 10.044084055379853, 10.546179558144752, 9.847729691809597, 10.718416115898467, 10.684835165033862, 15.06196339483031, 10.386128205226381, 11.84596095444951, 7.89281030957502, 9.72156449315107, 9.356676627104784, 10.751851760953233, 7.424441144429279, 10.146936909413867, 12.975258017468985, 11.51355924745506, 8.594910607553475, 10.519978977884941, 8.958940694713537, 9.013501914799473, 10.763350633071498, 12.167925944109552, 14.314872777367992, 11.593140557957076, 10.521100567087998, 9.115886539962174, 8.285014907944191, 11.835544480936147, 8.308570041425014, 8.780556441724919], "coverage": [0.11627906976744186, 0.24806201550387597, 0.34108527131782945, 0.3875968992248062, 0.40310077519379844, 0.43410852713178294, 0.46511627906976744, 0.49612403100775193, 0.5271317829457365, 0.5736434108527132, 0.5968992248062015, 0.6434108527131783, 0.6821705426356589, 0.689922480620155, 0.7286821705426356, 0.7364341085271318, 0.7674418604651163, 0.7751937984496124, 0.7751937984496124, 0.7906976744186046, 0.7984496124031008, 0.8062015503875969, 0.8217054263565892, 0.8604651162790697, 0.8837209302325582, 0.8837209302325582, 0.8914728682170543, 0.8914728682170543, 0.8992248062015504, 0.9069767441860465, 0.9069767441860465, 0.9302325581395349, 0.937984496124031, 0.937984496124031, 0.937984496124031, 0.937984496124031, 0.9457364341085271, 0.9457364341085271, 0.9457364341085271, 0.9534883720930233, 0.9612403100775194, 0.9612403100775194, 0.9612403100775194, 0.9612403100775194, 0.9689922480620154, 0.9689922480620154, 0.9689922480620154, 0.9689922480620154, 0.9689922480620154, 0.9689922480620154, 0.9689922480620154, 0.9767441860465116, 0.9844961240310077, 0.9844961240310077, 0.9844961240310077], "staleness": [0.0, 0.03225806451612903, 0.2727272727272727, 0.4166666666666667, 0.4, 0.8275862068965517, 0.7307692307692307, 0.8611111111111112, 0.56, 0.2962962962962963, 1.2413793103448276, 0.8055555555555556, 0.47058823529411764, 0.6666666666666666, 0.75, 1.1142857142857143, 0.9, 0.5, 0.8823529411764706, 0.9310344827586207, 1.1142857142857143, 1.3513513513513513, 0.875, 1.2285714285714286, 0.4666666666666667, 1.8709677419354838, 0.8518518518518519, 2.142857142857143, 1.1333333333333333, 1.9, 1.3846153846153846, 1.3636363636363635, 1.7142857142857142, 2.5925925925925926, 0.9032258064516129, 1.6875, 0.7575757575757576, 0.88, 0.42857142857142855, 1.2972972972972974, 1.2857142857142858, 0.7272727272727273, 0.4444444444444444, 1.7878787878787878, 0.41379310344827586, 1.0588235294117647, 0.5151515151515151, 1.1388888888888888, 0.9354838709677419, 2.09375, 2.9696969696969697, 1.1724137931034482, 0.23333333333333334, 0.967741935483871, 1.0], "fail": [3, 1, 0, 0, 1, 0, 0, 0, 2, 0, 0, 0, 2, 2, 0, 0, 0, 0, 0, 0, 0, 2, 1, 1, 0, 0, 0, 0, 0, 0, 1, 2, 0, 0, 0, 0, 0, 0, 0, 1, 0, 0, 1, 0, 0, 0, 0, 0, 4, 4, 0, 3, 0, 0, 0], "recv_per_veh": [15.0, 28.0, 15.0, 33.0, 41.0, 22.0, 40.0, 46.0, 24.0, 30.0, 30.0, 28.0, 29.0, 39.0, 23.0, 15.0, 30.0, 36.0, 18.0, 24.0, 31.0, 21.0, 21.0, 21.0, 21.0, 33.0, 15.0, 34.0, 40.0, 41.0, 29.0, 12.0, 11.0, 18.0, 31.0, 8.0, 7.0, 21.0, 9.0, 30.0, 22.0, 47.0, 42.0, 11.0, 23.0, 29.0, 23.0, 15.0, 25.0, 18.0, 14.0, 21.0, 36.0, 31.0, 24.0, 20.0, 22.0, 35.0, 51.0, 30.0], "first_recv": {"0_0": 0, "4_1": 0, "8_1": 0, "13_0": 0, "16_2": 0, "22_1": 0, "23_1": 0, "24_2": 0, "27_1": 0, "30_0": 0, "41_1": 0, "54_2": 0, "55_1": 0, "56_0": 0, "58_1": 0, "6_0": 1, "6_1": 1, "10_2": 1, "11_0": 1, "13_1": 1, "19_0": 1, "22_2": 1, "24_1": 1, "25_1": 1, "32_1": 1, "38_1": 1, "44_0": 1, "51_0": 1, "52_2": 1, "53_1": 1, "54_1": 1, "57_2": 1, "1_2": 2, "3_2": 2, "7_2": 2, "12_2": 2, "26_1": 2, "28_0": 2, "34_0": 2, "42_0": 2, "47_1": 2, "51_1": 2, "56_1": 2, "59_0": 2, "2_2": 3, "3_1": 3, "12_0": 3, "43_2": 3, "48_0": 3, "50_2": 3, "12_1": 4, "46_2": 4, "1_0": 5, "5_1": 5, "30_2": 5, "48_2": 5, "9_0": 6, "11_2": 6, "18_0": 6, "39_2": 6, "14_2": 7, "29_2": 7, "37_2": 7, "46_1": 7, "14_1": 8, "20_2": 8, "33_1": 8, "34_2": 8, "8_0": 9, "18_1": 9, "35_0": 9, "45_2": 9, "52_0": 9, "58_0": 9, "27_2": 10, "49_0": 10, "50_1": 10, "15_2": 11, "20_0": 11, "21_2": 11, "30_1": 11, "40_2": 11, "53_0": 11, "0_2": 12, "14_0": 12, "21_1": 12, "31_2": 12, "56_2": 12, "55_0": 13, "17_2": 14, "43_1": 14, "50_0": 14, "55_2": 14, "57_1": 14, "37_0": 15, "1_1": 16, "19_1": 16, "32_0": 16, "46_0": 16, "24_0": 17, "39_1": 19, "41_2": 19, "33_2": 20, "36_0": 21, "40_1": 22, "54_0": 22, "4_2": 23, "7_0": 23, "31_0": 23, "33_0": 23, "48_1": 23, "16_1": 24, "17_1": 24, "44_1": 24, "15_1": 26, "10_0": 28, "51_2": 29, "3_0": 31, "31_1": 31, "37_1": 31, "9_2": 32, "34_1": 36, "29_1": 39, "15_0": 40, "17_0": 44, "29_0": 51, "9_1": 52}, "y_queue": [0.095, 0.16833333333333333, 0.22916666666666666, 0.29583333333333334, 0.3841666666666667, 0.44833333333333336, 0.5077777777777778, 0.5502777777777779, 0.6147222222222223, 0.653611111111111, 0.6916666666666665, 0.7125, 0.7413888888888887, 0.8105555555555555, 0.8391666666666666, 0.854722222222222, 0.8777777777777774, 0.9124999999999999, 0.937222222222222, 0.9738888888888886, 1.0063888888888886, 1.0199999999999996, 1.0386111111111107, 1.0511111111111107, 1.0602777777777772, 1.1091666666666662, 1.1361111111111108, 1.1783333333333328, 1.2083333333333326, 1.2391666666666663, 1.2566666666666664, 1.258333333333333, 1.2911111111111107, 1.3497222222222218, 1.3911111111111107, 1.4244444444444444, 1.4488888888888887, 1.5111111111111108, 1.5380555555555553, 1.5494444444444444, 1.5372222222222218, 1.563055555555555, 1.5986111111111112, 1.6447222222222222, 1.6880555555555554, 1.6961111111111111, 1.7244444444444442, 1.7441666666666669, 1.789166666666667, 1.811388888888889, 1.836944444444445, 1.8658333333333335, 1.9005555555555562, 1.9100000000000004, 1.9091666666666671], "z_queue": [0.0, 0.0, 0.0, 0.0, 0.0, 0.0, 0.0, 0.0, 0.0, 0.0, 0.0, 0.0, 0.0, 0.0, 0.0, 0.0, 0.0, 0.0, 0.0, 0.0, 0.0, 0.0, 0.0, 0.0, 0.0, 0.0, 0.0, 0.0, 0.0, 0.0, 0.0, 0.0, 0.0, 0.0, 0.0, 0.0, 0.0, 0.0, 0.0, 0.0, 0.0, 0.0, 0.0, 0.0, 0.0, 0.0, 0.0, 0.0, 0.0, 0.0, 0.0, 0.0, 0.0, 0.0, 0.0],