{"cfg": {"method": "DFL-Gossip", "trace": "/home/wnlab/CK_infoProject/infocomsim/results/traces/trace_low_n60_s1.npz", "seed": 1, "rounds": 55, "r_v2v": 100.0, "cache_encoders": 4, "max_out": 1, "V": 50.0, "use_gat": true, "dataset": "har", "phi_agg": 0.0}, "hist": {"acc": [0.20625000745058059, 0.5088500251372655, 0.5579833587010702, 0.5679166962703069, 0.5722333615024885, 0.5721833621462186, 0.5752666965126991, 0.5864000275731087, 0.5761166960000992, 0.5830666939417521, 0.5840166976054509, 0.5835333585739135], "acc_round": [1, 5, 10, 15, 20, 25, 30, 35, 40, 45, 50, 55], "recv": [36, 36, 39, 36, 30, 33, 28, 40, 41, 33, 33, 41, 36, 26, 25, 33, 34, 37, 40, 37, 39, 35, 41, 39, 34, 36, 27, 31, 35, 37, 39, 40, 34, 29, 29, 33, 39, 33, 36, 36, 40, 40, 35, 35, 34, 35, 34, 40, 37, 36, 35, 34, 33, 32, 33], "succ": [36, 36, 39, 36, 30, 33, 28, 40, 41, 33, 33, 41, 36, 26, 25, 33, 34, 37, 40, 37, 39, 35, 41, 39, 34, 36, 27, 31, 35, 37, 39, 40, 34, 29, 29, 33, 39, 33, 36, 36, 40, 40, 35, 35, 34, 35, 34, 40, 37, 36, 35, 34, 33, 32, 33], "att": [39, 37, 41, 38, 33, 35, 30, 44, 45, 36, 35, 41, 36, 33, 26, 34, 36, 43, 44, 37, 42, 39, 44, 42, 34, 37, 30, 33, 35, 39, 39, 41, 36, 30, 29, 36, 39, 36, 38, 37, 42, 40, 36, 35, 37, 35, 37, 42, 39, 39, 35, 38, 35, 35, 34], "energy": [13.648461835157015, 12.40334640527432, 14.158540021785935, 11.711798705499344, 14.437563793217489, 13.964216191377709, 9.63939698425276, 20.369701312436714, 23.019707944143924, 14.319041900454403, 15.58162756845214, 19.437265525380308, 15.698450807854066, 13.43585785675519, 8.895703173219196, 12.757719366014575, 13.539992997491527, 19.054988251871983, 17.692855297862376, 14.404408551834843, 15.559317700895729, 12.435942212437013, 17.20161569809623, 14.96190160716394, 15.842144281063998, 12.362996707379896, 14.188632812226798, 13.956874625505133, 14.28574727775645, 20.60320204471993, 16.163018349992164, 16.36643746761087, 12.782562750727436, 10.752739785404804, 9.90501155863753, 17.033474870836137, 16.458708998312137, 18.178373991835763, 16.59050663484769, 14.220165953727644, 17.631143779072, 14.438109236485586, 12.184283289115514, 10.196131555780765, 13.5879917970597, 12.29866861379128, 14.34950315227778, 15.051308844482922, 12.011209831498494, 13.104445431362628, 11.038623241550004, 13.738621589195315, 10.54728562978979, 13.446545597552026, 12.900308087675072], "coverage": [0.2558139534883721, 0.32558139534883723, 0.4186046511627907, 0.4263565891472868, 0.4728682170542636, 0.5271317829457365, 0.5348837209302325, 0.5968992248062015, 0.6356589147286822, 0.6511627906976745, 0.6589147286821705, 0.6744186046511628, 0.6744186046511628, 0.689922480620155, 0.6976744186046512, 0.7131782945736435, 0.7209302325581395, 0.7209302325581395, 0.7286821705426356, 0.7286821705426356, 0.7364341085271318, 0.7364341085271318, 0.7441860465116279, 0.7441860465116279, 0.7596899224806202, 0.7596899224806202, 0.7596899224806202, 0.7829457364341085, 0.7829457364341085, 0.7829457364341085, 0.7829457364341085, 0.7906976744186046, 0.813953488372093, 0.813953488372093, 0.813953488372093, 0.813953488372093, 0.8217054263565892, 0.8217054263565892, 0.8217054263565892, 0.8294573643410853, 0.8294573643410853, 0.8294573643410853, 0.8372093023255814, 0.8372093023255814, 0.8449612403100775, 0.8449612403100775, 0.8449612403100775, 0.8449612403100775, 0.8449612403100775, 0.8449612403100775, 0.8527131782945736, 0.8527131782945736, 0.8527131782945736, 0.8527131782945736, 0.8527131782945736], "staleness": [0.0, 0.0, 0.0, 0.0, 0.0, 0.0, 0.0, 0.0, 0.0, 0.0, 0.0, 0.0, 0.0, 0.0, 0.0, 0.0, 0.0, 0.0, 0.0, 0.0, 0.0, 0.0, 0.0, 0.0, 0.0, 0.0, 0.0, 0.0, 0.0, 0.0, 0.0, 0.0, 0.0, 0.0, 0.0, 0.0, 0.0, 0.0, 0.0, 0.0, 0.0, 0.0, 0.0, 0.0, 0.0, 0.0, 0.0, 0.0, 0.0, 0.0, 0.0, 0.0, 0.0, 0.0, 0.0], "fail": [3, 1, 2, 2, 3, 2, 2, 4, 4, 3, 2, 0, 0, 7, 1, 1, 2, 6, 4, 0, 3, 4, 3, 3, 0, 1, 3, 2, 0, 2, 0, 1, 2, 1, 0, 3, 0, 3, 2, 1, 2, 0, 1, 0, 3, 0, 3, 2, 2, 3, 0, 4, 2, 3, 1], "recv_per_veh": [20.0, 53.0, 17.0, 47.0, 20.0, 17.0, 45.0, 45.0, 32.0, 28.0, 27.0, 37.0, 57.0, 34.0, 27.0, 31.0, 27.0, 39.0, 17.0, 35.0, 34.0, 33.0, 27.0, 23.0, 67.0, 41.0, 18.0, 40.0, 16.0, 48.0, 38.0, 17.0, 23.0, 23.0, 40.0, 10.0, 5.0, 34.0, 13.0, 34.0, 39.0, 46.0, 24.0, 17.0, 27.0, 20.0, 28.0, 29.0, 36.0, 22.0, 48.0, 43.0, 52.0, 51.0, 29.0, 34.0, 25.0, 42.0, 47.0, 31.0], "first_recv": {"1_0": 0, "6_0": 0, "8_0": 0, "13_0": 0, "17_1": 0, "17_0": 0, "18_1": 0, "19_0": 0, "21_1": 0, "22_1": 0, "23_1": 0, "24_0": 0, "24_1": 0, "25_1": 0, "26_1": 0, "27_1": 0, "32_0": 0, "34_0": 0, "38_1": 0, "41_0": 0, "41_1": 0, "44_1": 0, "47_1": 0, "50_1": 0, "50_0": 0, "51_1": 0, "52_0": 0, "52_2": 0, "53_0": 0, "54_0": 0, "55_0": 0, "57_2": 0, "59_0": 0, "6_1": 1, "11_0": 1, "16_1": 1, "22_2": 1, "28_0": 1, "30_1": 1, "54_1": 1, "56_0": 1, "56_1": 1, "0_0": 2, "1_1": 2, "2_2": 2, "3_0": 2, "7_0": 2, "12_0": 2, "14_0": 2, "43_2": 2, "44_0": 2, "49_0": 2, "57_1": 2, "58_1": 2, "48_0": 3, "4_1": 4, "29_1": 4, "30_0": 4, "43_1": 4, "46_1": 4, "51_0": 4, "5_1": 5, "7_2": 5, "15_0": 5, "18_0": 5, "21_2": 5, "36_0": 5, "55_1": 5, "3_1": 6, "9_0": 7, "9_1": 7, "14_1": 7, "29_0": 7, "37_0": 7, "42_0": 7, "46_0": 7, "58_0": 7, "13_1": 8, "20_0": 8, "33_0": 8, "35_0": 8, "40_1": 8, "10_0": 9, "45_2": 9, "27_0": 10, "15_1": 11, "48_2": 11, "11_2": 13, "32_1": 13, "31_0": 14, "12_1": 15, "39_1": 15, "12_2": 16, "39_2": 18, "19_1": 20, "8_1": 22, "0_2": 24, "40_2": 24, "10_2": 27, "16_2": 27, "48_1": 27, "46_2": 31, "9_2": 32, "33_1": 32, "37_1": 32, "34_1": 36, "20_2": 39, "50_2": 42, "53_1": 44, "31_1": 50}, "y_queue": [], "z_queue": [], "acc_per_veh": [0.6780000329017639, 0.7720000147819519, 0.6290000081062317, 0.6710000038146973, 0.593000054359436, 0.4140000343322754, 0.4220000207424164, 0.6890000104904175, 0.4710000157356262, 0.6770000457763672, 0.6740000247955322, 0.6070000529289246, 0.6060000061988831, 0.4190000295639038, 0.6390000581741333, 0.7120000123977661, 0.6860000491142273, 0.6580000519752502, 0.3570000231266022, 0.5350000262260437, 0.6710000038146973, 0.6850000619888306, 0.6470000147819519, 0.4190000295639038, 0.687000036239624, 0.4820000231266022, 0.39500001072883606, 0.687000036239624, 0.4230000078678131, 0.5870000123977661, 0.7780000567436218, 0.675000011920929, 0.5, 0.7080000042915344, 0.6720000505447388, 0.44600000977516174, 0.4820000231266022, 0.7890000343322754, 0.3230000138282776, 0.6830000281333923, 0.7150000333786011, 0.6430000066757202, 0.44600000977516174, 0.7600000500679016, 0.35500001907348633, 0.39000001549720764, 0.6740000247955322, 0.4020000100135803, 0.6700000166893005, 0.4650000333786011, 0.6730000376701355, 0.3700000047683716, 0.6420000195503235, 0.4910000264644623, 0.5940000414848328, 0.781000018119812, 0.6740000247955322, 0.6950000524520874, 0.4150000214576721, 0.5090000033378601], "veh_meta": [{"mods": [0, 2], "D": {"0": 79, "2": 116}, "Q": {"0": 0.8408904499463035, "2": 0.8054775186395853}}, {"mods": [0, 1, 2], "D": {"0": 71, "1": 97, "2": 86}, "Q": {"0": 0.8631031262012127, "1": 0.9669251343794746, "2": 0.47504329448349025}}, {"mods": [2], "D": {"2": 75}, "Q": {"2": 0.3363326015759046}}, {"mods": [0, 1, 2], "D": {"0": 71, "1": 33, "2": 78}, "Q": {"0": 0.4107689217746535, "1": 0.9029778224116617, "2": 0.9173110081003986}}, {"mods": [1, 2], "D": {"1": 38, "2": 114}, "Q": {"1": 0.9501884868054674, "2": 0.3309783675295078}}, {"mods": [1], "D": {"1": 60}, "Q": {"1": 0.9156779228774263}}, {"mods": [0, 1], "D": {"0": 20, "1": 93}, "Q": {"0": 0.9381793835033848, "1": 0.8344681016690657}}, {"mods": [0, 2], "D": {"0": 81, "2": 53}, "Q": {"0": 0.3337551037033418, "2": 0.9939191496639349}}, {"mods": [0, 1], "D": {"0": 117, "1": 53}, "Q": {"0": 0.2633655635634285, "1": 0.31771280158235643}}, {"mods": [0, 1, 2], "D": {"0": 35, "1": 122, "2": 124}, "Q": {"0": 0.2555728606532229, "1": 0.39590353328110955, "2": 0.9137702874172963}}, {"mods": [0, 2], "D": {"0": 84, "2": 49}, "Q": {"0": 0.49142636912300364, "2": 0.4418382642639821}}, {"mods": [0, 2], "D": {"0": 41, "2": 89},