{"cfg": {"method": "DFL-Gossip", "trace": "/home/wnlab/CK_infoProject/infocomsim/results/traces/trace_low_n60_s1.npz", "seed": 3, "rounds": 55, "r_v2v": 100.0, "cache_encoders": 4, "max_out": 1, "V": 50.0, "use_gat": true, "dataset": "har", "phi_agg": 0.15, "local_steps": 3}, "hist": {"acc": [0.16315000789860884, 0.24251667770246665, 0.33938334956765176, 0.4398666873574257, 0.49570002059141793, 0.5307166929046313, 0.5533500249187152, 0.5715000276764234, 0.5733500272035599, 0.5903833617766698, 0.595883360505104, 0.5946500256657601], "acc_round": [1, 5, 10, 15, 20, 25, 30, 35, 40, 45, 50, 55], "recv": [36, 34, 37, 34, 30, 35, 29, 42, 42, 32, 35, 43, 37, 29, 26, 35, 34, 38, 41, 37, 39, 37, 38, 38, 29, 35, 30, 31, 37, 40, 40, 38, 37, 31, 31, 32, 39, 33, 35, 37, 37, 41, 37, 37, 33, 35, 38, 40, 39, 37, 35, 37, 35, 35, 35], "succ": [36, 34, 37, 34, 30, 35, 29, 42, 42, 32, 35, 43, 37, 29, 26, 35, 34, 38, 41, 37, 39, 37, 38, 38, 29, 35, 30, 31, 37, 40, 40, 38, 37, 31, 31, 32, 39, 33, 35, 37, 37, 41, 37, 37, 33, 35, 38, 40, 39, 37, 35, 37, 35, 35, 35], "att": [37, 35, 39, 36, 33, 35, 32, 43, 47, 33, 35, 44, 39, 34, 28, 36, 36, 44, 44, 37, 42, 41, 40, 40, 29, 37, 32, 33, 37, 42, 42, 39, 37, 32, 31, 36, 39, 37, 39, 41, 41, 41, 38, 37, 36, 37, 39, 42, 39, 39, 37, 41, 37, 37, 36], "energy": [12.60377724306285, 11.878770366648462, 13.395008498797228, 10.417920025764976, 14.42027584431979, 12.220143825574045, 10.581652252030743, 18.338605973396252, 21.863292262687352, 11.556356406128254, 14.823189003437378, 19.146364633716477, 15.234852066386471, 14.33627360384987, 10.184096303685376, 14.43227630376234, 14.754736098434224, 16.88245993178603, 18.74970353931047, 14.410280307976189, 14.94092578486608, 12.867173892723576, 16.124321444865558, 15.41518577239784, 15.391323149928326, 14.722965605528316, 13.561810404454775, 13.458748621700243, 14.295163331006094, 20.39005841627578, 15.41346616737756, 13.7968456947477, 14.894700986570252, 11.184564458010346, 10.80217890015422, 16.88597559894837, 13.778816130413052, 18.0301733299909, 17.8451376217148, 15.920044068014901, 19.06238841581154, 16.697793751948897, 12.355039384969142, 11.200190871431724, 11.42224934517447, 10.340060230574519, 13.992431135486367, 14.383829218429804, 12.048185263627648, 12.649530900569815, 11.840498456636615, 13.579506632959102, 11.410485933194394, 14.136856751610948, 13.452338916587731], "coverage": [0.22794117647058823, 0.3014705882352941, 0.36764705882352944, 0.38235294117647056, 0.40441176470588236, 0.4411764705882353, 0.45588235294117646, 0.5, 0.5441176470588235, 0.5808823529411765, 0.6102941176470589, 0.6470588235294118, 0.6544117647058824, 0.6764705882352942, 0.7058823529411765, 0.7352941176470589, 0.7352941176470589, 0.7573529411764706, 0.7573529411764706, 0.7720588235294118, 0.8014705882352942, 0.8088235294117647, 0.8235294117647058, 0.8235294117647058, 0.8308823529411765, 0.8382352941176471, 0.8529411764705882, 0.8676470588235294, 0.875, 0.875, 0.875, 0.875, 0.875, 0.8823529411764706, 0.8970588235294118, 0.8970588235294118, 0.8970588235294118, 0.9044117647058824, 0.9044117647058824, 0.9117647058823529, 0.9117647058823529, 0.9264705882352942, 0.9264705882352942, 0.9338235294117647, 0.9411764705882353, 0.9411764705882353, 0.9411764705882353, 0.9411764705882353, 0.9411764705882353, 0.9485294117647058, 0.9485294117647058, 0.9485294117647058, 0.9485294117647058, 0.9485294117647058, 0.9485294117647058], "staleness": [0.0, 0.0, 0.0, 0.0, 0.0, 0.0, 0.0, 0.0, 0.0, 0.0, 0.0, 0.0, 0.0, 0.0, 0.0, 0.0, 0.0, 0.0, 0.0, 0.0, 0.0, 0.0, 0.0, 0.0, 0.0, 0.0, 0.0, 0.0, 0.0, 0.0, 0.0, 0.0, 0.0, 0.0, 0.0, 0.0, 0.0, 0.0, 0.0, 0.0, 0.0, 0.0, 0.0, 0.0, 0.0, 0.0, 0.0, 0.0, 0.0, 0.0, 0.0, 0.0, 0.0, 0.0, 0.0], "fail": [1, 1, 2, 2, 3, 0, 3, 1, 5, 1, 0, 1, 2, 5, 2, 1, 2, 6, 3, 0, 3, 4, 2, 2, 0, 2, 2, 2, 0, 2, 2, 1, 0, 1, 0, 4, 0, 4, 4, 4, 4, 0, 1, 0, 3, 2, 1, 2, 0, 2, 2, 4, 2, 2, 1], "recv_per_veh": [20.0, 34.0, 32.0, 48.0, 10.0, 18.0, 48.0, 43.0, 45.0, 25.0, 26.0, 36.0, 51.0, 39.0, 27.0, 22.0, 26.0, 55.0, 17.0, 29.0, 34.0, 30.0, 29.0, 26.0, 65.0, 41.0, 21.0, 37.0, 28.0, 50.0, 38.0, 17.0, 22.0, 24.0, 39.0, 26.0, 9.0, 24.0, 32.0, 26.0, 40.0, 45.0, 42.0, 22.0, 31.0, 27.0, 32.0, 29.0, 42.0, 8.0, 31.0, 42.0, 51.0, 38.0, 30.0, 38.0, 22.0, 48.0, 47.0, 30.0], "first_recv": {"1_0": 0, "6_0": 0, "8_1": 0, "8_2": 0, "13_1": 0, "14_1": 0, "17_0": 0, "18_0": 0, "21_0": 0, "22_0": 0, "23_0": 0, "24_0": 0, "25_0": 0, "26_2": 0, "27_0": 0, "34_1": 0, "34_2": 0, "38_0": 0, "41_2": 0, "44_2": 0, "47_2": 0, "49_1": 0, "50_2": 0, "51_0": 0, "52_0": 0, "53_0": 0, "54_2": 0, "55_1": 0, "57_2": 0, "57_0": 0, "59_0": 0, "11_0": 1, "16_0": 1, "22_1": 1, "28_2": 1, "30_1": 1, "42_0": 1, "47_1": 1, "54_0": 1, "56_1": 1, "56_2": 1, "0_0": 2, "2_0": 2, "3_0": 2, "7_0": 2, "12_0": 2, "24_2": 2, "43_0": 2, "44_0": 2, "58_0": 2, "22_2": 3, "48_0": 3, "29_0": 4, "30_0": 4, "46_0": 4, "5_1": 5, "15_2": 5, "17_2": 5, "23_2": 5, "36_0": 5, "3_1": 6, "14_0": 6, "5_0": 7, "14_2": 7, "19_2": 7, "29_1": 7, "35_2": 7, "37_0": 7, "3_2": 8, "13_0": 8, "20_0": 8, "33_0": 8, "38_2": 8, "40_2": 8, "4_1": 9, "24_1": 9, "42_2": 9, "45_2": 9, "50_0": 9, "0_1": 10, "7_2": 10, "10_1": 10, "27_1": 10, "2_1": 11, "35_0": 11, "38_1": 11, "45_1": 11, "48_1": 11, "36_2": 12, "11_1": 13, "32_0": 13, "53_2": 13, "2_2": 14, "9_0": 14, "31_0": 14, "31_1": 14, "21_2": 15, "39_0": 15, "40_0": 15, "55_2": 15, "0_2": 17, "12_2": 17, "23_1": 17, "20_1": 19, "39_1": 19, "16_2": 20, "30_2": 20, "46_1": 20, "51_1": 20, "51_2": 21, "6_1": 22, "6_2": 22, "9_1": 24, "57_1": 25, "17_1": 26, "18_2": 26, "16_1": 27, "48_2": 27, "25_2": 28, "52_1": 33, "1_1": 34, "27_2": 34, "33_2": 37, "43_1": 39, "25_1": 41, "46_2": 41, "21_1": 43, "32_1": 44, "9_2": 49}, "y_queue": [], "z_queue": [], "acc_per_veh": [0.6570000052452087, 0.42500001192092896, 0.6330000162124634, 0.7110000252723694, 0.3700000047683716, 0.35200002789497375, 0.7150000333786011, 0.531000018119812, 0.5640000104904175, 0.5070000290870667, 0.31200000643730164, 0.6220000386238098, 0.6050000190734863, 0.5900000333786011, 0.6620000600814819, 0.5520000457763672, 0.6740000247955322, 0.6640000343322754, 0.6640000343322754, 0.5630000233650208, 0.6780000329017639, 0.6080000400543213, 0.6510000228881836, 0.6190000176429749, 0.527999997138977, 0.6930000185966492, 0.5760000348091125, 0.7200000286102295, 0.6740000247955322, 0.406000018119812, 0.6640000343322754, 0.612000048160553, 0.45100003480911255, 0.64000004529953, 0.562000036239624, 0.7170000076293945, 0.7540000081062317, 0.4100000262260437, 0.6480000019073486, 0.3720000088214874, 0.6550000309944153, 0.5370000004768372, 0.6180000305175781, 0.5610000491142273, 0.6910000443458557, 0.6700000166893005, 0.6570000052452087, 0.5, 0.612000048160553, 0.4300000071525574, 0.718000054359436, 0.7900000214576721, 0.40700000524520874, 0.7300000190734863, 0.6490000486373901, 0.6160000562667847, 0.656000018119812, 0.6390000581741333, 0.7630000114440918, 0.4240000247955322], "veh_meta": [{"mods": [0, 1, 2], "D": {"0": 84, "1": 63, "2": 102}, "Q": {"0": 0.8518504893814931, "1": 0.8567050163542638, "2": 0.888090743534148}}, {"mods": [0, 1], "D": {"0": 85, "1": 73}, "Q": {"0": 0.8450109009679664, "1": 0.8937880497398338}}, {"mods": [0, 1, 2], "D": {"0": 61, "1": 50, "2": 111}, "Q": {"0": 0.9382185843711529, "1": 0.8747200248297857, "2": 0.8679697327913636}}, {"mods": [0, 1, 2], "D": {"0": 74, "1": 65, "2": 122}, "Q": {"0": 0.9082039346719543, "1": 0.8527773341905027, "2": 0.9678386115599942}}, {"mods": [1], "D": {"1": 56}, "Q": {"1": 0.9105689146300892}}, {"mods": [0, 1], "D": {"0": 51, "1": 20}, "Q": {"0": 0.5177179562761278, "1": 0.8286664634942643}}, {"mods": [0, 1, 2], "D": {"0": 55, "1": 72, "2": 56}, "Q": {"0": 0.4575932535618529, "1": 0.8681376968920319, "2": 0.5092359008231931}}, {"mods": [0, 2], "D": {"0": 79, "2": 47}, "Q": {"0": 0.8307480417142287, "2": 0.9597928638441608}}, {"mods": [1, 2], "D": {"1": 102, "2": 29}, "Q": {"1": 0.314784841305933, "2": 0.9696607794158992}}, {"mods": [0, 1, 2],