{"cfg": {"method": "DFL-Gossip", "trace": "/home/wnlab/CK_infoProject/infocomsim/results/traces/trace_low_n60_s1.npz", "seed": 2, "rounds": 55, "r_v2v": 100.0, "cache_encoders": 4, "max_out": 1, "V": 50.0, "use_gat": true, "dataset": "har", "phi_agg": 0.15, "local_steps": 3}, "hist": {"acc": [0.18055000777045885, 0.22215000987052919, 0.3163166806101799, 0.42521668622891107, 0.4914166897535324, 0.5106166948874792, 0.5335833594202996, 0.5504666909575462, 0.5509000271558762, 0.5651833593845368, 0.5638500268260638, 0.5680000320076942], "acc_round": [1, 5, 10, 15, 20, 25, 30, 35, 40, 45, 50, 55], "recv": [34, 36, 35, 31, 28, 31, 26, 39, 40, 30, 29, 38, 35, 27, 24, 33, 33, 30, 34, 33, 36, 34, 39, 36, 27, 34, 29, 30, 33, 38, 41, 36, 35, 27, 29, 34, 39, 32, 37, 37, 41, 41, 37, 37, 34, 33, 36, 38, 35, 33, 37, 38, 35, 35, 35], "succ": [34, 36, 35, 31, 28, 31, 26, 39, 40, 30, 29, 38, 35, 27, 24, 33, 33, 30, 34, 33, 36, 34, 39, 36, 27, 34, 29, 30, 33, 38, 41, 36, 35, 27, 29, 34, 39, 32, 37, 37, 41, 41, 37, 37, 34, 33, 36, 38, 35, 33, 37, 38, 35, 35, 35], "att": [37, 37, 37, 33, 31, 31, 26, 43, 43, 33, 31, 40, 35, 32, 25, 34, 36, 37, 38, 33, 39, 37, 42, 39, 29, 35, 30, 32, 34, 40, 43, 39, 36, 28, 29, 36, 39, 38, 40, 41, 43, 41, 38, 37, 37, 36, 39, 40, 38, 37, 37, 41, 35, 37, 36], "energy": [13.182806573006438, 13.17008475808847, 13.618105109103478, 10.358686441626979, 13.79325503806793, 11.73130463711503, 10.130229414021118, 19.504443853384267, 22.509250013083122, 13.71396825337916, 14.846865793224211, 20.23044196630657, 16.75942212175304, 14.68017273997783, 9.743747722151921, 14.290126002559797, 14.371203724763028, 14.198510690480177, 15.431424157288365, 12.464562054790656, 14.768347065077046, 11.373165276670097, 17.147026485934813, 14.263427676461694, 13.284151350754232, 13.159105981300026, 14.262906611254195, 14.864129456322997, 14.620065539894847, 19.3942783062493, 16.613634435202577, 15.049513524397081, 13.274944409746592, 8.329582558582063, 8.709130149622256, 16.324520249251517, 15.166255649227914, 18.989511993122584, 17.43039211206434, 15.63470341409179, 19.62194352678437, 15.69719099494001, 11.7165091102984, 10.851915207603561, 12.600832612522796, 10.812989995929042, 13.878216258797721, 13.602398698358202, 13.107660001458035, 13.424504978132273, 10.438932742311277, 13.18107865739509, 11.435303460058895, 13.532324345154969, 13.207007166253582], "coverage": [0.22388059701492538, 0.30597014925373134, 0.39552238805970147, 0.417910447761194, 0.4552238805970149, 0.4925373134328358, 0.5, 0.5522388059701493, 0.5970149253731343, 0.6119402985074627, 0.6119402985074627, 0.6268656716417911, 0.6268656716417911, 0.6492537313432836, 0.664179104477612, 0.6865671641791045, 0.7164179104477612, 0.7238805970149254, 0.746268656716418, 0.753731343283582, 0.7686567164179104, 0.7761194029850746, 0.7761194029850746, 0.7761194029850746, 0.7761194029850746, 0.7835820895522388, 0.7835820895522388, 0.7835820895522388, 0.7910447761194029, 0.8059701492537313, 0.8134328358208955, 0.8134328358208955, 0.8134328358208955, 0.8134328358208955, 0.8134328358208955, 0.8208955223880597, 0.8208955223880597, 0.8208955223880597, 0.8208955223880597, 0.8208955223880597, 0.8283582089552238, 0.8283582089552238, 0.8283582089552238, 0.8283582089552238, 0.835820895522388, 0.8432835820895522, 0.8507462686567164, 0.8507462686567164, 0.8507462686567164, 0.8507462686567164, 0.8507462686567164, 0.8507462686567164, 0.8507462686567164, 0.8507462686567164, 0.8507462686567164], "staleness": [0.0, 0.0, 0.0, 0.0, 0.0, 0.0, 0.0, 0.0, 0.0, 0.0, 0.0, 0.0, 0.0, 0.0, 0.0, 0.0, 0.0, 0.0, 0.0, 0.0, 0.0, 0.0, 0.0, 0.0, 0.0, 0.0, 0.0, 0.0, 0.0, 0.0, 0.0, 0.0, 0.0, 0.0, 0.0, 0.0, 0.0, 0.0, 0.0, 0.0, 0.0, 0.0, 0.0, 0.0, 0.0, 0.0, 0.0, 0.0, 0.0, 0.0, 0.0, 0.0, 0.0, 0.0, 0.0], "fail": [3, 1, 2, 2, 3, 0, 0, 4, 3, 3, 2, 2, 0, 5, 1, 1, 3, 7, 4, 0, 3, 3, 3, 3, 2, 1, 1, 2, 1, 2, 2, 3, 1, 1, 0, 2, 0, 6, 3, 4, 2, 0, 1, 0, 3, 3, 3, 2, 3, 4, 0, 3, 0, 2, 1], "recv_per_veh": [25.0, 58.0, 30.0, 25.0, 24.0, 23.0, 47.0, 45.0, 33.0, 23.0, 25.0, 35.0, 61.0, 32.0, 26.0, 31.0, 21.0, 22.0, 17.0, 37.0, 29.0, 21.0, 29.0, 23.0, 51.0, 15.0, 18.0, 35.0, 30.0, 42.0, 40.0, 19.0, 26.0, 17.0, 32.0, 24.0, 11.0, 40.0, 32.0, 28.0, 44.0, 36.0, 42.0, 17.0, 26.0, 25.0, 30.0, 29.0, 39.0, 11.0, 47.0, 28.0, 51.0, 39.0, 15.0, 38.0, 25.0, 50.0, 48.0, 32.0], "first_recv": {"0_1": 0, "0_0": 0, "1_0": 0, "6_2": 0, "8_0": 0, "13_0": 0, "17_2": 0, "18_1": 0, "19_0": 0, "21_1": 0, "22_0": 0, "23_0": 0, "24_0": 0, "24_1": 0, "26_1": 0, "27_0": 0, "32_0": 0, "34_1": 0, "38_0": 0, "41_1": 0, "47_1": 0, "50_0": 0, "52_1": 0, "53_2": 0, "54_0": 0, "55_0": 0, "56_1": 0, "57_1": 0, "59_2": 0, "59_0": 0, "6_0": 1, "11_0": 1, "16_1": 1, "25_0": 1, "28_1": 1, "30_0": 1, "47_0": 1, "51_1": 1, "53_1": 1, "56_2": 1, "59_1": 1, "1_1": 2, "2_1": 2, "3_0": 2, "7_0": 2, "12_0": 2, "14_0": 2, "26_2": 2, "42_0": 2, "43_1": 2, "44_0": 2, "49_0": 2, "58_0": 2, "22_1": 3, "48_0": 3, "57_0": 3, "4_0": 4, "12_1": 4, "23_2": 4, "29_2": 4, "46_1": 4, "5_0": 5, "7_1": 5, "15_2": 5, "18_0": 5, "36_1": 5, "11_2": 6, "29_1": 7, "31_0": 7, "31_1": 7, "37_0": 7, "42_1": 7, "46_2": 7, "58_1": 7, "20_0": 8, "33_1": 8, "35_0": 8, "37_1": 8, "38_1": 8, "40_1": 8, "10_0": 9, "45_0": 9, "15_0": 11, "40_0": 11, "8_2": 13, "43_0": 13, "50_1": 13, "2_2": 14, "9_1": 14, "4_1": 15, "39_0": 15, "55_1": 15, "19_1": 16, "27_1": 16, "32_1": 16, "57_2": 16, "35_1": 17, "5_1": 18, "12_2": 18, "39_1": 18, "48_1": 19, "20_1": 20, "30_1": 20, "36_0": 21, "5_2": 25, "28_2": 28, "14_2": 29, "52_2": 29, "33_2": 30, "13_1": 35, "40_2": 40, "45_1": 44, "1_2": 45, "34_2": 46}, "y_queue": [], "z_queue": [], "acc_per_veh": [0.6320000290870667, 0.5400000214576721, 0.6470000147819519, 0.4650000333786011, 0.4520000219345093, 0.7190000414848328, 0.6310000419616699, 0.43400001525878906, 0.5860000252723694, 0.4930000305175781, 0.4650000333786011, 0.8210000395774841, 0.4690000116825104, 0.4650000333786011, 0.7100000381469727, 0.7450000643730164, 0.3540000021457672, 0.706000030040741, 0.7400000095367432, 0.7590000629425049, 0.39000001549720764, 0.31200000643730164, 0.7140000462532043, 0.6550000309944153, 0.36100003123283386, 0.40800002217292786, 0.6460000276565552, 0.4960000216960907, 0.48600003123283386, 0.659000039100647, 0.5250000357627869, 0.6200000047683716, 0.6850000619888306, 0.5750000476837158, 0.4230000078678131, 0.4780000150203705, 0.6720000505447388, 0.578000009059906, 0.7740000486373901, 0.4440000355243683, 0.6390000581741333, 0.4190000295639038, 0.3840000033378601, 0.44600000977516174, 0.4910000264644623, 0.796000063419342, 0.6070000529289246, 0.6350000500679016, 0.51500004529953, 0.47200003266334534, 0.5220000147819519, 0.6760000586509705, 0.5520000457763672, 0.6820000410079956, 0.484000027179718, 0.4970000088214874, 0.6180000305175781, 0.7100000381469727, 0.6580000519752502, 0.5430000424385071], "veh_meta": [{"mods": [0, 1, 2], "D": {"0": 90, "1": 20, "2": 47}, "Q": {"0": 0.9707950585278977, "1": 0.9693122970714936, "2": 0.40157382703651123}}, {"mods": [0, 1, 2], "D": {"0": 116, "1": 111, "2": 27}, "Q": {"0": 0.9160008357755614, "1": 0.4602257039821469, "2": 0.9000016722340434}}, {"mods": [1, 2], "D": {"1": 117, "2": 67}, "Q": {"1": 0.8812550086095902, "2": 0.324153171699206}}, {"mods": [0], "D": {"0": 52}, "Q": {"0": 0.4072200625901093}}, {"mods": [0, 1], "D": {"0": 92, "1": 56}, "Q": {"0": 0.44866060578049777, "1": 0.8994147597469025}}, {"mods": [0, 1, 2], "D": {"0": 89, "1": 89, "2": 98}, "Q": {"0": 0.8267908416343382, "1": 0.9497555756553709, "2": 0.9086690461167806}}, {"mods": [0, 2], "D": {"0": 88, "2": 49}, "Q": {"0": 0.42737720579606375, "2": 0.9095815560180753}}, {"mods": [0, 1, 2], "D": {"0": 116, "1": 112, "2": 57}, "Q": {"0": 0.4429934281744706, "1": 0.5110437680107005, "2": 0.47252651166503473}}, {"mods": [0, 2], "D": {"0": 105, "2": 112}, "Q": {"0": 0.36854522754025115, "2": 0.839605422363234}}, {"mods": [1, 2], "D": {"1": 118, "2": 111}, "Q": {"1": 0.8084858383765092, "2": 0.385068153885212}}, {"mods": [0],