{"cfg": {"method": "Mobility-Greedy", "trace": "/home/wnlab/CK_infoProject/infocomsim/results/traces/trace_low_n60_s1.npz", "seed": 2, "rounds": 55, "r_v2v": 100.0, "cache_encoders": 4, "max_out": 1, "V": 50.0, "use_gat": true, "dataset": "har", "phi_agg": 0.15, "local_steps": 3}, "hist": {"acc": [0.17721667488416035, 0.22068334283928076, 0.3288833491504192, 0.43961668958266575, 0.4917166903614998, 0.5354500244061152, 0.5517833625276883, 0.5770333627859752, 0.5872500290473303, 0.6100833609700202, 0.596316696703434, 0.6029000267386436], "acc_round": [1, 5, 10, 15, 20, 25, 30, 35, 40, 45, 50, 55], "recv": [34, 36, 35, 31, 30, 31, 26, 42, 39, 30, 31, 40, 35, 28, 24, 33, 35, 35, 38, 33, 36, 34, 38, 37, 28, 35, 29, 30, 33, 38, 40, 38, 34, 27, 29, 36, 39, 34, 40, 38, 41, 41, 37, 37, 34, 33, 39, 38, 37, 33, 37, 38, 35, 35, 35], "succ": [34, 36, 35, 31, 30, 31, 26, 42, 39, 30, 31, 40, 35, 28, 24, 33, 35, 35, 38, 33, 36, 34, 38, 37, 28, 35, 29, 30, 33, 38, 40, 38, 34, 27, 29, 36, 39, 34, 40, 38, 41, 41, 37, 37, 34, 33, 39, 38, 37, 33, 37, 38, 35, 35, 35], "att": [34, 36, 35, 31, 30, 31, 26, 42, 39, 30, 31, 40, 35, 28, 24, 33, 35, 35, 38, 33, 38, 34, 38, 37, 29, 35, 29, 30, 33, 38, 40, 38, 36, 27, 29, 36, 39, 34, 40, 38, 41, 41, 37, 37, 34, 33, 39, 38, 38, 33, 37, 38, 35, 35, 35], "energy": [10.2896528177393, 11.386015528800858, 11.31485603943016, 7.874031600412877, 11.02922252564052, 11.08930360182697, 8.411015359331307, 16.9560030298108, 16.95982323323191, 10.693300276960006, 11.9231138997644, 15.031306733591846, 12.367632136312773, 12.25955354276095, 7.155926343972955, 13.297909641654432, 15.61212510616053, 9.471401478402466, 11.811387541138346, 11.040382257157066, 13.287477443164185, 7.872997236087934, 13.656313288001105, 13.383169081952204, 12.003838055643445, 12.593077336677663, 12.142668985699741, 13.684184242683163, 13.04283530082595, 16.091855038957117, 14.38692400513288, 12.89992424485491, 11.121749495609846, 6.392387818859773, 8.159103916115184, 13.654768914495229, 16.27456163968932, 13.316843210898163, 15.342135801991992, 11.726850279396762, 15.529551099290147, 13.672660597478625, 10.947175098362873, 9.29365344636471, 12.42994428040898, 8.721172322110917, 12.199122656540213, 14.628510626893068, 14.72762811467675, 11.783236529997124, 11.661209003374887, 10.719985232307753, 11.345512237044233, 12.720618051904328, 11.583378086128114], "coverage": [0.19402985074626866, 0.2537313432835821, 0.31343283582089554, 0.3358208955223881, 0.373134328358209, 0.417910447761194, 0.4253731343283582, 0.5074626865671642, 0.5895522388059702, 0.6268656716417911, 0.6417910447761194, 0.6567164179104478, 0.664179104477612, 0.6791044776119403, 0.6865671641791045, 0.6940298507462687, 0.7014925373134329, 0.7238805970149254, 0.7388059701492538, 0.746268656716418, 0.7686567164179104, 0.7686567164179104, 0.7835820895522388, 0.7910447761194029, 0.7910447761194029, 0.7910447761194029, 0.7985074626865671, 0.7985074626865671, 0.8059701492537313, 0.8134328358208955, 0.8208955223880597, 0.835820895522388, 0.835820895522388, 0.8432835820895522, 0.8432835820895522, 0.8432835820895522, 0.8432835820895522, 0.8507462686567164, 0.8656716417910447, 0.8656716417910447, 0.8656716417910447, 0.8731343283582089, 0.8731343283582089, 0.8731343283582089, 0.8731343283582089, 0.8805970149253731, 0.8805970149253731, 0.8805970149253731, 0.8805970149253731, 0.8805970149253731, 0.8805970149253731, 0.8805970149253731, 0.8805970149253731, 0.8805970149253731, 0.8805970149253731], "staleness": [0.0, 0.16666666666666666, 0.45714285714285713, 0.6774193548387096, 0.36666666666666664, 0.2903225806451613, 0.6538461538461539, 0.3333333333333333, 0.38461538461538464, 0.43333333333333335, 0.3870967741935484, 0.45, 0.5142857142857142, 0.4642857142857143, 0.6666666666666666, 1.0, 0.6857142857142857, 1.3714285714285714, 0.3157894736842105, 0.5757575757575758, 0.5833333333333334, 0.5, 0.3157894736842105, 0.43243243243243246, 0.5714285714285714, 0.42857142857142855, 0.9310344827586207, 0.6666666666666666, 0.5454545454545454, 0.7368421052631579, 0.525, 0.631578947368421, 0.8823529411764706, 1.0740740740740742, 0.7931034482758621, 0.7222222222222222, 0.717948717948718, 0.7647058823529411, 1.325, 1.263157894736842, 0.9512195121951219, 0.7804878048780488, 1.0, 0.5945945945945946, 0.5588235294117647, 0.24242424242424243, 0.46153846153846156, 0.2631578947368421, 0.35135135135135137, 0.45454545454545453, 0.43243243243243246, 0.6842105263157895, 0.5428571428571428, 0.6857142857142857, 0.6285714285714286], "fail": [0, 0, 0, 0, 0, 0, 0, 0, 0, 0, 0, 0, 0, 0, 0, 0, 0, 0, 0, 0, 2, 0, 0, 0, 1, 0, 0, 0, 0, 0, 0, 0, 2, 0, 0, 0, 0, 0, 0, 0, 0, 0, 0, 0, 0, 0, 0, 0, 1, 0, 0, 0, 0, 0, 0], "recv_per_veh": [38.0, 72.0, 23.0, 31.0, 41.0, 15.0, 48.0, 46.0, 20.0, 12.0, 45.0, 33.0, 39.0, 32.0, 15.0, 13.0, 67.0, 26.0, 37.0, 38.0, 20.0, 36.0, 19.0, 37.0, 57.0, 28.0, 19.0, 21.0, 11.0, 21.0, 47.0, 22.0, 21.0, 14.0, 59.0, 26.0, 12.0, 41.0, 27.0, 30.0, 28.0, 45.0, 27.0, 14.0, 39.0, 26.0, 39.0, 26.0, 62.0, 19.0, 22.0, 19.0, 43.0, 23.0, 14.0, 35.0, 27.0, 30.0, 36.0, 24.0], "first_recv": {"0_1": 0, "4_1": 0, "6_2": 0, "13_0": 0, "16_1": 0, "17_2": 0, "18_1": 0, "19_1": 0, "21_1": 0, "22_1": 0, "23_2": 0, "24_1": 0, "25_0": 0, "27_0": 0, "28_2": 0, "30_0": 0, "32_2": 0, "34_2": 0, "38_0": 0, "41_1": 0, "47_1": 0, "50_1": 0, "52_2": 0, "54_0": 0, "55_0": 0, "56_2": 0, "4_0": 1, "10_0": 1, "11_0": 1, "26_2": 1, "44_0": 1, "51_1": 1, "52_1": 1, "59_2": 1, "2_1": 2, "3_0": 2, "7_0": 2, "12_2": 2, "14_0": 2, "43_1": 2, "49_0": 2, "58_1": 2, "8_0": 3, "11_2": 3, "48_0": 3, "12_0": 4, "29_2": 4, "30_2": 4, "46_1": 4, "48_2": 4, "7_1": 5, "15_2": 5, "36_1": 5, "42_1": 5, "53_2": 5, "57_0": 5, "22_0": 6, "5_1": 7, "7_2": 7, "8_2": 7, "9_1": 7, "29_1": 7, "31_0": 7, "31_1": 7, "35_2": 7, "37_2": 7, "39_1": 7, "46_2": 7, "2_2": 8, "5_0": 8, "19_0": 8, "19_2": 8, "20_1": 8, "24_0": 8, "33_1": 8, "38_2": 8, "40_1": 8, "53_1": 8, "57_2": 8, "1_2": 9, "20_0": 9, "42_0": 9, "45_2": 9, "59_0": 9, "13_1": 10, "14_2": 10, "37_1": 11, "40_0": 11, "0_2": 12, "23_0": 13, "43_0": 13, "32_0": 14, "37_0": 15, "1_1": 16, "31_2": 17, "48_1": 17, "51_2": 17, "36_2": 18, "47_2": 18, "34_1": 19, "1_0": 20, "28_1": 20, "47_0": 20, "6_0": 22, "58_0": 22, "35_1": 23, "9_2": 26, "39_0": 28, "15_1": 29, "15_0": 30, "22_2": 31, "59_1": 31, "32_1": 33, "40_2": 37, "5_2": 38, "45_0": 38, "27_1": 41, "55_1": 45}, "y_queue": [], "z_queue": [], "acc_per_veh": [0.6330000162124634, 0.703000009059906, 0.6610000133514404, 0.49800002574920654, 0.49400001764297485, 0.7480000257492065, 0.7770000100135803, 0.6600000262260437, 0.6490000486373901, 0.5200000405311584, 0.4820000231266022, 0.7590000629425049, 0.5660000443458557, 0.3850000202655792, 0.7190000414848328, 0.7450000643730164, 0.33000001311302185, 0.6800000071525574, 0.7780000567436218, 0.7760000228881836, 0.4650000333786011, 0.3750000298023224, 0.734000027179718, 0.6500000357627869, 0.49400001764297485, 0.4880000352859497, 0.5649999976158142, 0.5210000276565552, 0.6140000224113464, 0.706000030040741, 0.6330000162124634, 0.7740000486373901, 0.7170000076293945, 0.6600000262260437, 0.5950000286102295, 0.5170000195503235, 0.7140000462532043, 0.659000039100647, 0.6370000243186951, 0.41100001335144043, 0.5440000295639038, 0.32600000500679016, 0.5290000438690186, 0.3540000021457672, 0.5180000066757202, 0.6500000357627869, 0.628000020980835, 0.6610000133514404, 0.7080000042915344, 0.45100003480911255, 0.6180000305175781, 0.6670000553131104, 0.6920000314712524, 0.6610000133514404, 0.49800002574920654, 0.4540000259876251, 0.6910000443458557, 0.628000020980835, 0.6360000371932983, 0.7680000066757202], "veh_meta": [{"mods": [0, 1, 2], "D": {"0": 90, "1": 20, "2": 47}, "Q": {"0": 0.9707950585278977, "1": 0.9693122970714936, "2": 0.40157382703651123}}, {"mods": [0, 1, 2], "D": {"0": 116, "1": 111, "2": 27}, "Q": {"0": 0.9160008357755614, "1": 0.4602257039821469, "2": 0.9000016722340434}}, {"mods": [1, 2], "D": {"1": 117, "2": 67},