{"cfg": {"method": "RECD", "trace": "/home/wnlab/CK_infoProject/infocomsim/results/traces/trace_low_n60_s1.npz", "seed": 3, "rounds": 55, "r_v2v": 100.0, "cache_encoders": 4, "max_out": 1, "V": 50.0, "use_gat": true, "dataset": "har", "phi_agg": 0.15, "local_steps": 3}, "hist": {"acc": [0.17050000752011935, 0.21966667647163074, 0.3282500150303046, 0.45548335686326025, 0.5105833585063616, 0.5387500246365865, 0.5742833619316419, 0.581850025554498, 0.5947666943073273, 0.5973833620548248, 0.602766693631808, 0.6151833628614743], "acc_round": [1, 5, 10, 15, 20, 25, 30, 35, 40, 45, 50, 55], "recv": [28, 32, 34, 36, 26, 29, 27, 38, 28, 28, 30, 37, 36, 17, 25, 35, 30, 31, 35, 29, 35, 38, 31, 34, 31, 30, 27, 28, 30, 32, 40, 35, 35, 30, 31, 33, 34, 27, 31, 38, 34, 33, 37, 34, 30, 34, 35, 38, 35, 36, 33, 32, 32, 32, 34], "succ": [28, 32, 34, 36, 26, 29, 27, 38, 28, 28, 30, 37, 36, 17, 25, 35, 30, 31, 35, 29, 35, 38, 31, 34, 31, 30, 27, 28, 30, 32, 40, 35, 35, 30, 31, 33, 34, 27, 31, 38, 34, 33, 37, 34, 30, 34, 35, 38, 35, 36, 33, 32, 32, 32, 34], "att": [29, 33, 34, 36, 28, 29, 28, 38, 30, 28, 30, 37, 37, 19, 25, 35, 30, 31, 36, 30, 35, 39, 33, 36, 31, 30, 27, 28, 30, 32, 40, 37, 35, 30, 31, 33, 34, 29, 31, 38, 34, 33, 38, 34, 30, 34, 35, 38, 36, 37, 33, 32, 32, 32, 34], "energy": [6.0093023633878175, 8.274319159517603, 6.917057153738403, 7.600489989880371, 7.330627366283937, 8.342736352053665, 8.16105095258821, 10.943383815385268, 9.275520938111013, 6.559938622891037, 8.322822078558179, 10.544910025153143, 9.93374440796331, 5.129397909718517, 6.317786436401338, 10.010972437994095, 9.016447349049745, 8.152069685804056, 10.942478084041584, 9.244845273369354, 8.790733998750826, 9.467221986429934, 8.70144312808563, 10.33199132345348, 11.632018547011947, 9.360091427333561, 7.514322910852638, 7.293851496814643, 6.852453400868409, 9.715827600291684, 10.926807907998695, 8.515935515000008, 10.584216029308191, 7.138150549156725, 9.803379649727656, 9.187173947590528, 9.786037560340688, 9.57535023076928, 9.35986298799975, 11.014310824349666, 11.060895388417244, 7.45803114306165, 10.088663533935884, 6.7934658252870435, 8.50572685454079, 8.948541405684807, 10.319426869457736, 13.97099125354515, 13.060318831575271, 9.045408762304204, 8.172150659778396, 7.175754870814243, 7.785939239836677, 8.196419000443482, 8.936971253136187], "coverage": [0.16911764705882354, 0.25735294117647056, 0.33088235294117646, 0.36764705882352944, 0.3897058823529412, 0.4117647058823529, 0.4338235294117647, 0.5, 0.5514705882352942, 0.5735294117647058, 0.5955882352941176, 0.6323529411764706, 0.6544117647058824, 0.6617647058823529, 0.7132352941176471, 0.7426470588235294, 0.75, 0.7573529411764706, 0.7794117647058824, 0.7867647058823529, 0.7941176470588235, 0.8088235294117647, 0.8161764705882353, 0.8455882352941176, 0.8529411764705882, 0.8602941176470589, 0.8602941176470589, 0.875, 0.8823529411764706, 0.8823529411764706, 0.8970588235294118, 0.8970588235294118, 0.9117647058823529, 0.9117647058823529, 0.9117647058823529, 0.9117647058823529, 0.9191176470588235, 0.9191176470588235, 0.9191176470588235, 0.9264705882352942, 0.9264705882352942, 0.9338235294117647, 0.9338235294117647, 0.9338235294117647, 0.9338235294117647, 0.9411764705882353, 0.9411764705882353, 0.9485294117647058, 0.9558823529411765, 0.9558823529411765, 0.9558823529411765, 0.9558823529411765, 0.9632352941176471, 0.9632352941176471, 0.9632352941176471], "staleness": [0.0, 0.09375, 0.3235294117647059, 0.5, 0.7307692307692307, 0.896551724137931, 1.2592592592592593, 0.7894736842105263, 0.10714285714285714, 0.8928571428571429, 1.2, 0.9459459459459459, 0.1388888888888889, 0.7058823529411765, 1.36, 0.9428571428571428, 0.6333333333333333, 0.8387096774193549, 0.6571428571428571, 0.6896551724137931, 1.457142857142857, 1.0789473684210527, 1.7419354838709677, 1.7941176470588236, 1.4838709677419355, 1.2666666666666666, 1.0, 0.7142857142857143, 1.3333333333333333, 1.3125, 0.5, 1.542857142857143, 0.5428571428571428, 1.5666666666666667, 0.6451612903225806, 0.9696969696969697, 0.6176470588235294, 1.1111111111111112, 0.6451612903225806, 0.7105263157894737, 0.2647058823529412, 0.3939393939393939, 0.6756756756756757, 0.7058823529411765, 1.3, 0.8529411764705882, 0.6285714285714286, 0.7105263157894737, 1.0285714285714285, 1.75, 1.121212121212121, 0.65625, 0.71875, 0.75, 0.6176470588235294], "fail": [1, 1, 0, 0, 2, 0, 1, 0, 2, 0, 0, 0, 1, 2, 0, 0, 0, 0, 1, 1, 0, 1, 2, 2, 0, 0, 0, 0, 0, 0, 0, 2, 0, 0, 0, 0, 0, 2, 0, 0, 0, 0, 1, 0, 0, 0, 0, 0, 1, 1, 0, 0, 0, 0, 0], "recv_per_veh": [16.0, 27.0, 13.0, 32.0, 28.0, 22.0, 35.0, 40.0, 42.0, 24.0, 18.0, 34.0, 52.0, 25.0, 18.0, 27.0, 16.0, 25.0, 18.0, 34.0, 27.0, 20.0, 35.0, 21.0, 25.0, 40.0, 21.0, 37.0, 28.0, 35.0, 28.0, 20.0, 14.0, 23.0, 44.0, 25.0, 11.0, 13.0, 20.0, 15.0, 38.0, 68.0, 26.0, 23.0, 27.0, 30.0, 28.0, 26.0, 22.0, 8.0, 13.0, 21.0, 15.0, 45.0, 31.0, 32.0, 24.0, 32.0, 42.0, 31.0], "first_recv": {"1_1": 0, "4_1": 0, "6_2": 0, "8_2": 0, "13_2": 0, "18_2": 0, "21_2": 0, "22_2": 0, "23_2": 0, "23_1": 0, "24_1": 0, "24_2": 0, "27_1": 0, "34_2": 0, "41_2": 0, "47_2": 0, "49_1": 0, "53_2": 0, "54_2": 0, "55_1": 0, "56_1": 0, "56_2": 0, "58_2": 0, "1_0": 1, "6_0": 1, "8_1": 1, "24_0": 1, "25_2": 1, "28_2": 1, "38_1": 1, "38_2": 1, "44_2": 1, "53_0": 1, "57_2": 1, "59_0": 1, "0_2": 2, "3_0": 2, "7_2": 2, "12_0": 2, "16_2": 2, "26_2": 2, "42_0": 2, "42_2": 2, "48_0": 2, "51_2": 2, "2_0": 3, "3_2": 3, "11_1": 3, "43_2": 3, "51_1": 3, "30_2": 4, "46_2": 4, "55_2": 4, "3_1": 5, "5_1": 5, "27_2": 5, "9_1": 6, "18_0": 6, "30_0": 6, "0_0": 7, "14_1": 7, "19_2": 7, "29_1": 7, "31_2": 7, "34_1": 7, "35_2": 7, "46_1": 7, "57_0": 7, "2_2": 8, "13_1": 8, "14_2": 8, "20_2": 8, "33_2": 8, "39_0": 8, "46_0": 8, "45_1": 9, "50_2": 9, "52_0": 9, "0_1": 10, "5_0": 10, "10_1": 10, "11_2": 11, "15_2": 11, "37_0": 11, "38_0": 11, "40_2": 11, "14_0": 12, "21_1": 12, "36_2": 12, "27_0": 13, "2_1": 14, "17_0": 14, "32_1": 14, "45_2": 14, "50_0": 14, "52_1": 14, "57_1": 14, "17_1": 15, "22_0": 15, "29_0": 15, "39_1": 15, "32_0": 16, "6_1": 17, "13_0": 18, "17_2": 18, "21_0": 18, "48_2": 19, "47_1": 20, "20_0": 21, "36_0": 21, "54_0": 22, "9_0": 23, "12_2": 23, "33_0": 23, "48_1": 23, "16_1": 24, "35_0": 25, "30_1": 27, "58_1": 27, "25_1": 28, "31_1": 30, "51_0": 30, "16_0": 32, "31_0": 32, "40_0": 36, "43_1": 39, "20_1": 41, "9_2": 45, "23_0": 47, "7_0": 48, "22_1": 52}, "y_queue": [0.09416666666666668, 0.17750000000000002, 0.24916666666666665, 0.3258333333333333, 0.4149999999999999, 0.48000000000000004, 0.5575, 0.5902777777777778, 0.623611111111111, 0.6794444444444443, 0.7172222222222222, 0.7527777777777778, 0.7808333333333333, 0.8547222222222222, 0.8769444444444444, 0.9052777777777774, 0.9555555555555553, 0.9863888888888886, 0.9969444444444442, 1.045833333333333, 1.0897222222222218, 1.1149999999999995, 1.1661111111111107, 1.1952777777777774, 1.233333333333333, 1.2827777777777774, 1.3180555555555553, 1.3486111111111108, 1.3699999999999997, 1.3899999999999997, 1.4069444444444439, 1.4280555555555554, 1.4436111111111105, 1.4616666666666662, 1.5177777777777774, 1.5461111111111108, 1.5766666666666664, 1.629722222222222, 1.6527777777777777, 1.6733333333333333, 1.7066666666666666, 1.742777777777778, 1.776111111111111, 1.8333333333333333, 1.895277777777778, 1.925277777777778, 1.950555555555556, 1.9625000000000004, 1.9822222222222226, 1.999444444444445, 2.018055555555556, 2.045833333333334, 2.0769444444444454, 2.103333333333334, 2.1163888888888898], "z_queue": [0.0, 0.0, 0.0, 0.0, 0.0, 0.0, 0.0, 0.0, 0.0, 0.0, 0.0, 0.0, 0.0, 0.0, 0.0, 0.0, 0.0, 0.0, 0.0, 0.0, 0.0, 0.0, 0.0, 0.0, 0.0, 0.0, 0.0, 0.0, 0.0, 0.0, 0.0, 0.0, 0.0, 0.0, 0.0, 0.0, 0.0, 0.0, 0.0, 0.0, 0.0, 0.0, 0.0, 0.0, 0.0, 0.0, 0.0, 0.0, 0.0, 0.0, 0.0, 0.0, 0.0, 0.0, 0.0],