{"cfg": {"method": "LRU-Random", "trace": "/home/wnlab/CK_infoProject/infocomsim/results/traces/trace_low_n60_s1.npz", "seed": 2, "rounds": 55, "r_v2v": 100.0, "cache_encoders": 4, "max_out": 1, "V": 50.0, "use_gat": true, "dataset": "har", "phi_agg": 0.15}, "hist": {"acc": [0.2424666777253151, 0.5019833534955979, 0.5909333576758703, 0.6038333609700203, 0.6079500297705333, 0.6150666986902554, 0.6209666947523753, 0.6100500270724296, 0.6179666966199875, 0.6175333629051845, 0.6180000285307566, 0.6185500308871269], "acc_round": [1, 5, 10, 15, 20, 25, 30, 35, 40, 45, 50, 55], "recv": [33, 34, 39, 36, 30, 34, 29, 41, 39, 35, 32, 42, 39, 28, 25, 34, 31, 40, 39, 37, 38, 37, 41, 40, 34, 39, 30, 29, 36, 40, 42, 42, 40, 30, 31, 35, 39, 35, 36, 39, 37, 41, 37, 36, 32, 36, 38, 42, 37, 38, 35, 38, 35, 36, 34], "succ": [33, 34, 39, 36, 30, 34, 29, 41, 39, 35, 32, 42, 39, 28, 25, 34, 31, 40, 39, 37, 38, 37, 41, 40, 34, 39, 30, 29, 36, 40, 42, 42, 40, 30, 31, 35, 39, 35, 36, 39, 37, 41, 37, 36, 32, 36, 38, 42, 37, 38, 35, 38, 35, 36, 34], "att": [39, 37, 41, 38, 33, 35, 32, 44, 47, 37, 36, 44, 40, 34, 29, 36, 36, 44, 44, 37, 42, 41, 44, 44, 34, 39, 32, 33, 37, 43, 43, 43, 40, 32, 31, 38, 39, 38, 40, 41, 43, 41, 38, 37, 37, 37, 39, 42, 39, 41, 37, 41, 37, 37, 36], "energy": [13.602610322533156, 12.095861000985815, 14.158990489533574, 10.719989195989585, 11.733432430234387, 14.132316050267072, 10.870081509000864, 16.878474609615598, 21.17488736633789, 12.165823145162314, 14.2276462990614, 18.588350453558494, 15.875509029440767, 12.315814158051964, 8.364163737093584, 12.9725911571792, 10.974093131709791, 14.970854464480391, 13.420989456294512, 11.490379596617556, 12.062734915289015, 12.880878616519489, 15.357311428760426, 15.101689129720247, 14.248674615520653, 13.333927804590786, 12.716538281268635, 13.411101661681716, 13.547306301658837, 17.518204458876728, 14.069119914310237, 11.538384973376255, 12.07144764053837, 8.640011363661639, 8.321033506792373, 14.51011968587696, 15.945768766161981, 17.047642905013728, 13.223447900410713, 15.52854969290768, 16.24265815242739, 12.402620767477563, 9.83295274227166, 9.122505806691239, 11.177820927415668, 12.483169306670865, 10.288426143185314, 14.709253911018745, 14.721860896496924, 12.139070020919537, 11.252569064313752, 11.927891426048493, 9.078779759708334, 12.099582600493719, 10.785237537369698], "coverage": [0.14925373134328357, 0.26119402985074625, 0.373134328358209, 0.4552238805970149, 0.5223880597014925, 0.5746268656716418, 0.6194029850746269, 0.7164179104477612, 0.7686567164179104, 0.7985074626865671, 0.8059701492537313, 0.8283582089552238, 0.8507462686567164, 0.8731343283582089, 0.8805970149253731, 0.9029850746268657, 0.917910447761194, 0.917910447761194, 0.9328358208955224, 0.9402985074626866, 0.9402985074626866, 0.9477611940298507, 0.9477611940298507, 0.9477611940298507, 0.9626865671641791, 0.9626865671641791, 0.9701492537313433, 0.9701492537313433, 0.9701492537313433, 0.9701492537313433, 0.9701492537313433, 0.9701492537313433, 0.9701492537313433, 0.9701492537313433, 0.9701492537313433, 0.9701492537313433, 0.9776119402985075, 0.9776119402985075, 0.9776119402985075, 0.9776119402985075, 0.9776119402985075, 0.9776119402985075, 0.9850746268656716, 0.9925373134328358, 0.9925373134328358, 0.9925373134328358, 0.9925373134328358, 0.9925373134328358, 0.9925373134328358, 0.9925373134328358, 0.9925373134328358, 0.9925373134328358, 0.9925373134328358, 0.9925373134328358, 0.9925373134328358], "staleness": [0.0, 0.058823529411764705, 0.1794871794871795, 0.6111111111111112, 1.1666666666666667, 2.088235294117647, 2.103448275862069, 2.3658536585365852, 2.0256410256410255, 2.4, 3.1875, 4.880952380952381, 4.743589743589744, 2.4285714285714284, 5.16, 4.882352941176471, 5.838709677419355, 6.6, 8.179487179487179, 8.027027027027026, 5.868421052631579, 7.837837837837838, 8.853658536585366, 10.05, 7.529411764705882, 9.76923076923077, 11.433333333333334, 8.862068965517242, 10.222222222222221, 11.025, 7.714285714285714, 10.619047619047619, 11.05, 11.8, 7.483870967741935, 10.82857142857143, 10.76923076923077, 12.8, 10.88888888888889, 5.794871794871795, 13.91891891891892, 11.536585365853659, 11.783783783783784, 11.88888888888889, 13.5625, 13.25, 13.552631578947368, 12.142857142857142, 13.621621621621621, 12.131578947368421, 12.657142857142857, 17.605263157894736, 19.02857142857143, 11.25, 16.294117647058822], "fail": [6, 3, 2, 2, 3, 1, 3, 3, 8, 2, 4, 2, 1, 6, 4, 2, 5, 4, 5, 0, 4, 4, 3, 4, 0, 0, 2, 4, 1, 3, 1, 1, 0, 2, 0, 3, 0, 3, 4, 2, 6, 0, 1, 1, 5, 1, 1, 0, 2, 3, 2, 3, 2, 1, 2], "recv_per_veh": [28.0, 50.0, 12.0, 9.0, 18.0, 23.0, 20.0, 41.0, 28.0, 36.0, 4.0, 24.0, 46.0, 25.0, 14.0, 32.0, 12.0, 16.0, 28.0, 38.0, 17.0, 19.0, 30.0, 18.0, 32.0, 5.0, 18.0, 17.0, 17.0, 31.0, 36.0, 26.0, 21.0, 13.0, 27.0, 25.0, 13.0, 31.0, 31.0, 14.0, 42.0, 12.0, 26.0, 15.0, 7.0, 36.0, 22.0, 20.0, 37.0, 7.0, 29.0, 19.0, 28.0, 27.0, 10.0, 19.0, 14.0, 35.0, 40.0, 29.0], "first_recv": {"0_1": 0, "0_0": 0, "1_1": 0, "6_2": 0, "13_0": 0, "17_2": 0, "18_1": 0, "19_2": 0, "21_1": 0, "22_0": 0, "32_0": 0, "38_2": 0, "38_1": 0, "40_2": 0, "47_1": 0, "52_2": 0, "55_1": 0, "56_2": 0, "57_2": 0, "58_1": 0, "8_0": 1, "10_0": 1, "19_0": 1, "24_1": 1, "28_2": 1, "30_1": 1, "32_2": 1, "38_0": 1, "40_0": 1, "44_0": 1, "50_0": 1, "52_1": 1, "55_0": 1, "58_2": 1, "59_2": 1, "1_0": 2, "2_1": 2, "3_0": 2, "7_0": 2, "12_1": 2, "14_0": 2, "19_1": 2, "22_1": 2, "23_2": 2, "28_1": 2, "42_0": 2, "47_2": 2, "48_0": 2, "49_0": 2, "59_0": 2, "8_2": 3, "11_0": 3, "12_0": 3, "24_0": 3, "26_2": 3, "27_0": 3, "34_1": 3, "42_1": 3, "57_1": 3, "58_0": 3, "59_1": 3, "4_0": 4, "16_1": 4, "18_2": 4, "25_0": 4, "29_2": 4, "48_2": 4, "48_1": 4, "50_2": 4, "54_0": 4, "5_0": 5, "7_1": 5, "15_2": 5, "23_0": 5, "30_0": 5, "36_0": 5, "50_1": 5, "1_2": 6, "9_1": 6, "11_2": 6, "27_1": 6, "51_2": 6, "57_0": 6, "0_2": 7, "5_1": 7, "7_2": 7, "14_2": 7, "22_2": 7, "30_2": 7, "31_2": 7, "33_2": 7, "34_2": 7, "36_2": 7, "37_1": 7, "46_1": 7, "51_1": 7, "4_1": 8, "13_1": 8, "20_1": 8, "26_1": 8, "35_2": 8, "46_2": 8, "53_2": 8, "18_0": 9, "33_1": 9, "35_0": 9, "45_1": 9, "45_0": 10, "15_0": 11, "20_0": 11, "31_0": 11, "5_2": 12, "9_2": 12, "35_1": 12, "31_1": 13, "43_1": 13, "53_1": 13, "6_0": 14, "12_2": 15, "37_2": 15, "45_2": 15, "29_1": 16, "43_0": 16, "2_2": 18, "39_0": 18, "41_1": 19, "39_1": 21, "40_1": 24, "56_1": 24, "15_1": 26, "37_0": 36, "32_1": 42, "36_1": 43}, "y_queue": [], "z_queue": [], "acc_per_veh": [0.5760000348091125, 0.5900000333786011, 0.706000030040741, 0.43300002813339233, 0.46800002455711365, 0.7470000386238098, 0.7010000348091125, 0.6410000324249268, 0.7080000042915344, 0.5040000081062317, 0.48600003123283386, 0.7520000338554382, 0.6920000314712524, 0.4820000231266022, 0.7380000352859497, 0.8050000667572021, 0.4000000059604645, 0.6990000605583191, 0.7590000629425049, 0.7940000295639038, 0.47600001096725464, 0.43300002813339233, 0.737000048160553, 0.6540000438690186, 0.46400001645088196, 0.5049999952316284, 0.6240000128746033, 0.46800002455711365, 0.6270000338554382, 0.7320000529289246, 0.6480000019073486, 0.6660000085830688, 0.6580000519752502, 0.6370000243186951, 0.5800000429153442, 0.6160000562667847, 0.7290000319480896, 0.7170000076293945, 0.6390000581741333, 0.49900001287460327, 0.7390000224113464, 0.3710000216960907, 0.45100003480911255, 0.453000009059906, 0.5720000267028809, 0.8350000381469727, 0.64000004529953, 0.6800000071525574, 0.6500000357627869, 0.5020000338554382, 0.6500000357627869, 0.6830000281333923, 0.64000004529953, 0.7420000433921814, 0.5139999985694885, 0.4480000138282776, 0.7450000643730164, 0.7890000343322754, 0.5800000429153442, 0.6390000581741333], "veh_meta": [{"mods": [0, 1, 2], "D": {"0": 90, "1": 20, "2": 47}, "Q": {"0": 0.9707950585278977, "1": 0.9693122970714936, "2": 0.40157382703651123}}, {"mods": [0, 1, 2], "D": {"0": 116, "1": 111, "2": 27}, "Q": {"0": 0.9160008357755614, "1": 0.4602257039821469, "2": 0.9000016722340434}}, {"mods": [1, 2], "D": {"1": 117,