{"cfg": {"method": "Mobility-Greedy", "trace": "/home/wnlab/CK_infoProject/infocomsim/results/traces/trace_low_n60_s1.npz", "seed": 3, "rounds": 55, "r_v2v": 100.0, "cache_encoders": 4, "max_out": 1, "V": 50.0, "use_gat": true, "dataset": "har", "phi_agg": 0.15}, "hist": {"acc": [0.20323334263327222, 0.5168333570162456, 0.6126166924834251, 0.6130666931470236, 0.6157500262061755, 0.6275166968504587, 0.6172666922211647, 0.6241833647092183, 0.6199000294009844, 0.6297166978319486, 0.6322833642363548, 0.6243500292301178], "acc_round": [1, 5, 10, 15, 20, 25, 30, 35, 40, 45, 50, 55], "recv": [36, 34, 37, 34, 31, 35, 29, 43, 41, 32, 35, 43, 39, 30, 26, 35, 35, 39, 44, 37, 39, 40, 37, 39, 29, 36, 32, 31, 37, 41, 42, 38, 37, 31, 31, 36, 39, 34, 36, 38, 38, 41, 37, 37, 33, 35, 39, 40, 39, 39, 37, 40, 35, 35, 35], "succ": [36, 34, 37, 34, 31, 35, 29, 43, 41, 32, 35, 43, 39, 30, 26, 35, 35, 39, 44, 37, 39, 40, 37, 39, 29, 36, 32, 31, 37, 41, 42, 38, 37, 31, 31, 36, 39, 34, 36, 38, 38, 41, 37, 37, 33, 35, 39, 40, 39, 39, 37, 40, 35, 35, 35], "att": [36, 34, 37, 34, 31, 35, 29, 43, 41, 32, 35, 44, 39, 30, 26, 35, 35, 39, 44, 37, 41, 40, 37, 39, 29, 36, 32, 31, 37, 41, 42, 38, 37, 31, 31, 36, 39, 34, 36, 38, 38, 41, 37, 37, 33, 35, 39, 40, 39, 39, 37, 40, 35, 35, 35], "energy": [10.363054623513232, 9.550413045324541, 10.574458175284732, 7.375546804070878, 10.447635200814224, 11.254765943480205, 8.438800101271674, 16.57809526605622, 14.894181539015763, 8.7265707533157, 13.304728899439205, 17.019808842652342, 11.360797913849167, 11.751566085757577, 7.0711069869401895, 12.067481805390498, 14.428788078767408, 11.845212401140909, 13.560043890035624, 10.434637951119202, 12.71915494773117, 10.487746367077303, 10.370254919513137, 11.225234302834851, 9.018621649605576, 10.602970282944435, 9.803919783460126, 10.666424529061652, 11.092804312862881, 16.644309748099808, 11.898425889207791, 10.54645544383674, 11.90476759284292, 8.558301284040292, 9.994235783576281, 13.802765249267429, 16.19306033210184, 11.641380654961461, 12.747762561430303, 11.912717489270099, 15.324786818620442, 12.468570143877843, 10.615469880974452, 9.587641083216646, 10.546249655867234, 9.57525745316982, 12.126672640384951, 14.735680763921158, 14.312259784176602, 11.506457777964274, 10.382359985073135, 9.535561503531873, 8.782296915815268, 9.99076285308332, 9.166216504854534], "coverage": [0.22058823529411764, 0.2647058823529412, 0.3382352941176471, 0.3382352941176471, 0.375, 0.4338235294117647, 0.45588235294117646, 0.5294117647058824, 0.5735294117647058, 0.6029411764705882, 0.6323529411764706, 0.6764705882352942, 0.6911764705882353, 0.7205882352941176, 0.7279411764705882, 0.7426470588235294, 0.7573529411764706, 0.7720588235294118, 0.7867647058823529, 0.7941176470588235, 0.7941176470588235, 0.8014705882352942, 0.8088235294117647, 0.8088235294117647, 0.8161764705882353, 0.8161764705882353, 0.8382352941176471, 0.8455882352941176, 0.8455882352941176, 0.8455882352941176, 0.8529411764705882, 0.8529411764705882, 0.8602941176470589, 0.8676470588235294, 0.8676470588235294, 0.875, 0.8823529411764706, 0.8823529411764706, 0.8823529411764706, 0.8823529411764706, 0.8897058823529411, 0.8897058823529411, 0.8897058823529411, 0.8970588235294118, 0.8970588235294118, 0.8970588235294118, 0.8970588235294118, 0.8970588235294118, 0.8970588235294118, 0.8970588235294118, 0.9044117647058824, 0.9044117647058824, 0.9117647058823529, 0.9117647058823529, 0.9191176470588235], "staleness": [0.0, 0.23529411764705882, 0.35135135135135137, 0.6176470588235294, 0.3548387096774194, 0.6285714285714286, 0.7931034482758621, 0.6976744186046512, 0.36585365853658536, 1.03125, 0.5714285714285714, 0.7441860465116279, 0.5641025641025641, 0.5, 0.3076923076923077, 0.5714285714285714, 0.6, 0.46153846153846156, 0.5, 0.5945945945945946, 0.8717948717948718, 0.975, 1.1081081081081081, 1.0, 1.5172413793103448, 1.1111111111111112, 1.46875, 1.096774193548387, 1.054054054054054, 0.6097560975609756, 0.7619047619047619, 0.7631578947368421, 0.7297297297297297, 0.6451612903225806, 0.7419354838709677, 0.7222222222222222, 0.6666666666666666, 1.0588235294117647, 0.7777777777777778, 0.631578947368421, 0.2631578947368421, 0.5121951219512195, 0.32432432432432434, 0.4864864864864865, 0.6363636363636364, 0.8285714285714286, 0.5128205128205128, 0.675, 1.0256410256410255, 1.0256410256410255, 0.5675675675675675, 0.875, 0.7142857142857143, 0.7428571428571429, 0.6571428571428571], "fail": [0, 0, 0, 0, 0, 0, 0, 0, 0, 0, 0, 1, 0, 0, 0, 0, 0, 0, 0, 0, 2, 0, 0, 0, 0, 0, 0, 0, 0, 0, 0, 0, 0, 0, 0, 0, 0, 0, 0, 0, 0, 0, 0, 0, 0, 0, 0, 0, 0, 0, 0, 0, 0, 0, 0], "recv_per_veh": [15.0, 31.0, 23.0, 42.0, 34.0, 29.0, 42.0, 43.0, 47.0, 37.0, 29.0, 46.0, 81.0, 27.0, 19.0, 34.0, 20.0, 39.0, 25.0, 36.0, 29.0, 20.0, 36.0, 25.0, 31.0, 56.0, 24.0, 32.0, 46.0, 44.0, 23.0, 20.0, 21.0, 23.0, 40.0, 26.0, 10.0, 23.0, 19.0, 18.0, 52.0, 69.0, 29.0, 29.0, 37.0, 27.0, 28.0, 26.0, 28.0, 10.0, 14.0, 21.0, 16.0, 61.0, 38.0, 32.0, 29.0, 37.0, 45.0, 42.0], "first_recv": {"1_0": 0, "1_1": 0, "4_1": 0, "6_2": 0, "8_2": 0, "13_2": 0, "14_1": 0, "17_0": 0, "18_0": 0, "21_0": 0, "22_2": 0, "23_1": 0, "24_0": 0, "25_2": 0, "26_2": 0, "27_1": 0, "28_2": 0, "34_1": 0, "40_2": 0, "41_2": 0, "44_2": 0, "47_2": 0, "49_1": 0, "54_2": 0, "55_1": 0, "56_1": 0, "57_2": 0, "57_0": 0, "58_2": 0, "59_0": 0, "8_1": 1, "11_1": 1, "38_1": 1, "42_2": 1, "42_0": 1, "53_0": 1, "0_2": 2, "2_0": 2, "3_0": 2, "7_2": 2, "12_0": 2, "34_2": 2, "43_2": 2, "48_0": 2, "51_2": 2, "56_2": 2, "6_0": 4, "18_2": 4, "29_0": 4, "30_2": 4, "46_2": 4, "3_1": 5, "5_1": 5, "15_2": 5, "17_2": 5, "21_2": 5, "23_2": 5, "30_0": 5, "36_2": 5, "9_1": 6, "14_2": 6, "39_0": 6, "7_0": 7, "19_2": 7, "29_1": 7, "31_2": 7, "33_2": 7, "35_2": 7, "37_0": 7, "52_0": 7, "55_2": 7, "58_1": 7, "5_0": 8, "20_2": 8, "38_2": 8, "46_0": 8, "52_1": 8, "54_0": 8, "16_2": 9, "38_0": 9, "45_1": 9, "50_2": 9, "0_1": 10, "10_1": 10, "13_0": 10, "14_0": 10, "2_1": 11, "11_0": 11, "20_0": 11, "21_1": 11, "48_2": 11, "50_0": 11, "11_2": 12, "53_2": 12, "22_0": 13, "27_0": 13, "32_1": 13, "45_2": 13, "2_2": 14, "32_0": 15, "39_1": 15, "31_0": 16, "51_1": 16, "12_2": 17, "35_0": 17, "16_1": 18, "24_2": 18, "46_1": 19, "36_0": 21, "6_1": 22, "47_1": 24, "3_2": 26, "9_0": 26, "17_1": 26, "25_1": 27, "31_1": 30, "40_0": 32, "16_0": 33, "13_1": 35, "44_0": 36, "20_1": 40, "48_1": 43, "51_0": 50, "57_1": 52, "24_1": 54}, "y_queue": [], "z_queue": [], "acc_per_veh": [0.7140000462532043, 0.4390000104904175, 0.5950000286102295, 0.6840000152587891, 0.37800002098083496, 0.3630000054836273, 0.718000054359436, 0.7100000381469727, 0.5550000071525574, 0.4580000340938568, 0.39000001549720764, 0.6520000100135803, 0.628000020980835, 0.7490000128746033, 0.7010000348091125, 0.6830000281333923, 0.6890000104904175, 0.703000009059906, 0.7310000061988831, 0.6880000233650208, 0.6700000166893005, 0.6300000548362732, 0.5980000495910645, 0.675000011920929, 0.612000048160553, 0.7300000190734863, 0.7410000562667847, 0.7380000352859497, 0.6700000166893005, 0.4790000319480896, 0.5940000414848328, 0.7080000042915344, 0.4740000367164612, 0.6580000519752502, 0.6620000600814819, 0.7500000596046448, 0.7020000219345093, 0.3530000150203705, 0.6790000200271606, 0.3930000066757202, 0.7290000319480896, 0.6740000247955322, 0.7200000286102295, 0.5110000371932983, 0.6670000553131104, 0.6910000443458557, 0.7900000214576721, 0.5410000085830688, 0.6650000214576721, 0.4140000343322754, 0.8080000281333923, 0.8650000691413879, 0.48000001907348633, 0.6440000534057617, 0.47700002789497375, 0.5690000057220459, 0.6020000576972961, 0.6910000443458557, 0.7250000238418579, 0.4540000259876251], "veh_meta": [{"mods": [0, 1, 2], "D": {"0": 84, "1": 63, "2": 102}, "Q": {"0": 0.8518504893814931, "1": 0.8567050163542638, "2": 0.888090743534148}}, {"mods": [0, 1], "D": {"0": 85, "1": 73}, "Q": {"0": 0.8450109009679664, "1": 0.8937880497398338}}, {"mods": [0, 1, 2], "D": {"0": 61, "1": 50, "2": 111}, "Q": {"0": 0.9382185843711529,