{"cfg": {"method": "LRU-Random", "trace": "/home/wnlab/CK_infoProject/infocomsim/results/traces/trace_low_n60_s1.npz", "seed": 1, "rounds": 55, "r_v2v": 100.0, "cache_encoders": 4, "max_out": 1, "V": 50.0, "use_gat": true, "dataset": "har", "phi_agg": 0.15}, "hist": {"acc": [0.21671667397022248, 0.4938333615660667, 0.57183336019516, 0.5761833588282267, 0.5777000278234482, 0.572183362642924, 0.5792666917045911, 0.5898166949550311, 0.5825333639979362, 0.5740166927377383, 0.5786500270167987, 0.5805666953325271], "acc_round": [1, 5, 10, 15, 20, 25, 30, 35, 40, 45, 50, 55], "recv": [35, 36, 39, 36, 31, 34, 29, 38, 44, 34, 31, 43, 40, 28, 25, 35, 32, 40, 41, 35, 39, 38, 38, 41, 34, 38, 27, 27, 35, 41, 40, 41, 40, 31, 31, 35, 39, 33, 36, 40, 39, 41, 36, 37, 33, 35, 38, 41, 37, 40, 35, 38, 35, 34, 34], "succ": [35, 36, 39, 36, 31, 34, 29, 38, 44, 34, 31, 43, 40, 28, 25, 35, 32, 40, 41, 35, 39, 38, 38, 41, 34, 38, 27, 27, 35, 41, 40, 41, 40, 31, 31, 35, 39, 33, 36, 40, 39, 41, 36, 37, 33, 35, 38, 41, 37, 40, 35, 38, 35, 34, 34], "att": [39, 37, 41, 38, 33, 35, 32, 44, 47, 37, 36, 44, 40, 34, 29, 36, 36, 44, 44, 37, 42, 41, 44, 44, 34, 39, 32, 33, 37, 43, 43, 43, 40, 32, 31, 38, 39, 38, 40, 41, 43, 41, 38, 37, 37, 37, 39, 42, 39, 41, 37, 41, 37, 37, 36], "energy": [17.899638219734925, 13.534974355563637, 12.472397613395064, 10.389416291119641, 13.382363269645612, 13.52138573173293, 9.53421382119854, 16.82467638319227, 19.378545827510315, 10.953893755746076, 13.051712010592297, 16.210743755949224, 14.893131993736134, 13.705256972793451, 9.601727343151348, 14.425313334719124, 12.191710092516681, 15.740238371871623, 16.05624029624594, 12.06283838117985, 14.628191405994393, 13.735160402858009, 15.684227290100697, 14.175341387609501, 13.276199538612467, 14.057574696366803, 13.317675721235368, 12.617960760893006, 12.426671071534145, 15.707671790726408, 15.973499610252812, 12.737608716102574, 12.304917560268727, 8.011422276884279, 7.696626016814346, 12.033036410619236, 13.63712531923041, 14.843218650024534, 11.379609710391913, 12.979056448496342, 15.41528455301718, 11.196555316472052, 9.649740289224797, 10.514484081932418, 14.446420132411266, 9.834983098077098, 11.774498159538377, 13.561876114210904, 15.985188525262826, 11.992811659682992, 11.047122770134331, 14.514644405223716, 9.857291180724431, 10.766503043999187, 10.21781503947075], "coverage": [0.20930232558139536, 0.3178294573643411, 0.4263565891472868, 0.4883720930232558, 0.5193798449612403, 0.5813953488372093, 0.627906976744186, 0.689922480620155, 0.7364341085271318, 0.7829457364341085, 0.7906976744186046, 0.8372093023255814, 0.8449612403100775, 0.8604651162790697, 0.8682170542635659, 0.8914728682170543, 0.8992248062015504, 0.9147286821705426, 0.9224806201550387, 0.9224806201550387, 0.9302325581395349, 0.9457364341085271, 0.9689922480620154, 0.9767441860465116, 0.9767441860465116, 0.9767441860465116, 0.9767441860465116, 0.9767441860465116, 0.9844961240310077, 0.9922480620155039, 0.9922480620155039, 0.9922480620155039, 0.9922480620155039, 0.9922480620155039, 1.0, 1.0, 1.0, 1.0, 1.0, 1.0, 1.0, 1.0, 1.0, 1.0, 1.0, 1.0, 1.0, 1.0, 1.0, 1.0, 1.0, 1.0, 1.0, 1.0, 1.0], "staleness": [0.0, 0.19444444444444445, 0.358974358974359, 0.7222222222222222, 1.2580645161290323, 1.2352941176470589, 2.0, 2.4210526315789473, 3.1818181818181817, 2.676470588235294, 2.903225806451613, 2.9302325581395348, 3.6, 4.5, 5.32, 4.942857142857143, 6.65625, 5.175, 5.853658536585366, 6.542857142857143, 8.384615384615385, 8.394736842105264, 6.631578947368421, 9.560975609756097, 8.823529411764707, 8.842105263157896, 13.222222222222221, 8.74074074074074, 10.6, 14.560975609756097, 11.175, 13.0, 11.125, 14.903225806451612, 11.548387096774194, 10.771428571428572, 12.076923076923077, 11.151515151515152, 16.5, 14.825, 11.692307692307692, 11.463414634146341, 15.722222222222221, 12.756756756756756, 12.212121212121213, 14.314285714285715, 16.07894736842105, 19.75609756097561, 15.783783783783784, 14.1, 17.114285714285714, 11.526315789473685, 20.2, 13.911764705882353, 14.911764705882353], "fail": [4, 1, 2, 2, 2, 1, 3, 6, 3, 3, 5, 1, 0, 6, 4, 1, 4, 4, 3, 2, 3, 3, 6, 3, 0, 1, 5, 6, 2, 2, 3, 2, 0, 1, 0, 3, 0, 5, 4, 1, 4, 0, 2, 0, 4, 2, 1, 1, 2, 1, 2, 3, 2, 3, 2], "recv_per_veh": [18.0, 44.0, 5.0, 38.0, 21.0, 8.0, 24.0, 41.0, 24.0, 32.0, 21.0, 24.0, 51.0, 19.0, 30.0, 23.0, 29.0, 37.0, 16.0, 25.0, 27.0, 20.0, 21.0, 13.0, 41.0, 11.0, 7.0, 40.0, 9.0, 37.0, 32.0, 23.0, 13.0, 21.0, 38.0, 6.0, 3.0, 32.0, 6.0, 16.0, 26.0, 40.0, 9.0, 14.0, 21.0, 20.0, 34.0, 9.0, 37.0, 2.0, 33.0, 35.0, 28.0, 23.0, 31.0, 25.0, 29.0, 29.0, 17.0, 14.0], "first_recv": {"0_2": 0, "6_1": 0, "13_0": 0, "16_1": 0, "17_1": 0, "18_1": 0, "19_0": 0, "22_1": 0, "23_1": 0, "24_2": 0, "26_1": 0, "27_1": 0, "28_0": 0, "30_1": 0, "32_0": 0, "41_0": 0, "50_1": 0, "51_1": 0, "52_0": 0, "52_2": 0, "53_0": 0, "54_0": 0, "55_0": 0, "56_1": 0, "56_0": 0, "58_1": 0, "59_0": 0, "4_2": 1, "8_1": 1, "10_0": 1, "17_0": 1, "19_1": 1, "24_1": 1, "25_1": 1, "27_0": 1, "27_2": 1, "34_0": 1, "38_1": 1, "44_0": 1, "47_1": 1, "55_1": 1, "0_0": 2, "1_0": 2, "2_2": 2, "3_0": 2, "6_0": 2, "7_0": 2, "12_2": 2, "14_0": 2, "41_1": 2, "43_2": 2, "48_0": 2, "50_2": 2, "50_0": 2, "57_2": 2, "3_1": 3, "8_0": 3, "13_1": 3, "16_2": 3, "24_0": 3, "32_1": 3, "53_1": 3, "56_2": 3, "29_1": 4, "42_0": 4, "46_2": 4, "57_1": 4, "1_1": 5, "5_1": 5, "12_1": 5, "15_0": 5, "22_2": 5, "36_0": 5, "48_2": 5, "51_2": 5, "9_1": 6, "9_0": 6, "12_0": 6, "34_2": 6, "44_1": 6, "54_1": 6, "9_2": 7, "11_2": 7, "14_1": 7, "31_1": 7, "33_1": 7, "37_2": 7, "41_2": 7, "46_0": 7, "18_0": 8, "20_2": 8, "30_2": 8, "37_0": 8, "39_1": 8, "40_2": 8, "3_2": 9, "4_1": 9, "7_2": 9, "11_0": 9, "33_2": 9, "54_2": 9, "34_1": 10, "1_2": 11, "10_2": 11, "15_2": 11, "21_1": 11, "40_1": 11, "45_2": 11, "35_0": 12, "21_2": 13, "58_0": 13, "31_2": 14, "17_2": 15, "29_2": 15, "31_0": 15, "51_0": 16, "29_0": 17, "46_1": 17, "20_0": 18, "49_0": 20, "30_0": 21, "48_1": 21, "33_0": 22, "37_1": 22, "39_2": 22, "43_1": 23, "15_1": 28, "14_2": 29, "55_2": 34}, "y_queue": [], "z_queue": [], "acc_per_veh": [0.7300000190734863, 0.7350000143051147, 0.5260000228881836, 0.6700000166893005, 0.6580000519752502, 0.3700000047683716, 0.3970000147819519, 0.6880000233650208, 0.4570000171661377, 0.6060000061988831, 0.7250000238418579, 0.6350000500679016, 0.6080000400543213, 0.3150000274181366, 0.6660000085830688, 0.6550000309944153, 0.7820000648498535, 0.7660000324249268, 0.3800000250339508, 0.5550000071525574, 0.6670000553131104, 0.7050000429153442, 0.5990000367164612, 0.3750000298023224, 0.7450000643730164, 0.4150000214576721, 0.39900001883506775, 0.8160000443458557, 0.47700002789497375, 0.6360000371932983, 0.7040000557899475, 0.6920000314712524, 0.4660000205039978, 0.7230000495910645, 0.6220000386238098, 0.47600001096725464, 0.4570000171661377, 0.7620000243186951, 0.34300002455711365, 0.6760000586509705, 0.706000030040741, 0.706000030040741, 0.3930000066757202, 0.5960000157356262, 0.3070000112056732, 0.47700002789497375, 0.7850000262260437, 0.4220000207424164, 0.6180000305175781, 0.36900001764297485, 0.7360000610351562, 0.5110000371932983, 0.6230000257492065, 0.4820000231266022, 0.5649999976158142, 0.7680000066757202, 0.6630000472068787, 0.6390000581741333, 0.3790000081062317, 0.4100000262260437], "veh_meta": [{"mods": [0, 2], "D": {"0": 79, "2": 116}, "Q": {"0": 0.8408904499463035, "2": 0.8054775186395853}}, {"mods": [0, 1, 2], "D": {"0": 71, "1": 97, "2": 86}, "Q": {"0": 0.8631031262012127, "1": 0.9669251343794746, "2": 0.47504329448349025}}, {"mods": [2], "D": {"2": 75}, "Q": {"2": 0.3363326015759046}}, {"mods": [0, 1, 2], "D": {"0": 71, "1": 33, "2": 78}, "Q": {"0": 0.4107689217746535, "1": 0.9029778224116617, "2": 0.9173110081003986}}, {"mods": [1, 2], "D": {"1": 38, "2": 114}, "Q": {"1": 0.9501884868054674, "2": 0.3309783675295078}}, {"mods": [1], "D": {"1": 60}, "Q": {"1": 0.9156779228774263}}, {"mods": [0, 1], "D": {"0": 20, "1": 93}, "Q": {"0": 0.9381793835033848,