{"cfg": {"method": "RECD", "trace": "/home/wnlab/CK_infoProject/infocomsim/results/traces/trace_low_n60_s1.npz", "seed": 2, "rounds": 55, "r_v2v": 100.0, "cache_encoders": 4, "max_out": 1, "V": 50.0, "use_gat": true, "dataset": "har", "phi_agg": 0.15}, "hist": {"acc": [0.22168334387242794, 0.5049000208576521, 0.5880166972676913, 0.6084333633383116, 0.6128333633144697, 0.6121166944503784, 0.6138666972517968, 0.6240000287691753, 0.6207166944940885, 0.6150333613157273, 0.6262000302473704, 0.6185500293970108], "acc_round": [1, 5, 10, 15, 20, 25, 30, 35, 40, 45, 50, 55], "recv": [26, 31, 32, 36, 24, 29, 26, 38, 27, 27, 30, 34, 36, 17, 22, 34, 30, 31, 35, 31, 34, 39, 28, 34, 28, 31, 26, 28, 28, 32, 39, 33, 35, 24, 31, 32, 34, 29, 32, 38, 33, 33, 36, 35, 30, 34, 35, 38, 37, 34, 33, 28, 32, 31, 34], "succ": [26, 31, 32, 36, 24, 29, 26, 38, 27, 27, 30, 34, 36, 17, 22, 34, 30, 31, 35, 31, 34, 39, 28, 34, 28, 31, 26, 28, 28, 32, 39, 33, 35, 24, 31, 32, 34, 29, 32, 38, 33, 33, 36, 35, 30, 34, 35, 38, 37, 34, 33, 28, 32, 31, 34], "att": [29, 33, 32, 36, 26, 29, 26, 38, 28, 27, 30, 34, 36, 19, 22, 34, 30, 31, 36, 31, 34, 39, 29, 36, 28, 31, 26, 28, 28, 32, 41, 34, 35, 24, 31, 32, 34, 30, 32, 38, 34, 33, 37, 35, 30, 34, 35, 38, 37, 36, 33, 31, 32, 31, 34], "energy": [9.268327437330734, 7.7953743877361505, 8.546807074296154, 9.85094958675664, 6.821054964882468, 8.306774533963205, 8.332506566782088, 12.355173109927021, 10.319623233722155, 6.666879256779354, 9.414147317914866, 11.45496610565187, 10.851363618737093, 5.176503681671341, 5.510401072849015, 10.416925565944489, 8.80843145234321, 8.12099897673395, 8.343664219345436, 8.044168603636237, 10.092007400143464, 10.260597935761467, 8.07300591118829, 10.816862123764029, 11.242564804718304, 10.769393514583369, 11.286992155891275, 11.65525181509081, 10.221582332124907, 9.19778586791509, 12.818706357921169, 8.549793481283885, 8.497884306223627, 5.377045357416512, 8.01824654290759, 8.96251368756445, 9.972338380866766, 9.750219868234975, 9.177097618966561, 11.559815729653739, 10.421276448788406, 8.13201959515089, 9.380979186514931, 7.447021868316381, 8.294672417519951, 9.441365317300235, 9.379128453796616, 10.424352179990588, 11.873690595519, 10.906615183413717, 9.740157985881714, 7.9145178834862255, 9.320533472999205, 8.72377211633854, 10.154356932074943], "coverage": [0.15671641791044777, 0.26865671641791045, 0.35074626865671643, 0.3880597014925373, 0.40298507462686567, 0.4253731343283582, 0.44029850746268656, 0.5373134328358209, 0.5895522388059702, 0.5970149253731343, 0.6268656716417911, 0.6716417910447762, 0.6940298507462687, 0.7014925373134329, 0.7089552238805971, 0.7164179104477612, 0.7313432835820896, 0.746268656716418, 0.7611940298507462, 0.7686567164179104, 0.7835820895522388, 0.7985074626865671, 0.7985074626865671, 0.8283582089552238, 0.8283582089552238, 0.8432835820895522, 0.8507462686567164, 0.8507462686567164, 0.8656716417910447, 0.8731343283582089, 0.8731343283582089, 0.8880597014925373, 0.8955223880597015, 0.8955223880597015, 0.8955223880597015, 0.9029850746268657, 0.9104477611940298, 0.917910447761194, 0.917910447761194, 0.9253731343283582, 0.9402985074626866, 0.9477611940298507, 0.9477611940298507, 0.9477611940298507, 0.9552238805970149, 0.9552238805970149, 0.9552238805970149, 0.9552238805970149, 0.9552238805970149, 0.9552238805970149, 0.9701492537313433, 0.9701492537313433, 0.9701492537313433, 0.9701492537313433, 0.9701492537313433], "staleness": [0.0, 0.16129032258064516, 0.40625, 0.6111111111111112, 0.5833333333333334, 0.6896551724137931, 0.6538461538461539, 0.39473684210526316, 0.4074074074074074, 0.48148148148148145, 0.23333333333333334, 0.9411764705882353, 1.1388888888888888, 0.8823529411764706, 1.3636363636363635, 1.7352941176470589, 0.9666666666666667, 1.6774193548387097, 1.6857142857142857, 2.032258064516129, 1.1176470588235294, 1.1282051282051282, 0.7142857142857143, 0.6470588235294118, 0.5357142857142857, 0.9032258064516129, 1.3076923076923077, 0.6785714285714286, 2.2142857142857144, 2.28125, 0.9487179487179487, 0.8181818181818182, 0.6571428571428571, 0.625, 0.7741935483870968, 0.28125, 1.3235294117647058, 1.4137931034482758, 1.71875, 1.3421052631578947, 0.6363636363636364, 0.5151515151515151, 0.4722222222222222, 0.6285714285714286, 1.2, 0.8823529411764706, 1.542857142857143, 1.6578947368421053, 1.972972972972973, 3.2058823529411766, 0.5454545454545454, 0.8928571428571429, 1.25, 0.6451612903225806, 0.8823529411764706], "fail": [3, 2, 0, 0, 2, 0, 0, 0, 1, 0, 0, 0, 0, 2, 0, 0, 0, 0, 1, 0, 0, 0, 1, 2, 0, 0, 0, 0, 0, 0, 2, 1, 0, 0, 0, 0, 0, 1, 0, 0, 1, 0, 1, 0, 0, 0, 0, 0, 0, 2, 0, 3, 0, 0, 0], "recv_per_veh": [33.0, 68.0, 21.0, 25.0, 26.0, 15.0, 37.0, 36.0, 18.0, 15.0, 23.0, 24.0, 30.0, 24.0, 17.0, 10.0, 41.0, 28.0, 26.0, 32.0, 22.0, 23.0, 20.0, 26.0, 33.0, 20.0, 15.0, 24.0, 17.0, 16.0, 44.0, 18.0, 16.0, 21.0, 58.0, 27.0, 10.0, 29.0, 24.0, 24.0, 32.0, 42.0, 20.0, 9.0, 26.0, 33.0, 35.0, 24.0, 46.0, 10.0, 23.0, 17.0, 36.0, 18.0, 9.0, 35.0, 26.0, 28.0, 28.0, 22.0], "first_recv": {"0_0": 0, "1_1": 0, "4_1": 0, "6_2": 0, "13_0": 0, "17_2": 0, "19_2": 0, "22_1": 0, "23_2": 0, "24_1": 0, "27_0": 0, "30_0": 0, "32_2": 0, "41_1": 0, "47_1": 0, "50_1": 0, "53_2": 0, "55_0": 0, "56_2": 0, "58_0": 0, "59_2": 0, "11_0": 1, "11_2": 1, "13_1": 1, "16_1": 1, "19_1": 1, "25_0": 1, "28_2": 1, "30_1": 1, "30_2": 1, "38_0": 1, "38_2": 1, "50_2": 1, "52_2": 1, "54_0": 1, "55_1": 1, "0_1": 2, "1_2": 2, "3_0": 2, "4_0": 2, "7_0": 2, "12_2": 2, "26_2": 2, "28_1": 2, "42_0": 2, "44_0": 2, "58_1": 2, "2_1": 3, "8_0": 3, "43_1": 3, "48_0": 3, "50_0": 3, "29_2": 4, "48_2": 4, "18_2": 5, "42_1": 5, "57_0": 5, "9_2": 6, "18_1": 6, "7_2": 7, "8_2": 7, "14_0": 7, "14_2": 7, "22_0": 7, "29_1": 7, "31_1": 7, "34_2": 7, "35_2": 7, "37_2": 7, "46_2": 7, "57_2": 7, "58_2": 7, "1_0": 8, "2_2": 8, "5_2": 8, "7_1": 8, "20_1": 8, "33_1": 8, "39_1": 8, "45_2": 9, "5_1": 10, "10_0": 10, "19_0": 10, "49_0": 10, "15_2": 11, "20_0": 11, "22_2": 11, "27_1": 11, "37_1": 11, "40_0": 11, "0_2": 12, "5_0": 12, "36_1": 12, "53_1": 13, "32_0": 14, "21_1": 15, "12_0": 16, "51_1": 16, "24_0": 17, "48_1": 17, "36_2": 18, "47_2": 18, "34_1": 19, "46_1": 20, "51_2": 20, "36_0": 21, "47_0": 21, "9_1": 23, "31_0": 23, "35_1": 23, "43_0": 23, "33_2": 25, "52_1": 25, "15_1": 26, "15_0": 28, "31_2": 28, "6_0": 29, "39_0": 31, "59_1": 31, "57_1": 32, "38_1": 35, "40_1": 36, "40_2": 37, "32_1": 39, "23_0": 40, "35_0": 40, "56_1": 41, "45_1": 44, "12_1": 50, "37_0": 50}, "y_queue": [0.09416666666666668, 0.1716666666666667, 0.24166666666666667, 0.31999999999999995, 0.4075, 0.48000000000000004, 0.5630555555555554, 0.5763888888888888, 0.6013888888888889, 0.6677777777777777, 0.7097222222222223, 0.7399999999999998, 0.7938888888888888, 0.8788888888888887, 0.9269444444444442, 0.9499999999999998, 0.9911111111111108, 1.0313888888888887, 1.072222222222222, 1.131111111111111, 1.177222222222222, 1.2022222222222219, 1.2369444444444437, 1.2574999999999994, 1.304444444444444, 1.3477777777777775, 1.3944444444444442, 1.4358333333333326, 1.4905555555555554, 1.525833333333333, 1.5241666666666664, 1.533333333333333, 1.564166666666666, 1.6258333333333328, 1.6788888888888884, 1.7041666666666666, 1.7227777777777775, 1.7569444444444442, 1.7894444444444446, 1.8177777777777777, 1.8547222222222224, 1.8655555555555559, 1.895, 1.9313888888888888, 1.984166666666667, 2.008611111111112, 2.051111111111112, 2.0883333333333343, 2.134444444444445, 2.1847222222222227, 2.19888888888889, 2.230555555555557, 2.281111111111112, 2.306944444444446, 2.307222222222223], "z_queue": [0.0, 0.0, 0.0, 0.0, 0.0, 0.0, 0.0, 0.0, 0.0, 0.0, 0.0, 0.0, 0.0, 0.0, 0.0, 0.0, 0.0, 0.0, 0.0, 0.0, 0.0, 0.0, 0.0, 0.0, 0.0, 0.0, 0.0, 0.0, 0.0, 0.0, 0.0, 0.0, 0.0, 0.0, 0.0, 0.0, 0.0, 0.0, 0.0, 0.0, 0.0, 0.0, 0.0, 0.0, 0.0, 0.0, 0.0, 0.0, 0.0, 0.0, 0.0, 0.0, 0.0, 0.0, 0.0],