{"cfg": {"method": "Mobility-Greedy", "trace": "/home/wnlab/CK_infoProject/infocomsim/results/traces/trace_low_n60_s1.npz", "seed": 1, "rounds": 55, "r_v2v": 100.0, "cache_encoders": 4, "max_out": 1, "V": 50.0, "use_gat": true, "dataset": "har", "phi_agg": 0.15}, "hist": {"acc": [0.20678334236145018, 0.5039333581924439, 0.5836833591262499, 0.5895000254114469, 0.5914166947205861, 0.5889666949709257, 0.5878166928887367, 0.5970166976253192, 0.5826666956146558, 0.5939500312010447, 0.5982833618919055, 0.5958666950464249], "acc_round": [1, 5, 10, 15, 20, 25, 30, 35, 40, 45, 50, 55], "recv": [36, 36, 39, 36, 31, 34, 28, 41, 40, 35, 33, 41, 36, 28, 25, 33, 35, 35, 40, 37, 40, 35, 39, 38, 34, 37, 30, 31, 35, 36, 37, 40, 35, 29, 29, 36, 39, 32, 36, 36, 40, 40, 35, 35, 33, 33, 37, 40, 38, 38, 33, 33, 33, 33, 32], "succ": [36, 36, 39, 36, 31, 34, 28, 41, 40, 35, 33, 41, 36, 28, 25, 33, 35, 35, 40, 37, 40, 35, 39, 38, 34, 37, 30, 31, 35, 36, 37, 40, 35, 29, 29, 36, 39, 32, 36, 36, 40, 40, 35, 35, 33, 33, 37, 40, 38, 38, 33, 33, 33, 33, 32], "att": [36, 36, 39, 36, 31, 34, 28, 41, 40, 35, 33, 41, 36, 28, 25, 33, 35, 36, 40, 37, 41, 35, 40, 41, 34, 37, 30, 31, 35, 36, 37, 40, 35, 29, 29, 36, 39, 32, 36, 37, 40, 40, 35, 35, 33, 33, 37, 40, 38, 38, 33, 33, 33, 33, 32], "energy": [13.163274316321775, 12.244321137383407, 12.887173893949027, 11.106217709581323, 11.7256174995098, 13.948927065696388, 9.023326329717307, 18.21948209863694, 17.47482625681441, 12.273649216154485, 15.748731316254563, 19.153215815667476, 15.665497963467374, 12.273380166188577, 7.642656255639982, 11.928581486899073, 15.695612436071821, 14.24833291664247, 13.575754651797604, 13.497690990600534, 15.190706525087998, 11.845860213179177, 17.06975022084935, 14.947963081754981, 14.535957070640801, 12.96492892948882, 11.775318495743617, 14.549637438946284, 13.190475289428825, 17.200747398259306, 13.438229958163218, 15.220006237733935, 12.643110239212595, 9.381836304074007, 8.816618457659517, 14.788175449717889, 19.159444067752407, 13.547431240453717, 14.220649623981648, 13.619193226749756, 18.190968200107815, 14.155091233009255, 11.07814402887312, 10.314950182223535, 12.30130699678677, 11.482724811549607, 13.795078195387946, 17.40371412756506, 14.855223681616163, 10.85969668947954, 10.989497699882907, 10.907696090856373, 11.216498829747028, 10.030528147474405, 9.431868797107061], "coverage": [0.21705426356589147, 0.2868217054263566, 0.37209302325581395, 0.40310077519379844, 0.4418604651162791, 0.5193798449612403, 0.5581395348837209, 0.5968992248062015, 0.6589147286821705, 0.7054263565891473, 0.7209302325581395, 0.7286821705426356, 0.7364341085271318, 0.751937984496124, 0.7674418604651163, 0.7829457364341085, 0.8062015503875969, 0.813953488372093, 0.8294573643410853, 0.8294573643410853, 0.8294573643410853, 0.8294573643410853, 0.8449612403100775, 0.8604651162790697, 0.8682170542635659, 0.8682170542635659, 0.8837209302325582, 0.8914728682170543, 0.8992248062015504, 0.8992248062015504, 0.9069767441860465, 0.9147286821705426, 0.9147286821705426, 0.9147286821705426, 0.9147286821705426, 0.9224806201550387, 0.9224806201550387, 0.9224806201550387, 0.9224806201550387, 0.9224806201550387, 0.9224806201550387, 0.9224806201550387, 0.9224806201550387, 0.9224806201550387, 0.9224806201550387, 0.9224806201550387, 0.9224806201550387, 0.9224806201550387, 0.9224806201550387, 0.9302325581395349, 0.9302325581395349, 0.9302325581395349, 0.937984496124031, 0.937984496124031, 0.9457364341085271], "staleness": [0.0, 0.19444444444444445, 0.358974358974359, 0.5, 0.6774193548387096, 0.5588235294117647, 0.6428571428571429, 0.7317073170731707, 0.4, 0.5428571428571428, 0.8787878787878788, 0.5609756097560976, 0.5833333333333334, 1.3928571428571428, 0.52, 0.42424242424242425, 0.42857142857142855, 0.7428571428571429, 0.575, 0.8648648648648649, 0.925, 0.6857142857142857, 0.9487179487179487, 0.7105263157894737, 0.5588235294117647, 0.5675675675675675, 0.4666666666666667, 0.7419354838709677, 0.5428571428571428, 0.7222222222222222, 0.7837837837837838, 0.85, 1.457142857142857, 1.3448275862068966, 1.0, 1.4166666666666667, 1.0256410256410255, 1.03125, 1.25, 0.9166666666666666, 1.0, 0.95, 1.0285714285714285, 0.9142857142857143, 0.7878787878787878, 1.0909090909090908, 0.7027027027027027, 0.925, 0.8421052631578947, 0.6578947368421053, 0.6363636363636364, 0.7878787878787878, 0.6363636363636364, 0.8787878787878788, 0.75], "fail": [0, 0, 0, 0, 0, 0, 0, 0, 0, 0, 0, 0, 0, 0, 0, 0, 0, 1, 0, 0, 1, 0, 1, 3, 0, 0, 0, 0, 0, 0, 0, 0, 0, 0, 0, 0, 0, 0, 0, 1, 0, 0, 0, 0, 0, 0, 0, 0, 0, 0, 0, 0, 0, 0, 0], "recv_per_veh": [16.0, 22.0, 21.0, 40.0, 49.0, 29.0, 44.0, 50.0, 29.0, 31.0, 36.0, 37.0, 31.0, 51.0, 14.0, 16.0, 41.0, 43.0, 28.0, 30.0, 25.0, 30.0, 22.0, 26.0, 33.0, 47.0, 22.0, 43.0, 60.0, 47.0, 31.0, 12.0, 17.0, 21.0, 41.0, 11.0, 10.0, 28.0, 15.0, 29.0, 21.0, 49.0, 46.0, 16.0, 32.0, 34.0, 22.0, 19.0, 24.0, 29.0, 17.0, 27.0, 43.0, 33.0, 30.0, 23.0, 21.0, 33.0, 79.0, 38.0], "first_recv": {"4_1": 0, "6_0": 0, "8_1": 0, "13_0": 0, "16_2": 0, "17_2": 0, "18_1": 0, "19_0": 0, "21_1": 0, "22_1": 0, "24_1": 0, "25_1": 0, "26_1": 0, "27_1": 0, "30_0": 0, "32_1": 0, "34_0": 0, "38_1": 0, "41_1": 0, "44_1": 0, "44_0": 0, "52_0": 0, "52_2": 0, "54_1": 0, "55_1": 0, "57_2": 0, "58_1": 0, "59_0": 0, "6_1": 1, "10_2": 1, "11_0": 1, "22_2": 1, "28_0": 1, "42_0": 1, "47_1": 1, "53_1": 1, "56_1": 1, "0_0": 2, "2_2": 2, "3_2": 2, "7_2": 2, "12_0": 2, "14_0": 2, "23_1": 2, "43_2": 2, "49_0": 2, "51_1": 2, "57_1": 2, "3_1": 3, "12_2": 3, "48_0": 3, "50_0": 3, "29_1": 4, "30_1": 4, "43_1": 4, "46_2": 4, "48_2": 4, "1_0": 5, "5_1": 5, "12_1": 5, "13_1": 5, "15_1": 5, "18_0": 5, "21_2": 5, "27_2": 5, "36_0": 5, "53_0": 5, "9_0": 6, "11_2": 6, "14_1": 6, "30_2": 6, "39_1": 6, "9_1": 7, "29_2": 7, "33_1": 7, "37_2": 7, "58_0": 7, "0_2": 8, "8_0": 8, "9_2": 8, "20_2": 8, "24_0": 8, "35_0": 8, "37_1": 8, "40_2": 8, "10_0": 9, "20_0": 9, "34_2": 9, "45_2": 9, "50_1": 9, "54_2": 9, "27_0": 10, "56_0": 10, "15_2": 11, "56_2": 12, "50_2": 13, "55_0": 13, "24_2": 14, "31_2": 14, "37_0": 15, "39_2": 15, "31_0": 16, "32_0": 16, "51_0": 16, "29_0": 17, "16_1": 18, "31_1": 18, "7_0": 22, "46_1": 22, "33_0": 23, "48_1": 23, "17_1": 24, "33_2": 26, "54_0": 26, "1_1": 27, "51_2": 28, "46_0": 30, "19_1": 31, "1_2": 35, "14_2": 49, "40_1": 52, "41_2": 54}, "y_queue": [], "z_queue": [], "acc_per_veh": [0.7010000348091125, 0.7250000238418579, 0.5820000171661377, 0.7320000529289246, 0.6130000352859497, 0.3930000066757202, 0.4130000174045563, 0.6970000267028809, 0.4830000102519989, 0.6850000619888306, 0.6350000500679016, 0.6200000047683716, 0.6880000233650208, 0.43800002336502075, 0.7240000367164612, 0.718000054359436, 0.7800000309944153, 0.6730000376701355, 0.3660000264644623, 0.5509999990463257, 0.6030000448226929, 0.7270000576972961, 0.6440000534057617, 0.39100003242492676, 0.7990000247955322, 0.43400001525878906, 0.39400002360343933, 0.7320000529289246, 0.5130000114440918, 0.5040000081062317, 0.7050000429153442, 0.6880000233650208, 0.40800002217292786, 0.690000057220459, 0.6610000133514404, 0.46300002932548523, 0.5879999995231628, 0.7780000567436218, 0.36500000953674316, 0.6350000500679016, 0.703000009059906, 0.7900000214576721, 0.47300001978874207, 0.7420000433921814, 0.4140000343322754, 0.5090000033378601, 0.6980000138282776, 0.43400001525878906, 0.7040000557899475, 0.5180000066757202, 0.7070000171661377, 0.5560000538825989, 0.5950000286102295, 0.5580000281333923, 0.6000000238418579, 0.7430000305175781, 0.6970000267028809, 0.6170000433921814, 0.3720000088214874, 0.3830000162124634], "veh_meta": [{"mods": [0, 2], "D": {"0": 79, "2": 116}, "Q": {"0": 0.8408904499463035, "2": 0.8054775186395853}}, {"mods": [0, 1, 2], "D": {"0": 71, "1": 97, "2": 86}, "Q": {"0": 0.8631031262012127, "1": 0.9669251343794746, "2": 0.47504329448349025}}, {"mods": [2], "D": {"2": 75}, "Q": {"2": 0.3363326015759046}}, {"mods": [0, 1, 2], "D": {"0": 71, "1": 33, "2": 78}, "Q": {"0": 0.4107689217746535,