{"cfg": {"method": "LRU-Random", "trace": "/home/wnlab/CK_infoProject/infocomsim/results/traces/trace_low_n60_s1.npz", "seed": 3, "rounds": 55, "r_v2v": 100.0, "cache_encoders": 4, "max_out": 1, "V": 50.0, "use_gat": true, "dataset": "har", "phi_agg": 0.15}, "hist": {"acc": [0.21211667656898497, 0.5274833555022875, 0.615016694366932, 0.6217666963736216, 0.6164666970570882, 0.621733362476031, 0.6240166982014974, 0.6223833610614141, 0.6180833622813224, 0.6181666950384775, 0.6197500273585319, 0.6176166966557503], "acc_round": [1, 5, 10, 15, 20, 25, 30, 35, 40, 45, 50, 55], "recv": [37, 35, 39, 36, 30, 35, 29, 41, 41, 33, 30, 43, 39, 29, 26, 35, 34, 40, 42, 36, 38, 39, 42, 38, 33, 38, 31, 30, 35, 41, 42, 41, 39, 31, 31, 35, 39, 37, 35, 38, 38, 41, 36, 36, 32, 36, 39, 40, 35, 39, 37, 32, 35, 35, 34], "succ": [37, 35, 39, 36, 30, 35, 29, 41, 41, 33, 30, 43, 39, 29, 26, 35, 34, 40, 42, 36, 38, 39, 42, 38, 33, 38, 31, 30, 35, 41, 42, 41, 39, 31, 31, 35, 39, 37, 35, 38, 38, 41, 36, 36, 32, 36, 39, 40, 35, 39, 37, 32, 35, 35, 34], "att": [39, 37, 41, 38, 33, 35, 32, 44, 47, 37, 36, 44, 40, 34, 29, 36, 36, 44, 44, 37, 42, 41, 44, 44, 34, 39, 32, 33, 37, 43, 43, 43, 40, 32, 31, 38, 39, 38, 40, 41, 43, 41, 38, 37, 37, 37, 39, 42, 39, 41, 37, 41, 37, 37, 36], "energy": [12.231501705836056, 11.145245985761933, 12.899303049285512, 8.642729307174678, 12.084919502915811, 12.536443164033662, 10.020108492422718, 18.258145105520956, 19.13582426786561, 11.525791279848312, 12.997341779460921, 16.005331155908795, 13.01421848617992, 12.148318176951282, 7.6105467598143655, 10.701298810007236, 12.07205158992862, 14.162245770201555, 14.695425261374323, 10.445870890714247, 14.131709088007828, 13.690893136810278, 15.424459271491262, 13.905294165560873, 14.712231926426341, 12.126176688596518, 13.291503580625953, 14.239229744810814, 11.369396027954465, 15.679249573328297, 13.303129786425794, 12.80962677591708, 11.964510984584532, 8.394657524921234, 8.50304999924929, 12.977398204303974, 14.259909673855894, 13.076811443399212, 14.149153177831083, 13.880790401904942, 15.939887111549837, 11.644936130797582, 11.073943563782182, 8.964680792932205, 12.28478557258666, 11.295733157287476, 11.082331955827883, 15.050890458750372, 13.402248821860473, 12.233439262574995, 14.945607058809738, 14.497424071429727, 9.983568632922124, 12.470696148806791, 11.339497502039585], "coverage": [0.18382352941176472, 0.3161764705882353, 0.41911764705882354, 0.47058823529411764, 0.5367647058823529, 0.625, 0.6764705882352942, 0.7279411764705882, 0.8014705882352942, 0.8088235294117647, 0.8235294117647058, 0.8455882352941176, 0.875, 0.8897058823529411, 0.9191176470588235, 0.9411764705882353, 0.9485294117647058, 0.9558823529411765, 0.9779411764705882, 0.9779411764705882, 0.9852941176470589, 0.9852941176470589, 0.9926470588235294, 0.9926470588235294, 1.0, 1.0, 1.0, 1.0, 1.0, 1.0, 1.0, 1.0, 1.0, 1.0, 1.0, 1.0, 1.0, 1.0, 1.0, 1.0, 1.0, 1.0, 1.0, 1.0, 1.0, 1.0, 1.0, 1.0, 1.0, 1.0, 1.0, 1.0, 1.0, 1.0, 1.0], "staleness": [0.0, 0.08571428571428572, 0.28205128205128205, 0.7777777777777778, 1.2333333333333334, 1.3714285714285714, 1.793103448275862, 1.6097560975609757, 2.097560975609756, 2.727272727272727, 3.3, 4.651162790697675, 4.641025641025641, 5.9655172413793105, 6.076923076923077, 6.3428571428571425, 3.9411764705882355, 6.6, 6.928571428571429, 5.833333333333333, 8.078947368421053, 6.589743589743589, 8.738095238095237, 7.5, 7.909090909090909, 9.342105263157896, 9.193548387096774, 10.533333333333333, 10.942857142857143, 11.731707317073171, 8.214285714285714, 10.853658536585366, 9.487179487179487, 9.419354838709678, 11.193548387096774, 11.6, 13.76923076923077, 12.297297297297296, 15.17142857142857, 11.710526315789474, 9.342105263157896, 10.21951219512195, 11.63888888888889, 12.25, 11.3125, 9.222222222222221, 11.564102564102564, 8.8, 15.314285714285715, 13.846153846153847, 9.27027027027027, 15.9375, 11.514285714285714, 9.342857142857143, 14.911764705882353], "fail": [2, 2, 2, 2, 3, 0, 3, 3, 6, 4, 6, 1, 1, 5, 3, 1, 2, 4, 2, 1, 4, 2, 2, 6, 1, 1, 1, 3, 2, 2, 1, 2, 1, 1, 0, 3, 0, 1, 5, 3, 5, 0, 2, 1, 5, 1, 0, 2, 4, 2, 0, 9, 2, 2, 2], "recv_per_veh": [28.0, 27.0, 26.0, 37.0, 8.0, 11.0, 37.0, 38.0, 27.0, 39.0, 8.0, 37.0, 29.0, 35.0, 29.0, 16.0, 28.0, 38.0, 18.0, 21.0, 32.0, 37.0, 31.0, 35.0, 33.0, 46.0, 9.0, 32.0, 12.0, 21.0, 34.0, 27.0, 10.0, 19.0, 18.0, 20.0, 9.0, 6.0, 31.0, 15.0, 35.0, 23.0, 34.0, 18.0, 27.0, 22.0, 32.0, 18.0, 47.0, 4.0, 20.0, 35.0, 21.0, 28.0, 23.0, 11.0, 13.0, 37.0, 45.0, 12.0], "first_recv": {"8_1": 0, "8_2": 0, "13_2": 0, "16_1": 0, "16_0": 0, "17_2": 0, "18_2": 0, "21_0": 0, "22_0": 0, "23_0": 0, "25_1": 0, "25_2": 0, "27_0": 0, "28_2": 0, "30_2": 0, "34_1": 0, "38_2": 0, "47_1": 0, "49_1": 0, "51_1": 0, "53_0": 0, "54_2": 0, "56_2": 0, "57_1": 0, "58_1": 0, "1_0": 1, "6_2": 1, "6_0": 1, "10_1": 1, "11_0": 1, "11_2": 1, "22_1": 1, "22_2": 1, "24_2": 1, "25_0": 1, "38_1": 1, "44_2": 1, "47_2": 1, "50_2": 1, "52_0": 1, "52_1": 1, "55_2": 1, "58_2": 1, "0_0": 2, "1_1": 2, "2_1": 2, "3_2": 2, "6_1": 2, "12_2": 2, "14_1": 2, "23_2": 2, "34_2": 2, "43_2": 2, "44_0": 2, "48_2": 2, "51_2": 2, "59_0": 2, "0_2": 3, "12_0": 3, "13_1": 3, "26_2": 3, "43_1": 3, "51_0": 3, "58_0": 3, "3_0": 4, "27_2": 4, "27_1": 4, "29_0": 4, "42_2": 4, "46_1": 4, "48_1": 4, "48_0": 4, "55_1": 4, "4_1": 5, "5_0": 5, "7_2": 5, "13_0": 5, "15_2": 5, "16_2": 5, "23_1": 5, "30_0": 5, "36_0": 5, "41_2": 5, "42_0": 5, "57_0": 5, "0_1": 6, "5_1": 6, "9_2": 6, "9_1": 6, "24_0": 6, "39_0": 6, "57_2": 6, "7_0": 7, "31_0": 7, "31_1": 7, "33_0": 7, "36_2": 7, "46_2": 7, "53_2": 7, "2_0": 8, "3_1": 8, "11_1": 8, "18_0": 8, "19_2": 8, "20_2": 8, "39_1": 8, "40_2": 8, "46_0": 8, "54_0": 8, "45_1": 9, "35_2": 10, "56_1": 10, "21_1": 11, "37_0": 11, "50_0": 11, "14_0": 12, "21_2": 12, "30_1": 12, "38_0": 12, "31_2": 13, "32_1": 13, "2_2": 14, "17_1": 14, "24_1": 14, "45_2": 14, "17_0": 15, "29_1": 15, "32_0": 15, "20_0": 16, "35_0": 17, "14_2": 18, "20_1": 18, "43_0": 18, "9_0": 20, "40_0": 22, "33_2": 24}, "y_queue": [], "z_queue": [], "acc_per_veh": [0.7230000495910645, 0.4960000216960907, 0.6050000190734863, 0.690000057220459, 0.37700000405311584, 0.359000027179718, 0.7500000596046448, 0.7520000338554382, 0.5430000424385071, 0.5320000052452087, 0.45900002121925354, 0.6540000438690186, 0.609000027179718, 0.6840000152587891, 0.6730000376701355, 0.5900000333786011, 0.7560000419616699, 0.812000036239624, 0.6990000605583191, 0.5940000414848328, 0.7230000495910645, 0.659000039100647, 0.6940000057220459, 0.5540000200271606, 0.6550000309944153, 0.7240000367164612, 0.6320000290870667, 0.6930000185966492, 0.5220000147819519, 0.4650000333786011, 0.6490000486373901, 0.6340000033378601, 0.4870000183582306, 0.7490000128746033, 0.5750000476837158, 0.7770000100135803, 0.64000004529953, 0.4220000207424164, 0.7250000238418579, 0.45100003480911255, 0.7240000367164612, 0.48900002241134644, 0.6960000395774841, 0.6140000224113464, 0.6610000133514404, 0.5640000104904175, 0.7430000305175781, 0.40300002694129944, 0.6360000371932983, 0.43300002813339233, 0.7220000624656677, 0.7750000357627869, 0.4780000150203705, 0.6370000243186951, 0.6180000305175781, 0.6370000243186951, 0.5990000367164612, 0.718000054359436, 0.7070000171661377, 0.41600000858306885], "veh_meta": [{"mods": [0, 1, 2], "D": {"0": 84, "1": 63, "2": 102}, "Q": {"0": 0.8518504893814931, "1": 0.8567050163542638, "2": 0.888090743534148}}, {"mods": [0, 1], "D": {"0": 85, "1": 73}, "Q": {"0": 0.8450109009679664, "1": 0.8937880497398338}}, {"mods": [0, 1, 2], "D": {"0": 61, "1": 50, "2": 111}, "Q": {"0": 0.9382185843711529, "1": 0.8747200248297857, "2": 0.8679697327913636}}, {"mods": [0, 1, 2], "D": {"0": 74, "1": 65, "2": 122}, "Q": {"0": 0.9082039346719543, "1": 0.8527773341905027, "2": 0.9678386115599942}}, {"mods": [1], "D": {"1": 56}, "Q": {"1": 0.9105689146300892}}, {"mods": [0, 1], "D": {"0": 51, "1": 20}, "Q": {"0": 0.5177179562761278, "1": 0.8286664634942643}}, {"mods": [0, 1, 2], "D": {"0": 55, "1": 72,