{"cfg": {"method": "LRU-Random", "trace": "/Users/ckim48/Downloads/infocomsim/results/traces/trace_med_n60_s1.npz", "seed": 1, "rounds": 55, "r_v2v": 200.0, "cache_encoders": 4, "max_out": 3, "V": 50.0, "use_gat": true, "dataset": "har", "phi_agg": 0.0}, "hist": {"acc": [0.20368333508570988, 0.4740666647752126, 0.5566666672627131, 0.5884999990463257, 0.5853499998648961, 0.5910166655977567, 0.597466663022836, 0.6032833362619082, 0.6047500004371007, 0.6026666661103567, 0.6019500012199084, 0.6054500003655752], "acc_round": [1, 5, 10, 15, 20, 25, 30, 35, 40, 45, 50, 55], "recv": [95, 96, 130, 117, 118, 110, 116, 131, 131, 128, 116, 132, 104, 128, 120, 139, 127, 132, 146, 109, 143, 123, 143, 123, 122, 121, 109, 134, 101, 131, 136, 134, 125, 122, 125, 135, 122, 115, 151, 132, 135, 119, 108, 127, 132, 122, 105, 120, 125, 126, 107, 116, 120, 102, 135], "succ": [95, 96, 130, 117, 118, 110, 116, 131, 131, 128, 116, 132, 104, 128, 120, 139, 127, 132, 146, 109, 143, 123, 143, 123, 122, 121, 109, 134, 101, 131, 136, 134, 125, 122, 125, 135, 122, 115, 151, 132, 135, 119, 108, 127, 132, 122, 105, 120, 125, 126, 107, 116, 120, 102, 135], "att": [114, 141, 155, 156, 161, 170, 159, 166, 168, 156, 159, 168, 156, 162, 162, 168, 168, 171, 171, 171, 159, 150, 162, 165, 168, 153, 153, 165, 162, 168, 171, 165, 165, 159, 162, 162, 159, 159, 177, 177, 168, 165, 156, 168, 165, 159, 168, 168, 171, 150, 159, 165, 162, 168, 168], "energy": [209.11544984541868, 226.6530292205368, 309.3256001177912, 217.84194342074824, 286.12313904743195, 313.3185025082204, 302.00309382620827, 282.65659818171036, 286.04452136421475, 300.765303557411, 247.2434790072411, 322.46537148746245, 283.5328380888053, 329.4937856390744, 312.61408138628406, 321.81038123933934, 310.2362615244635, 315.47177439809417, 327.42175571517595, 222.47960632693284, 283.25720646513906, 255.34807984906368, 308.27186406770045, 284.33301095633874, 315.7417050845566, 263.3850243593534, 264.5186099934157, 310.36863990689005, 236.76077664423414, 301.85241969820953, 274.5441944193364, 278.9808481811521, 286.1682797507114, 288.612900133544, 302.0527381845072, 268.4346671649855, 266.75259813633636, 286.3938689311768, 355.54846780055993, 308.4166376303539, 336.66012718107623, 309.80042034385895, 252.24411053457894, 315.5179117652824, 310.4935860306256, 302.3096600073259, 247.32755317388012, 344.76121479153215, 333.7602715701355, 295.21014127681514, 301.60910911748965, 285.92490884960546, 252.79638584830192, 276.93344590626134, 310.414086580476], "coverage": [0.3798449612403101, 0.6046511627906976, 0.7596899224806202, 0.8062015503875969, 0.8914728682170543, 0.9224806201550387, 0.937984496124031, 0.9534883720930233, 0.9767441860465116, 0.9844961240310077, 0.9922480620155039, 0.9922480620155039, 0.9922480620155039, 1.0, 1.0, 1.0, 1.0, 1.0, 1.0, 1.0, 1.0, 1.0, 1.0, 1.0, 1.0, 1.0, 1.0, 1.0, 1.0, 1.0, 1.0, 1.0, 1.0, 1.0, 1.0, 1.0, 1.0, 1.0, 1.0, 1.0, 1.0, 1.0, 1.0, 1.0, 1.0, 1.0, 1.0, 1.0, 1.0, 1.0, 1.0, 1.0, 1.0, 1.0, 1.0], "staleness": [0.0, 0.3541666666666667, 0.8384615384615385, 1.2564102564102564, 1.6610169491525424, 2.190909090909091, 2.2413793103448274, 3.381679389312977, 3.5267175572519083, 4.03125, 4.379310344827586, 5.113636363636363, 5.855769230769231, 5.8671875, 7.358333333333333, 7.338129496402877, 7.448818897637795, 7.712121212121212, 8.801369863013699, 8.990825688073395, 8.678321678321678, 10.170731707317072, 8.853146853146853, 9.113821138211382, 9.073770491803279, 11.214876033057852, 10.027522935779816, 9.835820895522389, 10.841584158415841, 10.625954198473282, 11.544117647058824, 9.985074626865671, 12.104, 14.475409836065573, 12.168, 13.948148148148148, 13.98360655737705, 12.643478260869566, 12.596026490066226, 12.234848484848484, 11.74074074074074, 13.302521008403362, 11.416666666666666, 12.590551181102363, 9.674242424242424, 11.163934426229508, 10.038095238095238, 11.041666666666666, 11.824, 12.88888888888889, 13.30841121495327, 13.620689655172415, 16.65, 16.676470588235293, 14.822222222222223], "fail": [19, 45, 25, 39, 43, 60, 43, 35, 37, 28, 43, 36, 52, 34, 42, 29, 41, 39, 25, 62, 16, 27, 19, 42, 46, 32, 44, 31, 61, 37, 35, 31, 40, 37, 37, 27, 37, 44, 26, 45, 33, 46, 48, 41, 33, 37, 63, 48, 46, 24, 52, 49, 42, 66, 33], "recv_per_veh": [68.0, 112.0, 67.0, 116.0, 121.0, 26.0, 47.0, 100.0, 44.0, 124.0, 60.0, 83.0, 108.0, 54.0, 82.0, 74.0, 102.0, 92.0, 41.0, 56.0, 85.0, 89.0, 106.0, 31.0, 115.0, 24.0, 25.0, 121.0, 23.0, 126.0, 100.0, 112.0, 44.0, 90.0, 117.0, 16.0, 7.0, 114.0, 28.0, 86.0, 94.0, 123.0, 16.0, 93.0, 52.0, 56.0, 105.0, 33.0, 139.0, 14.0, 103.0, 101.0, 48.0, 55.0, 116.0, 115.0, 79.0, 106.0, 45.0, 16.0], "first_recv": {"3_1": 0, "6_0": 0, "6_1": 0, "8_1": 0, "8_0": 0, "9_0": 0, "9_2": 0, "13_1": 0, "13_0": 0, "14_0": 0, "14_2": 0, "16_2": 0, "16_1": 0, "17_1": 0, "17_0": 0, "18_1": 0, "21_1": 0, "22_1": 0, "23_1": 0, "24_2": 0, "24_1": 0, "25_1": 0, "27_1": 0, "29_0": 0, "29_2": 0, "32_1": 0, "34_2": 0, "37_1": 0, "38_1": 0, "41_0": 0, "41_2": 0, "41_1": 0, "42_0": 0, "44_0": 0, "44_1": 0, "45_2": 0, "47_1": 0, "49_0": 0, "50_2": 0, "50_0": 0, "50_1": 0, "51_2": 0, "52_2": 0, "54_1": 0, "55_1": 0, "55_0": 0, "56_1": 0, "56_0": 0, "57_1": 0, "0_2": 1, "0_0": 1, "1_2": 1, "1_1": 1, "4_1": 1, "10_2": 1, "11_0": 1, "11_2": 1, "14_1": 1, "19_1": 1, "19_0": 1, "22_2": 1, "24_0": 1, "28_0": 1, "30_2": 1, "30_1": 1, "30_0": 1, "32_0": 1, "34_0": 1, "36_0": 1, "37_2": 1, "40_1": 1, "48_1": 1, "52_0": 1, "53_1": 1, "53_0": 1, "54_2": 1, "58_1": 1, "59_0": 1, "1_0": 2, "2_2": 2, "3_2": 2, "9_1": 2, "12_0": 2, "12_2": 2, "20_0": 2, "20_2": 2, "26_1": 2, "29_1": 2, "33_1": 2, "33_2": 2, "35_0": 2, "37_0": 2, "39_2": 2, "40_2": 2, "43_2": 2, "54_0": 2, "56_2": 2, "57_2": 2, "4_2": 3, "27_2": 3, "34_1": 3, "39_1": 3, "48_2": 3, "48_0": 3, "5_1": 4, "7_2": 4, "7_0": 4, "18_0": 4, "21_2": 4, "27_0": 4, "31_1": 4, "43_1": 4, "46_2": 4, "46_0": 4, "51_1": 4, "15_1": 5, "15_2": 5, "15_0": 5, "17_2": 5, "46_1": 6, "55_2": 6, "31_2": 7, "33_0": 7, "12_1": 8, "31_0": 8, "51_0": 8, "3_0": 9, "58_0": 10, "10_0": 13}, "y_queue": [], "z_queue": [], "acc_per_veh": [0.7490000128746033, 0.7689999938011169, 0.6069999933242798, 0.6660000085830688, 0.6420000195503235, 0.4390000104904175, 0.3930000066757202, 0.6949999928474426, 0.41100001335144043, 0.6620000004768372, 0.621999979019165, 0.6470000147819519, 0.7149999737739563, 0.3930000066757202, 0.7250000238418579, 0.7879999876022339, 0.7599999904632568, 0.7269999980926514, 0.3869999945163727, 0.5019999742507935, 0.7139999866485596, 0.6840000152587891, 0.5770000219345093, 0.39500001072883606, 0.8029999732971191, 0.4320000112056732, 0.4259999990463257, 0.6919999718666077, 0.5120000243186951, 0.7039999961853027, 0.6970000267028809, 0.8180000185966492, 0.5059999823570251, 0.6959999799728394, 0.6389999985694885, 0.4740000069141388, 0.30399999022483826, 0.7829999923706055, 0.3319999873638153, 0.6399999856948853, 0.703000009059906, 0.6990000009536743, 0.4169999957084656, 0.6819999814033508, 0.40700000524520874, 0.5450000166893005, 0.7540000081062317, 0.4000000059604645, 0.6819999814033508, 0.4909999966621399, 0.6480000019073486, 0.7400000095367432, 0.7179999947547913, 0.5440000295639038, 0.6769999861717224, 0.7860000133514404, 0.7440000176429749, 0.6340000033378601, 0.4339999854564667, 0.4950000047683716], "veh_meta": [{"mods": [0, 2], "D": {"0": 79, "2": 116}, "Q": {"0": 0.8408904499463036, "2": 0.8054775186395853}}, {"mods": [0, 1, 2], "D": {"0": 71, "1": 97, "2": 86}, "Q": {"0": 0.8631031262012127, "1": 0.9669251343794746, "2": 0.47504329448349025}}, {"mods": [2], "D": {"2": 75}, "Q": {"2": 0.3363326015759046}}, {"mods": [0, 1, 2], "D": {"0": 71, "1": 33, "2": 78}, "Q": {"0": 0.4107689217746535, "1": 0.9029778224116617, "2": 0.9173110081003986}}, {"mods": [1, 2], "D": {"1": 38, "2": 114}, "Q": {"1": 0.9501884868054674, "2": 0.3309783675295078}}, {"mods": [1], "D": {"1": 60}, "Q": {"1": 0.9156779228774263}}, {"mods": [0, 1], "D": {"0": 20, "1": 93}, "Q": {"0": 0.9381793835033848,