{"cfg": {"method": "DFL-Gossip", "trace": "/Users/ckim48/Downloads/infocomsim/results/traces/trace_med_n60_s3.npz", "seed": 3, "rounds": 55, "r_v2v": 200.0, "cache_encoders": 4, "max_out": 3, "V": 50.0, "use_gat": true, "dataset": "har", "phi_agg": 0.0}, "hist": {"acc": [0.19564999936458966, 0.4491666679581006, 0.5750499978661537, 0.6098833387096723, 0.6295000036557515, 0.6299833372235298, 0.6444666663805644, 0.6406833345691363, 0.6535666669408481, 0.6557666679223378, 0.6617333312829335, 0.6690499986211459], "acc_round": [1, 5, 10, 15, 20, 25, 30, 35, 40, 45, 50, 55], "recv": [123, 130, 149, 121, 136, 117, 121, 141, 122, 122, 122, 126, 134, 124, 133, 133, 141, 137, 139, 120, 131, 128, 127, 134, 127, 132, 124, 140, 123, 127, 111, 120, 114, 130, 129, 119, 128, 118, 145, 135, 141, 135, 139, 132, 123, 132, 125, 136, 116, 112, 124, 128, 124, 107, 112], "succ": [123, 130, 149, 121, 136, 117, 121, 141, 122, 122, 122, 126, 134, 124, 133, 133, 141, 137, 139, 120, 131, 128, 127, 134, 127, 132, 124, 140, 123, 127, 111, 120, 114, 130, 129, 119, 128, 118, 145, 135, 141, 135, 139, 132, 123, 132, 125, 136, 116, 112, 124, 128, 124, 107, 112], "att": [143, 164, 159, 156, 166, 152, 158, 149, 153, 128, 145, 148, 146, 144, 151, 158, 157, 155, 159, 147, 151, 152, 153, 159, 152, 152, 151, 156, 147, 154, 160, 143, 135, 152, 154, 143, 146, 145, 151, 155, 163, 162, 156, 148, 156, 150, 162, 151, 141, 138, 139, 138, 142, 141, 142], "energy": [261.2283237734107, 284.7521426246178, 273.4819699455913, 239.64791341163635, 292.29971120653465, 245.78427983708883, 266.25888001219664, 238.3252632304747, 232.30233431042217, 192.2036015194606, 226.30597306937602, 199.35274619119693, 209.71552169346458, 261.03047183895876, 232.0664942248998, 250.4003879533743, 249.2013019630272, 265.480303993656, 211.0187611437652, 211.9625510048743, 237.3116735864917, 214.0106418567424, 240.45296965648325, 259.7446385414878, 275.9218643961824, 223.41298692082196, 211.14070995053413, 266.1675987995372, 183.88074738463754, 256.09276243355754, 226.45997706555568, 235.7870356134312, 227.38212417753564, 218.57431026731777, 265.9524756544468, 215.98996235256308, 269.88990581615656, 195.9061762434351, 215.15423812765167, 213.64339913805742, 265.68383084442775, 254.13226380183355, 269.4444777358769, 237.0768234377737, 232.9536446933165, 273.252857238546, 219.9151975519281, 273.41642341924904, 185.87902475493735, 214.738605160338, 220.8157560231804, 227.28081192793383, 221.48839596977902, 233.2895644949507, 261.59167806538557], "coverage": [0.6397058823529411, 0.7426470588235294, 0.875, 0.9044117647058824, 0.9558823529411765, 0.9632352941176471, 0.9779411764705882, 0.9926470588235294, 0.9926470588235294, 1.0, 1.0, 1.0, 1.0, 1.0, 1.0, 1.0, 1.0, 1.0, 1.0, 1.0, 1.0, 1.0, 1.0, 1.0, 1.0, 1.0, 1.0, 1.0, 1.0, 1.0, 1.0, 1.0, 1.0, 1.0, 1.0, 1.0, 1.0, 1.0, 1.0, 1.0, 1.0, 1.0, 1.0, 1.0, 1.0, 1.0, 1.0, 1.0, 1.0, 1.0, 1.0, 1.0, 1.0, 1.0, 1.0], "staleness": [0.0, 0.0, 0.0, 0.0, 0.0, 0.0, 0.0, 0.0, 0.0, 0.0, 0.0, 0.0, 0.0, 0.0, 0.0, 0.0, 0.0, 0.0, 0.0, 0.0, 0.0, 0.0, 0.0, 0.0, 0.0, 0.0, 0.0, 0.0, 0.0, 0.0, 0.0, 0.0, 0.0, 0.0, 0.0, 0.0, 0.0, 0.0, 0.0, 0.0, 0.0, 0.0, 0.0, 0.0, 0.0, 0.0, 0.0, 0.0, 0.0, 0.0, 0.0, 0.0, 0.0, 0.0, 0.0], "fail": [20, 34, 10, 35, 30, 35, 37, 8, 31, 6, 23, 22, 12, 20, 18, 25, 16, 18, 20, 27, 20, 24, 26, 25, 25, 20, 27, 16, 24, 27, 49, 23, 21, 22, 25, 24, 18, 27, 6, 20, 22, 27, 17, 16, 33, 18, 37, 15, 25, 26, 15, 10, 18, 34, 30], "recv_per_veh": [161.0, 73.0, 162.0, 138.0, 36.0, 102.0, 148.0, 118.0, 87.0, 171.0, 41.0, 129.0, 106.0, 143.0, 162.0, 61.0, 117.0, 153.0, 139.0, 40.0, 155.0, 197.0, 152.0, 123.0, 179.0, 166.0, 53.0, 174.0, 78.0, 75.0, 145.0, 212.0, 104.0, 124.0, 86.0, 82.0, 81.0, 48.0, 128.0, 115.0, 92.0, 81.0, 111.0, 195.0, 107.0, 119.0, 140.0, 82.0, 134.0, 53.0, 137.0, 164.0, 101.0, 104.0, 113.0, 107.0, 118.0, 135.0, 99.0, 63.0], "first_recv": {"0_0": 0, "0_2": 0, "1_0": 0, "1_1": 0, "2_0": 0, "2_1": 0, "2_2": 0, "3_0": 0, "4_1": 0, "6_0": 0, "6_1": 0, "6_2": 0, "7_0": 0, "7_2": 0, "8_1": 0, "9_1": 0, "9_2": 0, "10_1": 0, "12_2": 0, "12_0": 0, "15_2": 0, "16_1": 0, "16_0": 0, "17_0": 0, "17_1": 0, "18_0": 0, "18_2": 0, "19_2": 0, "20_0": 0, "20_2": 0, "21_2": 0, "22_1": 0, "22_0": 0, "22_2": 0, "23_0": 0, "23_2": 0, "26_2": 0, "27_0": 0, "27_2": 0, "27_1": 0, "28_2": 0, "31_0": 0, "31_1": 0, "31_2": 0, "32_0": 0, "32_1": 0, "33_0": 0, "33_2": 0, "34_1": 0, "34_2": 0, "36_2": 0, "38_2": 0, "39_1": 0, "39_0": 0, "40_2": 0, "41_2": 0, "42_0": 0, "42_2": 0, "43_0": 0, "43_1": 0, "43_2": 0, "44_2": 0, "44_0": 0, "46_1": 0, "46_2": 0, "47_2": 0, "48_0": 0, "48_1": 0, "48_2": 0, "50_0": 0, "50_2": 0, "51_0": 0, "51_1": 0, "51_2": 0, "52_0": 0, "54_0": 0, "54_2": 0, "55_1": 0, "55_2": 0, "56_1": 0, "56_2": 0, "57_0": 0, "57_1": 0, "57_2": 0, "58_2": 0, "58_0": 0, "59_0": 0, "9_0": 1, "16_2": 1, "21_1": 1, "24_0": 1, "25_1": 1, "25_2": 1, "30_0": 1, "30_1": 1, "30_2": 1, "35_2": 1, "38_0": 1, "38_1": 1, "45_1": 1, "45_2": 1, "3_1": 2, "5_0": 2, "5_1": 2, "8_2": 2, "11_0": 2, "11_2": 2, "13_0": 2, "13_1": 2, "13_2": 2, "21_0": 2, "24_1": 2, "24_2": 2, "29_1": 2, "37_0": 2, "46_0": 2, "47_1": 2, "49_1": 2, "58_1": 2, "0_1": 3, "3_2": 3, "35_0": 3, "36_0": 3, "14_0": 4, "14_2": 4, "14_1": 4, "29_0": 4, "40_0": 4, "52_1": 4, "53_2": 4, "53_0": 5, "17_2": 6, "20_1": 6, "11_1": 7, "25_0": 7, "23_1": 9}, "y_queue": [], "z_queue": [], "acc_per_veh": [0.7300000190734863, 0.5559999942779541, 0.7369999885559082, 0.7900000214576721, 0.453000009059906, 0.3919999897480011, 0.8220000267028809, 0.7519999742507935, 0.5519999861717224, 0.7070000171661377, 0.41499999165534973, 0.6790000200271606, 0.7149999737739563, 0.6990000009536743, 0.777999997138977, 0.6690000295639038, 0.8119999766349792, 0.7070000171661377, 0.7919999957084656, 0.6759999990463257, 0.7409999966621399, 0.7310000061988831, 0.7770000100135803, 0.6990000009536743, 0.7570000290870667, 0.7919999957084656, 0.7139999866485596, 0.7260000109672546, 0.7269999980926514, 0.503000020980835, 0.7300000190734863, 0.7549999952316284, 0.4390000104904175, 0.7770000100135803, 0.6489999890327454, 0.7749999761581421, 0.6869999766349792, 0.3889999985694885, 0.7229999899864197, 0.4659999907016754, 0.7269999980926514, 0.6779999732971191, 0.7319999933242798, 0.6019999980926514, 0.6899999976158142, 0.5799999833106995, 0.7459999918937683, 0.41499999165534973, 0.7979999780654907, 0.41100001335144043, 0.765999972820282, 0.8259999752044678, 0.5040000081062317, 0.7409999966621399, 0.6930000185966492, 0.6449999809265137, 0.6169999837875366, 0.7680000066757202, 0.7310000061988831, 0.4830000102519989], "veh_meta": [{"mods": [0, 1, 2], "D": {"0": 84, "1": 63, "2": 102}, "Q": {"0": 0.8518504893814931, "1": 0.8567050163542638, "2": 0.888090743534148}}, {"mods": [0, 1], "D": {"0": 85, "1": 73}, "Q": {"0": 0.8450109009679664, "1": 0.8937880497398338}}, {"mods": [0, 1, 2], "D": {"0": 61, "1": 50, "2": 111}, "Q": {"0": 0.9382185843711529, "1": 0.8747200248297857, "2": 0.8679697327913636}}, {"mods": [0, 1, 2], "D": {"0": 74, "1": 65, "2": 122}, "Q": {"0": 0.9082039346719543, "1": 0.8527773341905027, "2": 0.9678386115599942}}, {"mods": [1], "D": {"1": 56}, "Q": {"1": 0.9105689146300892}}, {"mods": [0, 1], "D": {"0": 51, "1": 20}, "Q": {"0": 0.5177179562761278, "1": 0.8286664634942643}}, {"mods": [0, 1, 2], "D": {"0": 55, "1": 72, "2": 56}, "Q": {"0": 0.4575932535618529, "1": 0.8681376968920319, "2": 0.5092359008231931}}, {"mods": [0, 2], "D": {"0": 79, "2": 47}, "Q": {"0": 0.8307480417142287, "2": 0.9597928638441607}}, {"mods": [1, 2], "D": {"1": 102, "2": 29}, "Q": {"1": 0.31478484130593304, "2": 0.9696607794158992}}, {"mods": [0, 1, 2], "D": {"0": 53, "1": 41, "2": 92}, "Q": {"0": 0.2666924623155065, "1": 0.8609372865896784, "2": 0.8312524847342547}}, {"mods": [1], "D": {"1": 113}, "Q": {"1": 0.8137099836523674}}, {"mods": [0, 1, 2], "D": {"0": 99, "1": 20, "2": 96}, "Q": {"0": 0.3938521914469201, "1": 0.25909340815674, "2": 0.8325041369733039}}, {"mods": [0, 2], "D": {"0": 23, "2": 120},