{"cfg": {"method": "Mobility-Greedy", "trace": "/Users/ckim48/Downloads/infocomsim/results/traces/trace_med_n60_s1.npz", "seed": 1, "rounds": 55, "r_v2v": 200.0, "cache_encoders": 4, "max_out": 3, "V": 50.0, "use_gat": true, "dataset": "har", "phi_agg": 0.0}, "hist": {"acc": [0.20386666779716808, 0.4552833341062069, 0.5532833352684975, 0.5781833340724309, 0.5948500002423922, 0.5962666670481364, 0.5993333369493484, 0.6049166694283485, 0.6158166666825612, 0.6180999999245008, 0.6248500024278959, 0.6261500015854835], "acc_round": [1, 5, 10, 15, 20, 25, 30, 35, 40, 45, 50, 55], "recv": [105, 119, 121, 106, 117, 98, 105, 114, 102, 105, 90, 108, 93, 114, 100, 109, 112, 126, 139, 100, 129, 115, 125, 104, 114, 119, 98, 121, 100, 131, 116, 132, 107, 111, 107, 117, 108, 99, 141, 129, 133, 103, 101, 113, 120, 118, 90, 124, 126, 117, 102, 115, 111, 112, 116], "succ": [105, 119, 121, 106, 117, 98, 105, 114, 102, 105, 90, 108, 93, 114, 100, 109, 112, 126, 139, 100, 129, 115, 125, 104, 114, 119, 98, 121, 100, 131, 116, 132, 107, 111, 107, 117, 108, 99, 141, 129, 133, 103, 101, 113, 120, 118, 90, 124, 126, 117, 102, 115, 111, 112, 116], "att": [125, 120, 130, 122, 119, 126, 120, 132, 108, 125, 110, 119, 117, 126, 134, 122, 137, 132, 150, 111, 139, 130, 132, 134, 129, 133, 109, 123, 129, 136, 150, 137, 142, 121, 128, 121, 115, 106, 142, 144, 141, 130, 116, 128, 123, 134, 100, 130, 138, 125, 134, 123, 129, 114, 133], "energy": [265.7539948735758, 192.65663520419034, 251.35743582014192, 171.12686953625055, 228.7135966342966, 255.97702179548486, 229.2832790324155, 271.53078816696774, 182.36158371571122, 277.3520013475517, 175.99476583908586, 292.2279466838982, 255.13815886299776, 324.47377985341365, 314.98252378358484, 256.3205774796801, 306.7665659249781, 279.7176404428679, 365.1698669698877, 207.3940193508523, 336.9017106436137, 277.28570124543177, 293.52498039642956, 272.5761787157827, 260.5652603710788, 294.7393823213787, 204.92884518685423, 286.5620945731863, 243.48298627177869, 277.7740447668588, 283.87345024586415, 287.1786726398615, 336.91367811336505, 247.4868599878709, 281.32607873231046, 224.5263462334999, 241.87746578726373, 192.68174718597936, 315.2749187748299, 307.9003272876054, 335.75040969289233, 297.79667640364147, 217.58413727263513, 247.8917642807472, 226.56749622255788, 283.90465537968703, 123.74379239298563, 290.99131464576243, 282.6196976185955, 350.8653246930275, 317.69145719127476, 250.5348363497252, 248.37852975781732, 231.01001247867896, 274.684380126105], "coverage": [0.49612403100775193, 0.6511627906976745, 0.7364341085271318, 0.7596899224806202, 0.8294573643410853, 0.8682170542635659, 0.8992248062015504, 0.9224806201550387, 0.9302325581395349, 0.9302325581395349, 0.9302325581395349, 0.9302325581395349, 0.9302325581395349, 0.9457364341085271, 0.9534883720930233, 0.9612403100775194, 0.9689922480620154, 0.9767441860465116, 0.9767441860465116, 0.9767441860465116, 0.9844961240310077, 0.9922480620155039, 1.0, 1.0, 1.0, 1.0, 1.0, 1.0, 1.0, 1.0, 1.0, 1.0, 1.0, 1.0, 1.0, 1.0, 1.0, 1.0, 1.0, 1.0, 1.0, 1.0, 1.0, 1.0, 1.0, 1.0, 1.0, 1.0, 1.0, 1.0, 1.0, 1.0, 1.0, 1.0, 1.0], "staleness": [0.0, 0.3277310924369748, 0.5867768595041323, 0.6981132075471698, 0.7777777777777778, 0.9387755102040817, 0.9047619047619048, 1.0526315789473684, 1.1274509803921569, 1.0380952380952382, 1.0222222222222221, 0.9629629629629629, 0.8064516129032258, 0.8947368421052632, 0.84, 0.7614678899082569, 1.1428571428571428, 0.7777777777777778, 0.8057553956834532, 0.93, 0.9844961240310077, 1.0, 0.928, 0.875, 0.7807017543859649, 0.8235294117647058, 0.6632653061224489, 0.7603305785123967, 0.86, 1.0534351145038168, 1.1120689655172413, 1.1136363636363635, 1.0467289719626167, 1.1531531531531531, 1.233644859813084, 1.2136752136752136, 0.9629629629629629, 1.202020202020202, 1.1205673758865249, 1.0077519379844961, 1.0075187969924813, 0.7475728155339806, 1.1386138613861385, 1.008849557522124, 1.075, 1.0, 1.0, 0.9274193548387096, 1.1111111111111112, 1.0085470085470085, 0.8529411764705882, 0.8173913043478261, 0.918918918918919, 0.9553571428571429, 0.8189655172413793], "fail": [20, 1, 9, 16, 2, 28, 15, 18, 6, 20, 20, 11, 24, 12, 34, 13, 25, 6, 11, 11, 10, 15, 7, 30, 15, 14, 11, 2, 29, 5, 34, 5, 35, 10, 21, 4, 7, 7, 1, 15, 8, 27, 15, 15, 3, 16, 10, 6, 12, 8, 32, 8, 18, 2, 17], "recv_per_veh": [54.0, 80.0, 59.0, 106.0, 168.0, 132.0, 98.0, 98.0, 74.0, 89.0, 81.0, 97.0, 76.0, 149.0, 60.0, 40.0, 158.0, 74.0, 106.0, 75.0, 100.0, 64.0, 94.0, 85.0, 78.0, 97.0, 119.0, 115.0, 126.0, 153.0, 62.0, 82.0, 57.0, 76.0, 100.0, 48.0, 67.0, 84.0, 41.0, 111.0, 83.0, 112.0, 80.0, 93.0, 100.0, 69.0, 61.0, 104.0, 81.0, 61.0, 55.0, 53.0, 55.0, 99.0, 105.0, 91.0, 77.0, 89.0, 113.0, 88.0], "first_recv": {"0_0": 0, "1_1": 0, "3_1": 0, "4_1": 0, "5_1": 0, "6_0": 0, "7_2": 0, "8_1": 0, "9_0": 0, "9_2": 0, "11_0": 0, "13_0": 0, "13_1": 0, "14_2": 0, "16_2": 0, "17_2": 0, "17_0": 0, "18_1": 0, "19_0": 0, "19_1": 0, "20_2": 0, "20_0": 0, "21_1": 0, "22_1": 0, "22_2": 0, "23_1": 0, "24_1": 0, "24_2": 0, "25_1": 0, "26_1": 0, "27_1": 0, "27_2": 0, "28_0": 0, "29_2": 0, "30_2": 0, "30_0": 0, "32_1": 0, "34_0": 0, "36_0": 0, "37_2": 0, "37_1": 0, "38_1": 0, "41_1": 0, "44_0": 0, "44_1": 0, "45_2": 0, "47_1": 0, "49_0": 0, "51_1": 0, "51_0": 0, "52_0": 0, "53_1": 0, "53_0": 0, "54_2": 0, "54_1": 0, "54_0": 0, "55_1": 0, "55_0": 0, "56_1": 0, "57_1": 0, "57_2": 0, "58_0": 0, "58_1": 0, "59_0": 0, "0_2": 1, "1_0": 1, "4_2": 1, "10_2": 1, "12_2": 1, "12_0": 1, "14_1": 1, "14_0": 1, "16_1": 1, "29_0": 1, "29_1": 1, "34_2": 1, "37_0": 1, "39_2": 1, "40_1": 1, "41_2": 1, "42_0": 1, "50_0": 1, "50_2": 1, "56_0": 1, "2_2": 2, "3_2": 2, "6_1": 2, "10_0": 2, "33_1": 2, "33_2": 2, "35_0": 2, "40_2": 2, "43_2": 2, "48_0": 2, "52_2": 2, "3_0": 3, "24_0": 3, "50_1": 3, "11_2": 4, "18_0": 4, "21_2": 4, "34_1": 4, "39_1": 4, "41_0": 4, "46_2": 4, "46_1": 4, "48_1": 4, "15_1": 5, "15_2": 5, "15_0": 5, "17_1": 5, "48_2": 5, "7_0": 6, "30_1": 6, "32_0": 6, "46_0": 6, "8_0": 7, "31_1": 7, "31_2": 7, "9_1": 8, "12_1": 13, "43_1": 13, "31_0": 14, "51_2": 15, "1_2": 16, "33_0": 17, "27_0": 20, "56_2": 21, "55_2": 22}, "y_queue": [], "z_queue": [], "acc_per_veh": [0.6690000295639038, 0.7350000143051147, 0.6510000228881836, 0.6600000262260437, 0.6610000133514404, 0.4090000092983246, 0.4259999990463257, 0.7139999866485596, 0.4959999918937683, 0.7020000219345093, 0.7829999923706055, 0.6800000071525574, 0.6539999842643738, 0.4729999899864197, 0.7540000081062317, 0.652999997138977, 0.7649999856948853, 0.7419999837875366, 0.492000013589859, 0.5440000295639038, 0.7360000014305115, 0.7509999871253967, 0.6710000038146973, 0.39399999380111694, 0.8309999704360962, 0.460999995470047, 0.40400001406669617, 0.8190000057220459, 0.4959999918937683, 0.6579999923706055, 0.8159999847412109, 0.7549999952316284, 0.47999998927116394, 0.7239999771118164, 0.6800000071525574, 0.49799999594688416, 0.5120000243186951, 0.8080000281333923, 0.3970000147819519, 0.6980000138282776, 0.7739999890327454, 0.6650000214576721, 0.4880000054836273, 0.6520000100135803, 0.37700000405311584, 0.6819999814033508, 0.7620000243186951, 0.39500001072883606, 0.7429999709129333, 0.5180000066757202, 0.7269999980926514, 0.621999979019165, 0.6620000004768372, 0.5429999828338623, 0.6359999775886536, 0.7509999871253967, 0.7300000190734863, 0.628000020980835, 0.39899998903274536, 0.5630000233650208], "veh_meta": [{"mods": [0, 2], "D": {"0": 79, "2": 116}, "Q": {"0": 0.8408904499463036, "2": 0.8054775186395853}}, {"mods": [0, 1, 2], "D": {"0": 71, "1": 97, "2": 86}, "Q": {"0": 0.8631031262012127, "1": 0.9669251343794746, "2": 0.47504329448349025}}, {"mods": [2], "D": {"2": 75}, "Q": {"2": 0.3363326015759046}}, {"mods": [0, 1, 2], "D": {"0": 71, "1": 33, "2": 78}, "Q": {"0": 0.4107689217746535, "1": 0.9029778224116617, "2": 0.9173110081003986}}, {"mods": [1, 2], "D": {"1": 38, "2": 114}, "Q": {"1": 0.9501884868054674, "2": 0.3309783675295078}}, {"mods": [1], "D": {"1": 60},