{"cfg": {"method": "Mobility-Greedy", "trace": "/Users/ckim48/Downloads/infocomsim/results/traces/trace_med_n60_s2.npz", "seed": 2, "rounds": 55, "r_v2v": 200.0, "cache_encoders": 4, "max_out": 3, "V": 50.0, "use_gat": true, "dataset": "har", "phi_agg": 0.0}, "hist": {"acc": [0.19580000018080077, 0.45293333555261295, 0.5713166664044063, 0.6136000027259191, 0.6336833372712135, 0.6333166668812434, 0.6377833331624667, 0.6470000023643175, 0.6496666669845581, 0.6488166684905688, 0.6525833323597908, 0.6634166647990545], "acc_round": [1, 5, 10, 15, 20, 25, 30, 35, 40, 45, 50, 55], "recv": [124, 105, 129, 121, 121, 115, 136, 138, 117, 126, 106, 109, 99, 118, 119, 106, 100, 102, 109, 109, 122, 125, 117, 91, 117, 139, 118, 123, 104, 132, 108, 107, 103, 123, 126, 124, 116, 102, 130, 105, 118, 113, 124, 115, 119, 114, 117, 130, 129, 118, 116, 120, 124, 117, 101], "succ": [124, 105, 129, 121, 121, 115, 136, 138, 117, 126, 106, 109, 99, 118, 119, 106, 100, 102, 109, 109, 122, 125, 117, 91, 117, 139, 118, 123, 104, 132, 108, 107, 103, 123, 126, 124, 116, 102, 130, 105, 118, 113, 124, 115, 119, 114, 117, 130, 129, 118, 116, 120, 124, 117, 101], "att": [138, 117, 134, 137, 136, 137, 137, 143, 122, 135, 122, 115, 122, 132, 129, 116, 132, 116, 115, 117, 127, 132, 124, 135, 121, 145, 126, 137, 116, 137, 133, 119, 125, 130, 149, 129, 137, 119, 136, 126, 126, 138, 126, 138, 126, 134, 121, 138, 143, 123, 135, 126, 131, 121, 117], "energy": [301.61175320981505, 187.4788107943504, 268.2547450204631, 228.87650086650297, 276.1407685757883, 247.01413679178057, 255.40209904040438, 262.9210167859607, 216.5877733513824, 285.70366008349913, 213.36223792083732, 178.6882955123025, 211.99350822559578, 271.1020121835418, 300.9260408787371, 288.2662682576292, 331.7639713643933, 212.55682102772045, 218.584706147212, 186.45564600414855, 280.8073245305214, 199.05709962527186, 244.4429379904617, 251.97045717434784, 258.80796841025125, 265.01661377845494, 203.58260550281432, 306.29291985235153, 204.34757665950875, 277.9142892748181, 238.3506663321587, 253.8668859432971, 242.64812139326457, 271.5920302424156, 304.3616122857626, 281.59804879731934, 330.6344143338343, 205.00472855424437, 263.0092798120057, 202.32063844228878, 226.94811872256446, 232.7848892098218, 253.49874086317325, 297.54560415554874, 197.59765409903252, 317.18515265161284, 200.5830264215178, 255.3300370954347, 246.75137412716037, 200.1656795906605, 238.1151137724279, 202.3654601822443, 229.47992340941732, 197.24453036227064, 230.67184554082937], "coverage": [0.5746268656716418, 0.6865671641791045, 0.8208955223880597, 0.8582089552238806, 0.9029850746268657, 0.9104477611940298, 0.917910447761194, 0.9626865671641791, 0.9701492537313433, 0.9776119402985075, 0.9776119402985075, 0.9850746268656716, 0.9925373134328358, 0.9925373134328358, 0.9925373134328358, 1.0, 1.0, 1.0, 1.0, 1.0, 1.0, 1.0, 1.0, 1.0, 1.0, 1.0, 1.0, 1.0, 1.0, 1.0, 1.0, 1.0, 1.0, 1.0, 1.0, 1.0, 1.0, 1.0, 1.0, 1.0, 1.0, 1.0, 1.0, 1.0, 1.0, 1.0, 1.0, 1.0, 1.0, 1.0, 1.0, 1.0, 1.0, 1.0, 1.0], "staleness": [0.0, 0.29523809523809524, 0.5426356589147286, 0.7768595041322314, 0.9586776859504132, 1.1130434782608696, 1.0661764705882353, 0.8623188405797102, 0.905982905982906, 1.007936507936508, 0.9528301886792453, 1.146788990825688, 0.9696969696969697, 1.1271186440677967, 0.8907563025210085, 0.9150943396226415, 0.76, 0.7156862745098039, 0.7247706422018348, 1.073394495412844, 0.9672131147540983, 1.04, 0.9487179487179487, 0.7032967032967034, 0.6153846153846154, 0.7985611510791367, 0.635593220338983, 0.6747967479674797, 0.6730769230769231, 0.7196969696969697, 0.8611111111111112, 0.794392523364486, 0.8349514563106796, 0.967479674796748, 0.7936507936507936, 0.7741935483870968, 0.7844827586206896, 0.7450980392156863, 0.7153846153846154, 0.7047619047619048, 0.7033898305084746, 0.7610619469026548, 0.8145161290322581, 0.9217391304347826, 0.8739495798319328, 0.8771929824561403, 0.811965811965812, 0.6923076923076923, 0.7906976744186046, 0.864406779661017, 0.8448275862068966, 0.7666666666666667, 0.8790322580645161, 0.9230769230769231, 0.8415841584158416], "fail": [14, 12, 5, 16, 15, 22, 1, 5, 5, 9, 16, 6, 23, 14, 10, 10, 32, 14, 6, 8, 5, 7, 7, 44, 4, 6, 8, 14, 12, 5, 25, 12, 22, 7, 23, 5, 21, 17, 6, 21, 8, 25, 2, 23, 7, 20, 4, 8, 14, 5, 19, 6, 7, 4, 16], "recv_per_veh": [170.0, 141.0, 87.0, 66.0, 121.0, 43.0, 99.0, 108.0, 60.0, 70.0, 55.0, 75.0, 111.0, 85.0, 95.0, 91.0, 75.0, 50.0, 158.0, 85.0, 118.0, 88.0, 71.0, 126.0, 113.0, 83.0, 96.0, 81.0, 69.0, 90.0, 149.0, 81.0, 61.0, 84.0, 111.0, 113.0, 123.0, 95.0, 76.0, 75.0, 98.0, 130.0, 87.0, 88.0, 67.0, 79.0, 102.0, 76.0, 129.0, 81.0, 83.0, 71.0, 109.0, 65.0, 55.0, 83.0, 112.0, 73.0, 98.0, 99.0], "first_recv": {"0_1": 0, "0_2": 0, "1_2": 0, "1_0": 0, "2_2": 0, "2_1": 0, "3_0": 0, "4_1": 0, "6_2": 0, "6_0": 0, "7_2": 0, "8_0": 0, "10_0": 0, "11_2": 0, "14_2": 0, "14_0": 0, "15_2": 0, "15_1": 0, "15_0": 0, "16_1": 0, "17_2": 0, "18_2": 0, "18_1": 0, "19_0": 0, "19_1": 0, "21_1": 0, "22_0": 0, "22_1": 0, "23_2": 0, "23_0": 0, "24_0": 0, "24_1": 0, "25_0": 0, "26_2": 0, "26_1": 0, "27_0": 0, "27_1": 0, "28_2": 0, "28_1": 0, "29_2": 0, "30_0": 0, "30_2": 0, "31_1": 0, "32_2": 0, "33_2": 0, "34_1": 0, "35_1": 0, "35_2": 0, "36_2": 0, "36_0": 0, "36_1": 0, "37_2": 0, "41_1": 0, "42_1": 0, "43_1": 0, "43_0": 0, "44_0": 0, "46_2": 0, "47_2": 0, "48_2": 0, "49_0": 0, "50_1": 0, "50_0": 0, "52_2": 0, "52_1": 0, "53_1": 0, "54_0": 0, "55_0": 0, "55_1": 0, "56_1": 0, "56_2": 0, "57_0": 0, "57_2": 0, "57_1": 0, "58_1": 0, "58_2": 0, "59_2": 0, "1_1": 1, "4_0": 1, "7_1": 1, "8_2": 1, "9_2": 1, "13_0": 1, "13_1": 1, "20_0": 1, "20_1": 1, "33_1": 1, "42_0": 1, "45_2": 1, "47_1": 1, "48_1": 1, "51_2": 1, "0_0": 2, "5_1": 2, "5_0": 2, "5_2": 2, "7_0": 2, "12_2": 2, "12_0": 2, "12_1": 2, "19_2": 2, "29_1": 2, "32_1": 2, "37_1": 2, "38_0": 2, "45_0": 2, "46_1": 2, "47_0": 2, "48_0": 2, "51_1": 2, "22_2": 3, "32_0": 3, "53_2": 3, "58_0": 3, "59_1": 3, "9_1": 4, "30_1": 4, "34_2": 4, "37_0": 4, "38_2": 4, "38_1": 4, "59_0": 5, "39_1": 6, "11_0": 7, "35_0": 7, "40_0": 7, "40_2": 7, "40_1": 7, "45_1": 7, "18_0": 8, "50_2": 9, "31_2": 11, "31_0": 12, "39_0": 15}, "y_queue": [], "z_queue": [], "acc_per_veh": [0.6299999952316284, 0.6769999861717224, 0.722000002861023, 0.5059999823570251, 0.5199999809265137, 0.7870000004768372, 0.7900000214576721, 0.7350000143051147, 0.6480000019073486, 0.6600000262260437, 0.5180000066757202, 0.7950000166893005, 0.5889999866485596, 0.5680000185966492, 0.8100000023841858, 0.7879999876022339, 0.5070000290870667, 0.7590000033378601, 0.6970000267028809, 0.8539999723434448, 0.5339999794960022, 0.4359999895095825, 0.800000011920929, 0.7059999704360962, 0.5699999928474426, 0.5690000057220459, 0.652999997138977, 0.4959999918937683, 0.6349999904632568, 0.8140000104904175, 0.7289999723434448, 0.7950000166893005, 0.734000027179718, 0.7519999742507935, 0.6259999871253967, 0.5490000247955322, 0.8109999895095825, 0.621999979019165, 0.753000020980835, 0.5699999928474426, 0.7289999723434448, 0.46700000762939453, 0.5870000123977661, 0.621999979019165, 0.5519999861717224, 0.8069999814033508, 0.6589999794960022, 0.6240000128746033, 0.7070000171661377, 0.5249999761581421, 0.6269999742507935, 0.6819999814033508, 0.7289999723434448, 0.7979999780654907, 0.5440000295639038, 0.5820000171661377, 0.7400000095367432, 0.7680000066757202, 0.5820000171661377, 0.7599999904632568], "veh_meta": [{"mods": [0, 1, 2], "D": {"0": 90, "1": 20, "2": 47}, "Q": {"0": 0.9707950585278977, "1": 0.9693122970714936, "2": 0.40157382703651123}}, {"mods": [0, 1, 2], "D": {"0": 116, "1": 111, "2": 27}, "Q": {"0": 0.9160008357755614, "1": 0.4602257039821469, "2": 0.9000016722340434}}, {"mods": [1, 2], "D": {"1": 117, "2": 67}, "Q": {"1": 0.8812550086095902, "2": 0.324153171699206}}, {"mods": [0], "D": {"0": 52}, "Q": {"0": 0.4072200625901093}}, {"mods": [0, 1], "D": {"0": 92, "1": 56}, "Q": {"0": 0.44866060578049777, "1": 0.8994147597469025}}, {"mods": [0, 1, 2], "D": {"0": 89, "1": 89,