{"cfg": {"method": "Mobility-Greedy", "trace": "/Users/ckim48/Downloads/infocomsim/results/traces/trace_med_n60_s3.npz", "seed": 3, "rounds": 55, "r_v2v": 200.0, "cache_encoders": 4, "max_out": 3, "V": 50.0, "use_gat": true, "dataset": "har", "phi_agg": 0.0}, "hist": {"acc": [0.18780000060796737, 0.4597333329419295, 0.5747499997417133, 0.6129999950528144, 0.6229166641831398, 0.6224333301186562, 0.625516663491726, 0.6433833320935567, 0.6322499995430311, 0.6366666659712792, 0.6379666661222776, 0.6406166677673658], "acc_round": [1, 5, 10, 15, 20, 25, 30, 35, 40, 45, 50, 55], "recv": [126, 120, 143, 113, 133, 125, 121, 129, 118, 109, 114, 124, 121, 119, 119, 124, 130, 121, 129, 115, 128, 114, 128, 118, 120, 130, 116, 135, 120, 121, 109, 119, 107, 125, 126, 112, 120, 107, 142, 126, 140, 128, 128, 123, 114, 124, 123, 129, 106, 111, 118, 116, 112, 102, 114], "succ": [126, 120, 143, 113, 133, 125, 121, 129, 118, 109, 114, 124, 121, 119, 119, 124, 130, 121, 129, 115, 128, 114, 128, 118, 120, 130, 116, 135, 120, 121, 109, 119, 107, 125, 126, 112, 120, 107, 142, 126, 140, 128, 128, 123, 114, 124, 123, 129, 106, 111, 118, 116, 112, 102, 114], "att": [134, 124, 145, 146, 140, 147, 135, 142, 118, 118, 129, 131, 144, 125, 144, 135, 137, 137, 146, 125, 135, 141, 134, 150, 126, 144, 131, 148, 128, 123, 136, 125, 128, 133, 138, 117, 132, 120, 146, 142, 146, 148, 128, 145, 123, 138, 132, 135, 126, 117, 133, 118, 134, 105, 124], "energy": [270.89583778385366, 234.8333646215676, 266.1309951799928, 233.6632305466477, 270.92719730003836, 251.1039786633424, 239.31980371359393, 248.5101153688917, 173.95610946449975, 234.5157025067777, 210.13963673064666, 188.68014863253836, 236.91419387886876, 254.65167664381872, 280.85228461722454, 259.40767968416753, 258.465874182331, 251.9018060976399, 273.3844821140818, 218.27351626182767, 255.43853016859046, 220.4185984041263, 286.0462819437954, 296.7212207438631, 230.0871246710428, 293.6628211977774, 179.88371885126253, 303.61072705992785, 151.78032117455564, 209.97775447430757, 189.68297832601885, 219.7336329653773, 222.17345316582242, 198.10772206285267, 244.7169994012128, 181.85056933448078, 260.7899803935092, 161.7879257340156, 221.5538171344026, 222.72628945674782, 303.92126773910366, 271.3973674783695, 226.28542412444034, 289.47131720301195, 163.7560482883988, 295.45577913994396, 188.58224780502624, 270.8900180124864, 194.38282967179902, 169.33105555778903, 242.04995881960593, 208.9968893531181, 270.95524155526965, 162.34815293913556, 308.5228087371586], "coverage": [0.5882352941176471, 0.6838235294117647, 0.7794117647058824, 0.8014705882352942, 0.8676470588235294, 0.875, 0.8897058823529411, 0.9044117647058824, 0.9117647058823529, 0.9191176470588235, 0.9264705882352942, 0.9338235294117647, 0.9411764705882353, 0.9485294117647058, 0.9558823529411765, 0.9632352941176471, 0.9632352941176471, 0.9632352941176471, 0.9632352941176471, 0.9632352941176471, 0.9632352941176471, 0.9705882352941176, 0.9705882352941176, 0.9705882352941176, 0.9705882352941176, 0.9705882352941176, 0.9705882352941176, 0.9705882352941176, 0.9779411764705882, 0.9779411764705882, 0.9779411764705882, 0.9779411764705882, 0.9852941176470589, 0.9852941176470589, 0.9926470588235294, 0.9926470588235294, 0.9926470588235294, 0.9926470588235294, 0.9926470588235294, 0.9926470588235294, 0.9926470588235294, 0.9926470588235294, 0.9926470588235294, 0.9926470588235294, 0.9926470588235294, 0.9926470588235294, 0.9926470588235294, 1.0, 1.0, 1.0, 1.0, 1.0, 1.0, 1.0, 1.0], "staleness": [0.0, 0.30833333333333335, 0.5244755244755245, 0.6194690265486725, 0.6616541353383458, 0.72, 0.6528925619834711, 0.9457364341085271, 0.8559322033898306, 0.7339449541284404, 0.8859649122807017, 0.9274193548387096, 1.0330578512396693, 0.8739495798319328, 0.7815126050420168, 0.9354838709677419, 0.8, 1.0495867768595042, 0.9302325581395349, 0.8782608695652174, 0.9453125, 0.7280701754385965, 0.75, 0.6610169491525424, 0.75, 0.9076923076923077, 0.9396551724137931, 0.7925925925925926, 0.8166666666666667, 0.9834710743801653, 1.018348623853211, 1.1176470588235294, 1.0, 1.016, 1.0, 0.9821428571428571, 0.8333333333333334, 0.8785046728971962, 0.8380281690140845, 0.9126984126984127, 0.7857142857142857, 0.7734375, 0.953125, 1.024390243902439, 1.0263157894736843, 0.8870967741935484, 1.08130081300813, 0.9302325581395349, 0.8773584905660378, 0.8738738738738738, 0.7711864406779662, 0.7327586206896551, 0.9464285714285714, 0.8921568627450981, 1.1578947368421053], "fail": [8, 4, 2, 33, 7, 22, 14, 13, 0, 9, 15, 7, 23, 6, 25, 11, 7, 16, 17, 10, 7, 27, 6, 32, 6, 14, 15, 13, 8, 2, 27, 6, 21, 8, 12, 5, 12, 13, 4, 16, 6, 20, 0, 22, 9, 14, 9, 6, 20, 6, 15, 2, 22, 3, 10], "recv_per_veh": [80.0, 62.0, 88.0, 71.0, 66.0, 97.0, 95.0, 128.0, 102.0, 97.0, 45.0, 72.0, 109.0, 85.0, 77.0, 86.0, 66.0, 74.0, 134.0, 51.0, 114.0, 89.0, 128.0, 71.0, 138.0, 173.0, 85.0, 91.0, 112.0, 75.0, 67.0, 109.0, 80.0, 119.0, 114.0, 77.0, 71.0, 60.0, 68.0, 125.0, 102.0, 143.0, 135.0, 151.0, 109.0, 86.0, 70.0, 127.0, 84.0, 86.0, 89.0, 65.0, 72.0, 123.0, 173.0, 100.0, 126.0, 82.0, 79.0, 81.0], "first_recv": {"0_0": 0, "0_2": 0, "1_1": 0, "2_1": 0, "2_0": 0, "3_1": 0, "3_0": 0, "4_1": 0, "6_2": 0, "6_0": 0, "6_1": 0, "7_0": 0, "7_2": 0, "8_1": 0, "8_2": 0, "9_1": 0, "9_2": 0, "10_1": 0, "12_2": 0, "12_0": 0, "15_2": 0, "16_1": 0, "17_0": 0, "17_1": 0, "18_0": 0, "19_2": 0, "20_2": 0, "21_2": 0, "22_2": 0, "22_1": 0, "25_2": 0, "26_2": 0, "27_0": 0, "27_2": 0, "27_1": 0, "28_2": 0, "29_0": 0, "31_0": 0, "32_0": 0, "32_1": 0, "33_2": 0, "34_1": 0, "34_2": 0, "35_2": 0, "38_2": 0, "39_1": 0, "39_0": 0, "40_2": 0, "41_2": 0, "42_0": 0, "42_2": 0, "43_2": 0, "44_2": 0, "44_0": 0, "45_2": 0, "46_2": 0, "46_1": 0, "47_2": 0, "48_0": 0, "48_1": 0, "48_2": 0, "50_2": 0, "50_0": 0, "51_2": 0, "51_1": 0, "51_0": 0, "52_0": 0, "53_2": 0, "54_2": 0, "54_0": 0, "55_1": 0, "55_2": 0, "56_1": 0, "56_2": 0, "57_0": 0, "57_1": 0, "57_2": 0, "58_2": 0, "58_0": 0, "59_0": 0, "0_1": 1, "1_0": 1, "5_1": 1, "16_2": 1, "21_1": 1, "22_0": 1, "23_1": 1, "24_2": 1, "30_0": 1, "35_0": 1, "36_2": 1, "38_0": 1, "38_1": 1, "3_2": 2, "11_1": 2, "13_0": 2, "13_2": 2, "13_1": 2, "21_0": 2, "24_0": 2, "24_1": 2, "37_0": 2, "45_1": 2, "47_1": 2, "49_1": 2, "58_1": 2, "18_2": 3, "31_2": 3, "36_0": 3, "11_2": 4, "14_2": 4, "14_0": 4, "14_1": 4, "20_0": 4, "30_1": 4, "33_0": 4, "52_1": 4, "53_0": 4, "30_2": 5, "2_2": 6, "9_0": 6, "16_0": 7, "23_2": 7, "23_0": 8, "5_0": 9, "40_0": 10, "17_2": 11, "46_0": 12, "29_1": 13, "20_1": 14, "43_1": 15, "31_1": 21, "43_0": 28, "25_1": 32, "11_0": 34, "25_0": 47}, "y_queue": [], "z_queue": [], "acc_per_veh": [0.6850000023841858, 0.5099999904632568, 0.6179999709129333, 0.7770000100135803, 0.4480000138282776, 0.42899999022483826, 0.7459999918937683, 0.7580000162124634, 0.5929999947547913, 0.5379999876022339, 0.4269999861717224, 0.6800000071525574, 0.7110000252723694, 0.7039999961853027, 0.7250000238418579, 0.5960000157356262, 0.7059999704360962, 0.7279999852180481, 0.7360000014305115, 0.6840000152587891, 0.7129999995231628, 0.7260000109672546, 0.5879999995231628, 0.6639999747276306, 0.722000002861023, 0.7680000066757202, 0.7009999752044678, 0.7129999995231628, 0.6570000052452087, 0.5450000166893005, 0.5120000243186951, 0.7129999995231628, 0.48100000619888306, 0.7089999914169312, 0.5889999866485596, 0.7409999966621399, 0.7009999752044678, 0.3959999978542328, 0.7210000157356262, 0.531000018119812, 0.7710000276565552, 0.7009999752044678, 0.609000027179718, 0.5210000276565552, 0.6510000228881836, 0.6299999952316284, 0.7739999890327454, 0.5609999895095825, 0.7720000147819519, 0.5189999938011169, 0.7229999899864197, 0.7250000238418579, 0.5170000195503235, 0.703000009059906, 0.6880000233650208, 0.6399999856948853, 0.4309999942779541, 0.6499999761581421, 0.718999981880188, 0.44200000166893005], "veh_meta": [{"mods": [0, 1, 2], "D": {"0": 84, "1": 63, "2": 102}, "Q": {"0": 0.8518504893814931, "1": 0.8567050163542638, "2": 0.888090743534148}}, {"mods": [0, 1], "D": {"0": 85,