{"cfg": {"method": "RECD", "trace": "/Users/ckim48/Downloads/infocomsim/results/traces/trace_med_n60_s3.npz", "seed": 3, "rounds": 55, "r_v2v": 200.0, "cache_encoders": 4, "max_out": 3, "V": 50.0, "use_gat": true, "dataset": "har", "phi_agg": 0.0}, "hist": {"acc": [0.20741666704416276, 0.47640000134706495, 0.591850001613299, 0.6154166678587596, 0.6299000009894371, 0.6404166653752327, 0.6425666645169258, 0.6390833328167598, 0.6432000026106834, 0.6493999972939491, 0.6543000012636184, 0.6534833326935768], "acc_round": [1, 5, 10, 15, 20, 25, 30, 35, 40, 45, 50, 55], "recv": [99, 62, 91, 91, 86, 73, 74, 110, 65, 78, 68, 85, 85, 66, 74, 83, 99, 58, 99, 68, 72, 92, 53, 73, 60, 103, 70, 76, 64, 91, 84, 69, 58, 87, 96, 65, 66, 63, 100, 96, 96, 88, 95, 122, 52, 75, 71, 74, 67, 62, 52, 83, 107, 45, 88], "succ": [99, 62, 91, 91, 86, 73, 74, 110, 65, 78, 68, 85, 85, 66, 74, 83, 99, 58, 99, 68, 72, 92, 53, 73, 60, 103, 70, 76, 64, 91, 84, 69, 58, 87, 96, 65, 66, 63, 100, 96, 96, 88, 95, 122, 52, 75, 71, 74, 67, 62, 52, 83, 107, 45, 88], "att": [102, 64, 91, 96, 88, 74, 75, 117, 70, 86, 69, 87, 86, 68, 82, 87, 101, 58, 99, 69, 73, 95, 53, 81, 60, 112, 76, 81, 66, 92, 86, 69, 59, 88, 101, 65, 68, 66, 103, 98, 97, 93, 95, 129, 55, 78, 74, 75, 75, 65, 53, 83, 121, 47, 92], "energy": [171.9151533457357, 44.53239995992357, 128.81186904704393, 77.54984342564838, 102.62492661346944, 71.66496638297247, 71.81361895690712, 176.016611193321, 50.18227545162917, 138.06534848532598, 73.76129271864524, 86.00216986603488, 64.63614472546686, 56.30090891606751, 98.58027723440566, 87.49949686539833, 155.2049661229991, 26.785425789220422, 127.72277008748233, 60.63032876065204, 74.68210690049023, 64.21328315856938, 56.251002045169685, 85.92819564037502, 61.327697910623236, 188.86376630551382, 70.50386547661964, 108.4305875374549, 43.15651323101285, 123.68837261937121, 81.29922406314878, 72.87178764057228, 47.863638629903996, 67.41107202361097, 121.36453745231621, 38.17407002720747, 75.44805987799248, 54.34601317502541, 117.84423189222957, 69.31819678813834, 119.49194635856857, 86.88638572031721, 118.86070473473693, 209.72250666560268, 33.76774174238907, 96.57452275435334, 69.20166343630072, 79.49618048761191, 63.76286686998461, 58.26005045373428, 37.76515610870859, 93.16979369014088, 229.90818422963918, 28.512858265691214, 148.13197060814835], "coverage": [0.3897058823529412, 0.5367647058823529, 0.6691176470588235, 0.7352941176470589, 0.7794117647058824, 0.7867647058823529, 0.8014705882352942, 0.8455882352941176, 0.8455882352941176, 0.8823529411764706, 0.9117647058823529, 0.9191176470588235, 0.9264705882352942, 0.9485294117647058, 0.9558823529411765, 0.9558823529411765, 0.9558823529411765, 0.9558823529411765, 0.9632352941176471, 0.9632352941176471, 0.9705882352941176, 0.9779411764705882, 0.9779411764705882, 0.9779411764705882, 0.9779411764705882, 0.9779411764705882, 0.9779411764705882, 0.9852941176470589, 0.9852941176470589, 0.9926470588235294, 0.9926470588235294, 1.0, 1.0, 1.0, 1.0, 1.0, 1.0, 1.0, 1.0, 1.0, 1.0, 1.0, 1.0, 1.0, 1.0, 1.0, 1.0, 1.0, 1.0, 1.0, 1.0, 1.0, 1.0, 1.0, 1.0], "staleness": [0.0, 0.20967741935483872, 0.5494505494505495, 0.8461538461538461, 0.8372093023255814, 1.1232876712328768, 1.1486486486486487, 0.990909090909091, 1.2615384615384615, 0.8461538461538461, 1.0294117647058822, 1.1764705882352942, 1.3294117647058823, 1.4393939393939394, 1.5810810810810811, 0.9759036144578314, 1.2525252525252526, 1.0172413793103448, 0.98989898989899, 1.1176470588235294, 0.9861111111111112, 0.9239130434782609, 1.1320754716981132, 0.7808219178082192, 0.7166666666666667, 1.0388349514563107, 1.0571428571428572, 0.8947368421052632, 0.890625, 1.1758241758241759, 1.1428571428571428, 1.2753623188405796, 1.3448275862068966, 1.2988505747126438, 1.4791666666666667, 1.6307692307692307, 0.9090909090909091, 1.0634920634920635, 0.98, 1.0208333333333333, 0.6979166666666666, 1.0795454545454546, 1.3894736842105264, 1.3278688524590163, 0.7115384615384616, 1.24, 1.0704225352112675, 1.3783783783783783, 0.9850746268656716, 0.7580645161290323, 0.9615384615384616, 0.8192771084337349, 0.8785046728971962, 0.6444444444444445, 1.0795454545454546], "fail": [3, 2, 0, 5, 2, 1, 1, 7, 5, 8, 1, 2, 1, 2, 8, 4, 2, 0, 0, 1, 1, 3, 0, 8, 0, 9, 6, 5, 2, 1, 2, 0, 1, 1, 5, 0, 2, 3, 3, 2, 1, 5, 0, 7, 3, 3, 3, 1, 8, 3, 1, 0, 14, 2, 4], "recv_per_veh": [59.0, 33.0, 63.0, 41.0, 40.0, 57.0, 62.0, 85.0, 67.0, 57.0, 19.0, 55.0, 70.0, 49.0, 56.0, 62.0, 53.0, 46.0, 87.0, 34.0, 75.0, 50.0, 84.0, 48.0, 92.0, 112.0, 64.0, 62.0, 93.0, 31.0, 50.0, 83.0, 44.0, 85.0, 73.0, 51.0, 44.0, 27.0, 45.0, 66.0, 62.0, 114.0, 67.0, 132.0, 89.0, 54.0, 49.0, 76.0, 40.0, 39.0, 61.0, 42.0, 43.0, 70.0, 93.0, 56.0, 70.0, 44.0, 46.0, 36.0], "first_recv": {"0_0": 0, "0_2": 0, "2_2": 0, "4_1": 0, "6_2": 0, "6_1": 0, "7_0": 0, "7_2": 0, "8_1": 0, "8_2": 0, "9_2": 0, "10_1": 0, "12_2": 0, "12_0": 0, "15_2": 0, "16_1": 0, "17_0": 0, "17_1": 0, "18_0": 0, "18_2": 0, "19_2": 0, "20_2": 0, "22_2": 0, "22_1": 0, "25_2": 0, "26_2": 0, "27_1": 0, "31_0": 0, "32_0": 0, "32_1": 0, "39_0": 0, "40_2": 0, "41_2": 0, "42_0": 0, "42_2": 0, "43_2": 0, "44_2": 0, "44_0": 0, "46_2": 0, "46_1": 0, "47_2": 0, "50_2": 0, "51_2": 0, "51_1": 0, "52_0": 0, "53_2": 0, "54_2": 0, "54_0": 0, "56_1": 0, "56_2": 0, "57_0": 0, "58_2": 0, "59_0": 0, "1_1": 1, "2_1": 1, "9_1": 1, "16_2": 1, "21_2": 1, "24_2": 1, "27_2": 1, "28_2": 1, "30_2": 1, "31_2": 1, "31_1": 1, "33_2": 1, "34_2": 1, "35_2": 1, "38_2": 1, "43_1": 1, "43_0": 1, "48_2": 1, "57_2": 1, "58_1": 1, "0_1": 2, "2_0": 2, "3_0": 2, "3_2": 2, "3_1": 2, "13_2": 2, "13_1": 2, "22_0": 2, "25_1": 2, "29_1": 2, "34_1": 2, "36_2": 2, "37_0": 2, "39_1": 2, "47_1": 2, "51_0": 2, "55_2": 2, "55_1": 2, "20_0": 3, "21_1": 3, "23_1": 3, "23_2": 3, "24_0": 3, "29_0": 3, "30_0": 3, "45_2": 3, "45_1": 3, "17_2": 4, "24_1": 4, "33_0": 4, "35_0": 4, "36_0": 4, "52_1": 4, "14_2": 5, "50_0": 6, "53_0": 6, "9_0": 7, "13_0": 7, "14_0": 7, "23_0": 7, "38_0": 7, "49_1": 7, "5_1": 9, "5_0": 9, "11_1": 9, "14_1": 9, "58_0": 9, "16_0": 10, "21_0": 10, "30_1": 10, "40_0": 10, "57_1": 11, "6_0": 12, "38_1": 13, "48_0": 13, "48_1": 13, "46_0": 14, "20_1": 18, "11_2": 20, "27_0": 21, "11_0": 27, "1_0": 29, "25_0": 31}, "y_queue": [0.06916666666666667, 0.12916666666666668, 0.16166666666666668, 0.19249999999999995, 0.2175, 0.2866666666666666, 0.3238888888888889, 0.30388888888888893, 0.3575, 0.37055555555555547, 0.3830555555555555, 0.38583333333333325, 0.38222222222222213, 0.4058333333333333, 0.4480555555555556, 0.43472222222222223, 0.4147222222222221, 0.45833333333333315, 0.4297222222222221, 0.4716666666666666, 0.4830555555555554, 0.5080555555555555, 0.5663888888888887, 0.5655555555555553, 0.609722222222222, 0.6338888888888887, 0.6549999999999997, 0.6511111111111109, 0.6836111111111108, 0.6005555555555553, 0.6191666666666664, 0.6413888888888887, 0.6880555555555553, 0.6369444444444442, 0.6133333333333331, 0.655833333333333, 0.680833333333333, 0.7027777777777775, 0.6366666666666664, 0.6549999999999997, 0.6263888888888886, 0.6263888888888886, 0.6061111111111108, 0.5794444444444442, 0.6105555555555552, 0.6147222222222218, 0.5972222222222219, 0.6086111111111107, 0.6338888888888885, 0.6558333333333329, 0.6869444444444441, 0.6705555555555551, 0.6155555555555552, 0.6627777777777775, 0.6286111111111107],