{"cfg": {"method": "RECD", "trace": "/Users/ckim48/Downloads/infocomsim/results/traces/trace_med_n60_s1.npz", "seed": 1, "rounds": 55, "r_v2v": 200.0, "cache_encoders": 4, "max_out": 3, "V": 50.0, "use_gat": true, "dataset": "har", "phi_agg": 0.0}, "hist": {"acc": [0.21696666873370607, 0.4829666674137115, 0.572216667731603, 0.5923833340406418, 0.6013666679461797, 0.6084666614731152, 0.6129666695992152, 0.6182166665792466, 0.6248333354791006, 0.6126000002026558, 0.6334000031153361, 0.6355000019073487], "acc_round": [1, 5, 10, 15, 20, 25, 30, 35, 40, 45, 50, 55], "recv": [66, 67, 71, 100, 74, 74, 72, 79, 49, 85, 60, 86, 65, 70, 71, 64, 93, 58, 82, 53, 85, 72, 78, 73, 60, 102, 42, 92, 71, 82, 81, 78, 67, 50, 96, 57, 73, 57, 101, 71, 66, 78, 53, 89, 56, 89, 70, 88, 85, 86, 75, 57, 81, 62, 91], "succ": [66, 67, 71, 100, 74, 74, 72, 79, 49, 85, 60, 86, 65, 70, 71, 64, 93, 58, 82, 53, 85, 72, 78, 73, 60, 102, 42, 92, 71, 82, 81, 78, 67, 50, 96, 57, 73, 57, 101, 71, 66, 78, 53, 89, 56, 89, 70, 88, 85, 86, 75, 57, 81, 62, 91], "att": [68, 68, 74, 100, 75, 79, 75, 79, 49, 87, 65, 88, 70, 75, 75, 65, 105, 59, 89, 57, 86, 74, 80, 83, 62, 110, 43, 92, 72, 83, 81, 80, 67, 50, 106, 57, 77, 57, 101, 76, 69, 85, 55, 104, 58, 92, 73, 90, 89, 86, 77, 57, 89, 62, 93], "energy": [92.61758565334091, 51.27726148044959, 85.39601344092993, 74.15559326100062, 70.74061816513044, 93.84057628888847, 76.7563740849035, 83.91319447726116, 32.51005628436658, 92.0160721676697, 54.1061564145903, 125.35774691042442, 53.94650184124336, 118.73072075955254, 94.10941631248086, 63.95308778438547, 202.619596614103, 43.74701765826183, 119.83024831560864, 39.37611277327396, 98.66803530663837, 60.22060975702839, 82.66378850248248, 87.0934920391993, 68.54990095784055, 211.17874428707407, 40.70344824464741, 146.9202194768345, 44.110437701219354, 122.11264386487399, 67.25953756137527, 81.82352084690267, 44.35452411673991, 39.66435748587604, 194.78897659838316, 38.6107470868718, 117.36276687020417, 38.106520035410014, 169.08958666710566, 61.689397331431174, 70.55226392287763, 102.2771672679632, 37.60550305500476, 176.83732795424612, 35.969382204288344, 90.29950152970058, 57.05697500625373, 125.86852669608737, 75.64964681406211, 119.15640443418205, 92.63570209621273, 45.24289297705474, 128.5977017079167, 48.70154680511872, 108.50824231914348], "coverage": [0.3333333333333333, 0.5348837209302325, 0.6976744186046512, 0.751937984496124, 0.7751937984496124, 0.8062015503875969, 0.813953488372093, 0.8449612403100775, 0.8527131782945736, 0.8914728682170543, 0.8992248062015504, 0.9147286821705426, 0.9224806201550387, 0.9457364341085271, 0.9534883720930233, 0.9534883720930233, 0.9534883720930233, 0.9612403100775194, 0.9612403100775194, 0.9612403100775194, 0.9612403100775194, 0.9612403100775194, 0.9689922480620154, 0.9689922480620154, 0.9689922480620154, 0.9689922480620154, 0.9689922480620154, 0.9689922480620154, 0.9689922480620154, 0.9767441860465116, 0.9767441860465116, 0.9844961240310077, 0.9844961240310077, 0.9844961240310077, 0.9922480620155039, 0.9922480620155039, 0.9922480620155039, 1.0, 1.0, 1.0, 1.0, 1.0, 1.0, 1.0, 1.0, 1.0, 1.0, 1.0, 1.0, 1.0, 1.0, 1.0, 1.0, 1.0, 1.0], "staleness": [0.0, 0.22388059701492538, 0.4084507042253521, 0.63, 0.918918918918919, 1.1081081081081081, 1.3472222222222223, 1.3544303797468353, 1.6734693877551021, 1.0941176470588236, 1.0333333333333334, 1.3837209302325582, 0.8, 1.4428571428571428, 1.408450704225352, 0.796875, 1.1935483870967742, 1.1896551724137931, 1.0853658536585367, 1.4528301886792452, 1.223529411764706, 0.9722222222222222, 1.3717948717948718, 1.0273972602739727, 1.05, 1.4705882352941178, 1.4285714285714286, 1.6195652173913044, 1.1267605633802817, 0.8902439024390244, 1.2222222222222223, 1.2179487179487178, 1.1492537313432836, 1.12, 0.9895833333333334, 1.0526315789473684, 1.643835616438356, 1.4210526315789473, 1.4356435643564356, 1.2112676056338028, 1.4242424242424243, 1.1923076923076923, 1.0754716981132075, 0.8876404494382022, 1.6428571428571428, 1.247191011235955, 1.0, 1.6590909090909092, 1.4823529411764707, 1.4767441860465116, 1.1333333333333333, 0.9824561403508771, 1.8518518518518519, 1.3225806451612903, 1.6703296703296704], "fail": [2, 1, 3, 0, 1, 5, 3, 0, 0, 2, 5, 2, 5, 5, 4, 1, 12, 1, 7, 4, 1, 2, 2, 10, 2, 8, 1, 0, 1, 1, 0, 2, 0, 0, 10, 0, 4, 0, 0, 5, 3, 7, 2, 15, 2, 3, 3, 2, 4, 0, 2, 0, 8, 0, 2], "recv_per_veh": [40.0, 61.0, 41.0, 59.0, 112.0, 67.0, 61.0, 67.0, 40.0, 55.0, 57.0, 61.0, 54.0, 73.0, 58.0, 41.0, 117.0, 46.0, 54.0, 47.0, 61.0, 45.0, 50.0, 43.0, 83.0, 57.0, 54.0, 91.0, 77.0, 108.0, 49.0, 66.0, 25.0, 48.0, 66.0, 19.0, 33.0, 49.0, 28.0, 75.0, 66.0, 68.0, 40.0, 64.0, 48.0, 54.0, 35.0, 54.0, 64.0, 24.0, 48.0, 44.0, 30.0, 44.0, 67.0, 84.0, 38.0, 69.0, 39.0, 32.0], "first_recv": {"0_2": 0, "1_1": 0, "1_0": 0, "3_1": 0, "4_1": 0, "4_2": 0, "5_1": 0, "6_1": 0, "7_2": 0, "8_1": 0, "9_0": 0, "9_1": 0, "9_2": 0, "13_0": 0, "13_1": 0, "14_2": 0, "16_2": 0, "16_1": 0, "22_1": 0, "24_1": 0, "27_1": 0, "28_0": 0, "29_2": 0, "29_1": 0, "30_2": 0, "30_0": 0, "30_1": 0, "34_2": 0, "34_1": 0, "34_0": 0, "36_0": 0, "37_2": 0, "41_2": 0, "41_1": 0, "44_0": 0, "45_2": 0, "47_1": 0, "49_0": 0, "50_2": 0, "50_0": 0, "55_1": 0, "55_0": 0, "56_0": 0, "0_0": 1, "1_2": 1, "6_0": 1, "11_0": 1, "12_2": 1, "14_1": 1, "14_0": 1, "18_1": 1, "19_0": 1, "21_1": 1, "23_1": 1, "24_2": 1, "29_0": 1, "32_1": 1, "37_1": 1, "37_0": 1, "38_1": 1, "44_1": 1, "50_1": 1, "51_2": 1, "52_2": 1, "53_1": 1, "53_0": 1, "57_2": 1, "58_1": 1, "59_0": 1, "2_2": 2, "3_2": 2, "3_0": 2, "20_0": 2, "25_1": 2, "26_1": 2, "33_1": 2, "33_2": 2, "35_0": 2, "39_2": 2, "40_2": 2, "40_1": 2, "41_0": 2, "43_2": 2, "48_2": 2, "51_1": 2, "51_0": 2, "54_1": 2, "54_2": 2, "56_2": 2, "56_1": 2, "10_2": 3, "12_0": 3, "20_2": 3, "24_0": 3, "42_0": 3, "48_0": 3, "57_1": 3, "18_0": 4, "19_1": 4, "21_2": 4, "11_2": 5, "15_1": 5, "17_2": 5, "39_1": 5, "15_2": 6, "27_2": 7, "27_0": 7, "46_1": 7, "46_0": 7, "46_2": 8, "8_0": 9, "22_2": 9, "31_2": 9, "52_0": 9, "58_0": 9, "10_0": 10, "43_1": 11, "55_2": 11, "31_0": 12, "7_0": 13, "12_1": 13, "31_1": 13, "17_1": 14, "48_1": 17, "17_0": 22, "15_0": 29, "54_0": 31, "33_0": 34, "32_0": 37}, "y_queue": [0.07166666666666667, 0.11666666666666667, 0.13416666666666666, 0.16166666666666665, 0.21083333333333332, 0.24583333333333332, 0.2827777777777778, 0.3125, 0.36, 0.33194444444444443, 0.3680555555555556, 0.34722222222222215, 0.3902777777777778, 0.37555555555555553, 0.37027777777777765, 0.40111111111111103, 0.3797222222222222, 0.39388888888888884, 0.39333333333333326, 0.43444444444444436, 0.4324999999999999, 0.4541666666666666, 0.46027777777777756, 0.4897222222222221, 0.5144444444444444, 0.5394444444444443, 0.566111111111111, 0.5380555555555554, 0.5691666666666665, 0.571111111111111, 0.5583333333333331, 0.5322222222222222, 0.5227777777777776, 0.5322222222222222, 0.46388888888888874, 0.49666666666666665, 0.5252777777777776, 0.5447222222222221, 0.5052777777777776, 0.5308333333333333, 0.5477777777777777, 0.5522222222222221, 0.5930555555555554, 0.546111111111111, 0.5619444444444444, 0.5491666666666666, 0.551111111111111, 0.5277777777777777, 0.5249999999999999, 0.5127777777777777, 0.5483333333333332, 0.5705555555555555, 0.5541666666666665, 0.5827777777777777, 0.5588888888888888],