{"cfg": {"method": "DFL-Gossip", "trace": "/Users/ckim48/Downloads/infocomsim/results/traces/trace_med_n60_s1.npz", "seed": 1, "rounds": 55, "r_v2v": 200.0, "cache_encoders": 4, "max_out": 3, "V": 50.0, "use_gat": true, "dataset": "har", "phi_agg": 0.0}, "hist": {"acc": [0.19876666801671186, 0.4525666654109955, 0.5537333344419797, 0.5819500004251797, 0.600466666618983, 0.6043666665752728, 0.6083999991416931, 0.613533332447211, 0.6235000009338061, 0.6195333321889241, 0.6333333308498065, 0.6375999997059504], "acc_round": [1, 5, 10, 15, 20, 25, 30, 35, 40, 45, 50, 55], "recv": [127, 123, 132, 113, 114, 116, 112, 125, 113, 120, 113, 120, 100, 121, 115, 121, 129, 128, 139, 116, 137, 124, 133, 117, 123, 124, 103, 129, 113, 135, 127, 135, 119, 117, 113, 121, 115, 106, 136, 120, 139, 121, 107, 123, 125, 121, 105, 120, 127, 127, 123, 121, 123, 114, 129], "succ": [127, 123, 132, 113, 114, 116, 112, 125, 113, 120, 113, 120, 100, 121, 115, 121, 129, 128, 139, 116, 137, 124, 133, 117, 123, 124, 103, 129, 113, 135, 127, 135, 119, 117, 113, 121, 115, 106, 136, 120, 139, 121, 107, 123, 125, 121, 105, 120, 127, 127, 123, 121, 123, 114, 129], "att": [144, 144, 139, 138, 147, 144, 139, 138, 133, 135, 132, 131, 132, 142, 142, 143, 151, 153, 156, 154, 155, 143, 150, 154, 152, 144, 143, 150, 151, 154, 160, 156, 149, 149, 138, 142, 139, 143, 159, 158, 155, 145, 142, 147, 141, 139, 139, 146, 153, 137, 144, 147, 144, 147, 143], "energy": [255.6045971799593, 186.26999967971946, 204.94655711710763, 167.9443551340398, 229.25623471814112, 259.24045183483787, 228.39218891555268, 216.15150713665747, 208.74207015108576, 212.89497839613662, 171.95938368470476, 240.94479458142933, 230.84536360388478, 280.66185484880856, 274.35428831094055, 276.9485046674016, 290.3317834132859, 268.52107294674255, 290.2879138868634, 251.3219584651183, 285.3219061668944, 231.77422758351534, 255.75739960146518, 236.32185777595203, 261.6906592667782, 243.46720856409547, 258.92559502316544, 276.0419435859942, 232.13626105324906, 275.11457292873854, 262.16036434550136, 271.85674315892436, 262.4464604744945, 266.68140766725907, 241.3922631547579, 266.3714484791597, 266.55800001908966, 240.74538277432697, 307.8731085032872, 272.9268947344138, 287.90840613331846, 247.40121137902915, 206.77099879706657, 225.5614099277938, 218.8634958544152, 231.25551505191436, 195.209578268022, 254.28950273272272, 246.8062216567387, 236.02430835702512, 277.1876415305944, 253.75827693305743, 245.20892492662043, 249.07331607915094, 229.5481483780167], "coverage": [0.627906976744186, 0.7209302325581395, 0.8682170542635659, 0.875968992248062, 0.937984496124031, 0.9767441860465116, 0.9767441860465116, 0.9844961240310077, 1.0, 1.0, 1.0, 1.0, 1.0, 1.0, 1.0, 1.0, 1.0, 1.0, 1.0, 1.0, 1.0, 1.0, 1.0, 1.0, 1.0, 1.0, 1.0, 1.0, 1.0, 1.0, 1.0, 1.0, 1.0, 1.0, 1.0, 1.0, 1.0, 1.0, 1.0, 1.0, 1.0, 1.0, 1.0, 1.0, 1.0, 1.0, 1.0, 1.0, 1.0, 1.0, 1.0, 1.0, 1.0, 1.0, 1.0], "staleness": [0.0, 0.0, 0.0, 0.0, 0.0, 0.0, 0.0, 0.0, 0.0, 0.0, 0.0, 0.0, 0.0, 0.0, 0.0, 0.0, 0.0, 0.0, 0.0, 0.0, 0.0, 0.0, 0.0, 0.0, 0.0, 0.0, 0.0, 0.0, 0.0, 0.0, 0.0, 0.0, 0.0, 0.0, 0.0, 0.0, 0.0, 0.0, 0.0, 0.0, 0.0, 0.0, 0.0, 0.0, 0.0, 0.0, 0.0, 0.0, 0.0, 0.0, 0.0, 0.0, 0.0, 0.0, 0.0], "fail": [17, 21, 7, 25, 33, 28, 27, 13, 20, 15, 19, 11, 32, 21, 27, 22, 22, 25, 17, 38, 18, 19, 17, 37, 29, 20, 40, 21, 38, 19, 33, 21, 30, 32, 25, 21, 24, 37, 23, 38, 16, 24, 35, 24, 16, 18, 34, 26, 26, 10, 21, 26, 21, 33, 14], "recv_per_veh": [70.0, 193.0, 38.0, 125.0, 120.0, 86.0, 122.0, 121.0, 89.0, 176.0, 90.0, 122.0, 146.0, 87.0, 131.0, 88.0, 148.0, 118.0, 83.0, 117.0, 109.0, 72.0, 106.0, 54.0, 246.0, 62.0, 97.0, 141.0, 92.0, 148.0, 118.0, 180.0, 88.0, 123.0, 179.0, 52.0, 42.0, 123.0, 38.0, 120.0, 120.0, 129.0, 46.0, 110.0, 97.0, 62.0, 120.0, 62.0, 161.0, 57.0, 125.0, 169.0, 65.0, 148.0, 160.0, 179.0, 96.0, 125.0, 115.0, 63.0], "first_recv": {"0_0": 0, "0_2": 0, "1_1": 0, "1_0": 0, "1_2": 0, "4_1": 0, "6_1": 0, "6_0": 0, "8_1": 0, "8_0": 0, "9_0": 0, "9_1": 0, "9_2": 0, "13_0": 0, "13_1": 0, "14_0": 0, "14_2": 0, "14_1": 0, "16_1": 0, "16_2": 0, "17_1": 0, "17_2": 0, "17_0": 0, "18_1": 0, "19_0": 0, "19_1": 0, "21_1": 0, "22_1": 0, "22_2": 0, "23_1": 0, "24_0": 0, "24_1": 0, "24_2": 0, "25_1": 0, "26_1": 0, "27_1": 0, "27_2": 0, "28_0": 0, "29_0": 0, "29_1": 0, "29_2": 0, "30_0": 0, "30_1": 0, "32_0": 0, "32_1": 0, "34_1": 0, "34_2": 0, "34_0": 0, "36_0": 0, "37_2": 0, "38_1": 0, "40_1": 0, "40_2": 0, "41_0": 0, "41_2": 0, "41_1": 0, "42_0": 0, "44_1": 0, "44_0": 0, "45_2": 0, "47_1": 0, "49_0": 0, "50_1": 0, "50_2": 0, "50_0": 0, "51_1": 0, "52_0": 0, "52_2": 0, "53_1": 0, "53_0": 0, "54_0": 0, "54_2": 0, "54_1": 0, "55_0": 0, "55_1": 0, "56_1": 0, "56_0": 0, "57_2": 0, "58_0": 0, "58_1": 0, "59_0": 0, "4_2": 1, "10_2": 1, "11_0": 1, "11_2": 1, "12_0": 1, "20_2": 1, "30_2": 1, "37_0": 1, "37_1": 1, "51_2": 1, "51_0": 1, "56_2": 1, "2_2": 2, "3_0": 2, "3_2": 2, "3_1": 2, "5_1": 2, "7_0": 2, "7_2": 2, "10_0": 2, "12_2": 2, "20_0": 2, "33_1": 2, "33_2": 2, "35_0": 2, "39_1": 2, "43_2": 2, "48_0": 2, "48_2": 2, "48_1": 2, "57_1": 2, "39_2": 3, "18_0": 4, "21_2": 4, "31_0": 4, "31_1": 4, "31_2": 4, "43_1": 4, "46_2": 4, "46_1": 4, "15_0": 5, "15_1": 5, "15_2": 5, "27_0": 5, "46_0": 5, "33_0": 7, "12_1": 8, "55_2": 8}, "y_queue": [], "z_queue": [], "acc_per_veh": [0.75, 0.746999979019165, 0.6359999775886536, 0.7450000047683716, 0.7110000252723694, 0.40400001406669617, 0.42500001192092896, 0.7110000252723694, 0.44600000977516174, 0.7160000205039978, 0.746999979019165, 0.6600000262260437, 0.5789999961853027, 0.4869999885559082, 0.7570000290870667, 0.7289999723434448, 0.8069999814033508, 0.7689999938011169, 0.4560000002384186, 0.5740000009536743, 0.7070000171661377, 0.7070000171661377, 0.7020000219345093, 0.40799999237060547, 0.7490000128746033, 0.503000020980835, 0.460999995470047, 0.8209999799728394, 0.4959999918937683, 0.7269999980926514, 0.7099999785423279, 0.8360000252723694, 0.5019999742507935, 0.7329999804496765, 0.718999981880188, 0.4970000088214874, 0.5099999904632568, 0.8199999928474426, 0.4309999942779541, 0.7269999980926514, 0.7749999761581421, 0.7020000219345093, 0.45899999141693115, 0.7160000205039978, 0.4620000123977661, 0.6890000104904175, 0.7559999823570251, 0.40400001406669617, 0.8199999928474426, 0.4650000035762787, 0.7059999704360962, 0.6629999876022339, 0.6349999904632568, 0.5740000009536743, 0.7480000257492065, 0.7269999980926514, 0.7649999856948853, 0.6800000071525574, 0.421999990940094, 0.4659999907016754], "veh_meta": [{"mods": [0, 2], "D": {"0": 79, "2": 116}, "Q": {"0": 0.8408904499463036, "2": 0.8054775186395853}}, {"mods": [0, 1, 2], "D": {"0": 71, "1": 97, "2": 86}, "Q": {"0": 0.8631031262012127, "1": 0.9669251343794746, "2": 0.47504329448349025}}, {"mods": [2], "D": {"2": 75}, "Q": {"2": 0.3363326015759046}}, {"mods": [0, 1, 2], "D": {"0": 71, "1": 33, "2": 78}, "Q": {"0": 0.4107689217746535, "1": 0.9029778224116617, "2": 0.9173110081003986}}, {"mods": [1, 2], "D": {"1": 38, "2": 114}, "Q": {"1": 0.9501884868054674, "2": 0.3309783675295078}}, {"mods": [1], "D": {"1": 60}, "Q": {"1": 0.9156779228774263}}, {"mods": [0, 1], "D": {"0": 20, "1": 93}, "Q": {"0": 0.9381793835033848, "1": 0.8344681016690657}}, {"mods": [0, 2], "D": {"0": 81, "2": 53}, "Q": {"0": 0.3337551037033419, "2": 0.9939191496639349}}, {"mods": [0, 1], "D": {"0": 117, "1": 53}, "Q": {"0": 0.2633655635634285, "1": 0.31771280158235643}}, {"mods": [0, 1, 2], "D": {"0": 35, "1": 122, "2": 124}, "Q": {"0": 0.2555728606532229, "1": 0.39590353328110955, "2": 0.9137702874172963}}, {"mods": [0, 2], "D": {"0": 84, "2": 49}, "Q": {"0": 0.49142636912300364, "2": 0.4418382642639821}}, {"mods": [0, 2], "D": {"0": 41, "2": 89}, "Q": {"0": 0.9831212699532549, "2": 0.8780015428282493}}, {"mods": [0, 1, 2], "D": {"0": 73, "1": 84, "2": 85}, "Q": {"0": 0.5320322447000102, "1": 0.9757663968823688, "2": 0.9810784637417298}}, {"mods": [0, 1], "D": {"0": 20, "1": 35}, "Q": {"0": 0.9155714430569071,