{"cfg": {"method": "RECD", "trace": "/Users/ckim48/Downloads/infocomsim/results/traces/trace_med_n60_s2.npz", "seed": 2, "rounds": 55, "r_v2v": 200.0, "cache_encoders": 4, "max_out": 3, "V": 50.0, "use_gat": true, "dataset": "har", "phi_agg": 0.0}, "hist": {"acc": [0.21159999966621398, 0.46799999922513963, 0.5838833351929983, 0.6132833321889242, 0.6241000016530355, 0.6391499986251196, 0.6273833364248276, 0.6398166676362356, 0.6451666677991549, 0.6505666648348173, 0.6410833338896433, 0.6521833350261053], "acc_round": [1, 5, 10, 15, 20, 25, 30, 35, 40, 45, 50, 55], "recv": [80, 50, 74, 81, 67, 74, 86, 107, 61, 94, 67, 91, 85, 67, 71, 62, 96, 58, 85, 67, 87, 95, 58, 58, 76, 103, 71, 85, 66, 97, 76, 65, 69, 69, 108, 49, 86, 72, 83, 87, 72, 79, 83, 98, 71, 90, 63, 90, 94, 77, 71, 72, 74, 58, 72], "succ": [80, 50, 74, 81, 67, 74, 86, 107, 61, 94, 67, 91, 85, 67, 71, 62, 96, 58, 85, 67, 87, 95, 58, 58, 76, 103, 71, 85, 66, 97, 76, 65, 69, 69, 108, 49, 86, 72, 83, 87, 72, 79, 83, 98, 71, 90, 63, 90, 94, 77, 71, 72, 74, 58, 72], "att": [85, 55, 75, 88, 73, 80, 88, 111, 63, 96, 72, 92, 87, 71, 73, 63, 107, 58, 88, 67, 87, 98, 58, 64, 76, 104, 71, 94, 68, 97, 82, 66, 70, 70, 113, 51, 88, 74, 84, 93, 73, 81, 83, 106, 71, 95, 65, 94, 96, 80, 71, 72, 83, 59, 75], "energy": [123.96690793147054, 43.378168954856584, 91.86993164478424, 76.80081203451937, 73.44398965252128, 87.77991834861193, 97.27289113100028, 147.51724091929873, 47.208582468011016, 108.20704783375666, 66.63523415534634, 119.91786252508057, 60.585101288565816, 59.066899312011245, 70.00816123390625, 95.90217492372386, 202.65055489250219, 53.0593170795629, 121.96066884903914, 57.52849817185464, 133.42469157349228, 82.62569948992149, 44.98747560821116, 52.4443661729616, 72.36961475413409, 138.28252066044067, 51.88773227105077, 138.59528235300095, 55.58013417312096, 139.4480103733962, 68.69802847083463, 60.689837212930925, 60.11104096644068, 57.12989747202149, 176.43230991897107, 32.881888851753985, 106.38511399328293, 67.5541737794901, 108.04353984364897, 88.06332707447709, 92.41816130247553, 75.53610478691787, 89.4714647543232, 159.5126657815782, 54.627480435390105, 180.52587905853034, 44.62398085279797, 132.02282308083653, 80.21004013250268, 80.18009258696301, 56.40620105991819, 56.038013913347314, 109.45495678400178, 38.40008844904181, 76.30163648128367], "coverage": [0.40298507462686567, 0.5223880597014925, 0.6343283582089553, 0.7164179104477612, 0.7761194029850746, 0.7835820895522388, 0.8208955223880597, 0.8656716417910447, 0.8805970149253731, 0.9029850746268657, 0.9104477611940298, 0.9328358208955224, 0.9402985074626866, 0.9402985074626866, 0.9402985074626866, 0.9477611940298507, 0.9701492537313433, 0.9701492537313433, 0.9776119402985075, 0.9776119402985075, 0.9776119402985075, 0.9850746268656716, 0.9850746268656716, 0.9925373134328358, 0.9925373134328358, 0.9925373134328358, 0.9925373134328358, 0.9925373134328358, 0.9925373134328358, 1.0, 1.0, 1.0, 1.0, 1.0, 1.0, 1.0, 1.0, 1.0, 1.0, 1.0, 1.0, 1.0, 1.0, 1.0, 1.0, 1.0, 1.0, 1.0, 1.0, 1.0, 1.0, 1.0, 1.0, 1.0, 1.0], "staleness": [0.0, 0.16, 0.4594594594594595, 0.6666666666666666, 0.6417910447761194, 1.0810810810810811, 0.9418604651162791, 1.3364485981308412, 1.3278688524590163, 1.0851063829787233, 1.1343283582089552, 1.4725274725274726, 1.2588235294117647, 1.507462686567164, 1.4225352112676057, 0.967741935483871, 1.0104166666666667, 0.8620689655172413, 0.9882352941176471, 1.0597014925373134, 1.264367816091954, 1.263157894736842, 1.5517241379310345, 1.2413793103448276, 1.1578947368421053, 1.0194174757281553, 1.028169014084507, 1.0941176470588236, 0.9848484848484849, 1.0309278350515463, 1.2105263157894737, 1.3076923076923077, 1.6666666666666667, 1.6666666666666667, 1.6018518518518519, 1.7346938775510203, 1.313953488372093, 1.0416666666666667, 1.0, 1.1494252873563218, 1.0694444444444444, 1.4303797468354431, 1.0843373493975903, 1.489795918367347, 1.6901408450704225, 1.7444444444444445, 1.0476190476190477, 1.0, 1.2872340425531914, 0.8961038961038961, 0.9577464788732394, 1.5833333333333333, 1.1891891891891893, 1.2241379310344827, 1.6666666666666667], "fail": [5, 5, 1, 7, 6, 6, 2, 4, 2, 2, 5, 1, 2, 4, 2, 1, 11, 0, 3, 0, 0, 3, 0, 6, 0, 1, 0, 9, 2, 0, 6, 1, 1, 1, 5, 2, 2, 2, 1, 6, 1, 2, 0, 8, 0, 5, 2, 4, 2, 3, 0, 0, 9, 1, 3], "recv_per_veh": [96.0, 91.0, 71.0, 36.0, 53.0, 34.0, 78.0, 64.0, 32.0, 56.0, 33.0, 60.0, 74.0, 52.0, 66.0, 59.0, 35.0, 37.0, 107.0, 69.0, 70.0, 52.0, 42.0, 105.0, 53.0, 37.0, 71.0, 42.0, 62.0, 77.0, 99.0, 38.0, 47.0, 61.0, 93.0, 61.0, 79.0, 50.0, 53.0, 35.0, 48.0, 66.0, 49.0, 34.0, 27.0, 56.0, 93.0, 51.0, 81.0, 46.0, 48.0, 51.0, 86.0, 60.0, 25.0, 34.0, 87.0, 48.0, 65.0, 81.0], "first_recv": {"0_1": 0, "1_2": 0, "2_2": 0, "2_1": 0, "3_0": 0, "4_1": 0, "6_2": 0, "6_0": 0, "7_1": 0, "7_0": 0, "7_2": 0, "10_0": 0, "14_2": 0, "14_0": 0, "15_2": 0, "15_1": 0, "16_1": 0, "17_2": 0, "18_1": 0, "19_0": 0, "19_1": 0, "21_1": 0, "22_2": 0, "23_2": 0, "23_0": 0, "26_2": 0, "26_1": 0, "27_0": 0, "30_0": 0, "31_1": 0, "35_1": 0, "35_2": 0, "36_2": 0, "36_0": 0, "36_1": 0, "37_2": 0, "41_1": 0, "42_1": 0, "42_0": 0, "43_1": 0, "44_0": 0, "47_2": 0, "48_2": 0, "49_0": 0, "50_1": 0, "50_0": 0, "52_1": 0, "52_2": 0, "55_0": 0, "55_1": 0, "57_0": 0, "57_2": 0, "58_1": 0, "59_2": 0, "4_0": 1, "9_2": 1, "11_2": 1, "13_0": 1, "13_1": 1, "18_2": 1, "24_0": 1, "25_0": 1, "27_1": 1, "29_2": 1, "43_0": 1, "46_2": 1, "47_1": 1, "56_2": 1, "57_1": 1, "58_2": 1, "1_1": 2, "1_0": 2, "5_2": 2, "12_2": 2, "19_2": 2, "20_1": 2, "30_2": 2, "30_1": 2, "33_1": 2, "33_2": 2, "45_2": 2, "46_1": 2, "47_0": 2, "48_0": 2, "54_0": 2, "0_2": 3, "8_0": 3, "20_0": 3, "29_1": 3, "31_0": 3, "32_2": 3, "32_0": 3, "38_0": 3, "45_1": 3, "51_1": 3, "53_2": 3, "9_1": 4, "24_1": 4, "28_2": 4, "32_1": 4, "34_2": 4, "38_1": 4, "39_1": 4, "59_1": 4, "22_1": 5, "0_0": 6, "5_0": 6, "12_1": 6, "28_1": 6, "34_1": 6, "8_2": 7, "11_0": 7, "12_0": 7, "22_0": 7, "38_2": 7, "40_2": 7, "40_1": 8, "58_0": 8, "45_0": 9, "50_2": 9, "53_1": 9, "5_1": 10, "31_2": 11, "40_0": 11, "51_2": 11, "48_1": 12, "56_1": 15, "18_0": 16, "35_0": 16, "39_0": 16, "15_0": 18, "59_0": 21, "37_1": 23, "37_0": 29}, "y_queue": [0.06666666666666667, 0.13333333333333333, 0.16749999999999998, 0.19250000000000003, 0.22249999999999998, 0.2741666666666666, 0.29472222222222216, 0.2833333333333333, 0.33277777777777773, 0.32611111111111113, 0.36499999999999994, 0.37388888888888877, 0.3808333333333333, 0.41027777777777774, 0.4066666666666666, 0.43138888888888877, 0.3680555555555554, 0.39388888888888884, 0.38055555555555554, 0.40499999999999986, 0.38083333333333325, 0.3472222222222221, 0.38083333333333325, 0.40416666666666656, 0.43416666666666653, 0.4061111111111109, 0.4283333333333331, 0.4358333333333332, 0.4655555555555554, 0.44694444444444437, 0.4358333333333332, 0.45694444444444426, 0.47999999999999987, 0.5091666666666665, 0.4955555555555554, 0.554722222222222, 0.5316666666666664, 0.5630555555555554, 0.5311111111111109, 0.5311111111111109, 0.5680555555555554, 0.5938888888888887, 0.5936111111111109, 0.6158333333333331, 0.6791666666666665, 0.6902777777777775, 0.7241666666666665, 0.7147222222222221, 0.6563888888888886, 0.6477777777777776, 0.6488888888888886, 0.6572222222222222, 0.6652777777777776, 0.6794444444444443, 0.6963888888888887],