{"cfg": {"method": "LRU-Random", "trace": "/Users/ckim48/Downloads/infocomsim/results/traces/trace_med_n60_s3.npz", "seed": 3, "rounds": 55, "r_v2v": 200.0, "cache_encoders": 4, "max_out": 3, "V": 50.0, "use_gat": true, "dataset": "har", "phi_agg": 0.0}, "hist": {"acc": [0.20043333272139233, 0.47396666606267296, 0.5804666688044866, 0.6070333311955134, 0.6127999996145567, 0.6276166652639706, 0.6307333315412204, 0.6314499954382579, 0.6356999993324279, 0.6388666694362958, 0.6490166654189428, 0.6530333335200945], "acc_round": [1, 5, 10, 15, 20, 25, 30, 35, 40, 45, 50, 55], "recv": [98, 108, 118, 111, 122, 116, 113, 134, 118, 128, 91, 124, 120, 127, 123, 128, 146, 129, 124, 107, 128, 111, 117, 123, 127, 140, 128, 140, 120, 136, 124, 122, 111, 143, 129, 120, 124, 112, 134, 125, 127, 123, 138, 143, 127, 144, 120, 144, 115, 120, 143, 127, 127, 103, 129], "succ": [98, 108, 118, 111, 122, 116, 113, 134, 118, 128, 91, 124, 120, 127, 123, 128, 146, 129, 124, 107, 128, 111, 117, 123, 127, 140, 128, 140, 120, 136, 124, 122, 111, 143, 129, 120, 124, 112, 134, 125, 127, 123, 138, 143, 127, 144, 120, 144, 115, 120, 143, 127, 127, 103, 129], "att": [121, 158, 165, 167, 170, 156, 168, 165, 168, 147, 159, 165, 156, 156, 156, 168, 165, 165, 165, 162, 165, 162, 165, 174, 162, 165, 162, 174, 171, 168, 171, 152, 150, 168, 171, 162, 165, 162, 162, 162, 171, 171, 168, 165, 171, 168, 177, 168, 158, 165, 168, 162, 159, 159, 165], "energy": [234.67314994610823, 294.10857729249966, 337.1669679222323, 293.718197998493, 306.2566385581127, 268.3677940223995, 289.69894284262404, 326.6347551299793, 275.7947350500741, 310.46170638498353, 267.06057243867144, 260.92081864169705, 234.87517171372846, 287.233324480138, 277.0964620775901, 328.98742783716125, 303.8011890722715, 305.34325797300517, 300.101436843697, 283.5355264606059, 290.1340373814367, 228.94370111012296, 284.32344734161086, 353.92921444151347, 281.2932830462257, 312.1644387754923, 271.25207718004856, 339.3722900967307, 247.90559479016756, 275.1867199360976, 246.515383862815, 220.25770192034386, 277.4434941920804, 260.51632621947584, 292.1162399355493, 261.5347622123711, 317.9131810815309, 246.88586383967527, 234.79382891474967, 263.3210593289401, 323.28315880130634, 297.06219902791094, 299.3379131425541, 279.62863067599903, 244.39059288191692, 313.1147729678909, 280.26458353212166, 327.60088015196476, 231.03996561914826, 250.72221700147972, 291.93794055368056, 284.6192622336607, 279.39222690853666, 246.31054413663293, 307.4315183612776], "coverage": [0.40441176470588236, 0.6323529411764706, 0.7720588235294118, 0.8382352941176471, 0.875, 0.9044117647058824, 0.9264705882352942, 0.9411764705882353, 0.9632352941176471, 0.9705882352941176, 0.9705882352941176, 0.9705882352941176, 0.9852941176470589, 0.9852941176470589, 0.9852941176470589, 0.9852941176470589, 0.9852941176470589, 0.9926470588235294, 1.0, 1.0, 1.0, 1.0, 1.0, 1.0, 1.0, 1.0, 1.0, 1.0, 1.0, 1.0, 1.0, 1.0, 1.0, 1.0, 1.0, 1.0, 1.0, 1.0, 1.0, 1.0, 1.0, 1.0, 1.0, 1.0, 1.0, 1.0, 1.0, 1.0, 1.0, 1.0, 1.0, 1.0, 1.0, 1.0, 1.0], "staleness": [0.0, 0.3425925925925926, 0.8220338983050848, 1.2792792792792793, 1.680327868852459, 2.103448275862069, 2.734513274336283, 3.2611940298507465, 3.8135593220338984, 3.984375, 5.197802197802198, 5.483870967741935, 6.283333333333333, 5.188976377952756, 5.666666666666667, 5.1640625, 5.794520547945205, 6.930232558139535, 7.524193548387097, 7.373831775700935, 8.03125, 7.891891891891892, 8.307692307692308, 8.048780487804878, 9.236220472440944, 9.814285714285715, 8.9765625, 9.192857142857143, 8.925, 9.308823529411764, 9.209677419354838, 8.21311475409836, 11.963963963963964, 10.741258741258742, 9.937984496124031, 11.65, 10.35483870967742, 11.776785714285714, 10.91044776119403, 11.232, 9.614173228346457, 12.203252032520325, 12.304347826086957, 11.195804195804195, 12.535433070866143, 13.381944444444445, 11.333333333333334, 13.090277777777779, 12.460869565217392, 13.1, 11.6993006993007, 12.62992125984252, 12.976377952755906, 12.70873786407767, 11.914728682170542], "fail": [23, 50, 47, 56, 48, 40, 55, 31, 50, 19, 68, 41, 36, 29, 33, 40, 19, 36, 41, 55, 37, 51, 48, 51, 35, 25, 34, 34, 51, 32, 47, 30, 39, 25, 42, 42, 41, 50, 28, 37, 44, 48, 30, 22, 44, 24, 57, 24, 43, 45, 25, 35, 32, 56, 36], "recv_per_veh": [116.0, 42.0, 104.0, 115.0, 20.0, 42.0, 118.0, 88.0, 97.0, 108.0, 19.0, 82.0, 105.0, 117.0, 122.0, 76.0, 86.0, 119.0, 101.0, 30.0, 133.0, 128.0, 107.0, 119.0, 142.0, 114.0, 41.0, 124.0, 81.0, 40.0, 120.0, 132.0, 45.0, 85.0, 82.0, 76.0, 77.0, 15.0, 99.0, 43.0, 71.0, 69.0, 111.0, 127.0, 75.0, 92.0, 91.0, 81.0, 98.0, 19.0, 82.0, 123.0, 38.0, 100.0, 89.0, 94.0, 123.0, 109.0, 90.0, 21.0], "first_recv": {"0_2": 0, "1_1": 0, "2_2": 0, "2_1": 0, "2_0": 0, "3_0": 0, "3_1": 0, "6_1": 0, "6_0": 0, "6_2": 0, "8_2": 0, "8_1": 0, "9_2": 0, "10_1": 0, "12_0": 0, "16_1": 0, "16_0": 0, "17_0": 0, "17_1": 0, "18_0": 0, "19_2": 0, "20_2": 0, "21_2": 0, "22_2": 0, "22_0": 0, "23_0": 0, "23_2": 0, "26_2": 0, "27_2": 0, "27_0": 0, "29_0": 0, "32_1": 0, "32_0": 0, "33_2": 0, "34_2": 0, "38_2": 0, "39_1": 0, "42_0": 0, "43_1": 0, "44_2": 0, "45_1": 0, "46_1": 0, "47_2": 0, "51_1": 0, "51_2": 0, "51_0": 0, "52_0": 0, "54_0": 0, "54_2": 0, "55_1": 0, "55_2": 0, "57_1": 0, "57_2": 0, "58_0": 0, "58_2": 0, "0_0": 1, "4_1": 1, "7_2": 1, "7_0": 1, "9_1": 1, "15_2": 1, "18_2": 1, "20_0": 1, "20_1": 1, "22_1": 1, "23_1": 1, "25_1": 1, "28_2": 1, "30_0": 1, "30_1": 1, "30_2": 1, "31_0": 1, "31_1": 1, "31_2": 1, "33_0": 1, "35_2": 1, "38_1": 1, "38_0": 1, "41_2": 1, "42_2": 1, "43_2": 1, "45_2": 1, "46_2": 1, "50_2": 1, "56_1": 1, "59_0": 1, "5_0": 2, "5_1": 2, "11_2": 2, "13_2": 2, "13_1": 2, "21_1": 2, "21_0": 2, "24_1": 2, "24_2": 2, "25_0": 2, "29_1": 2, "36_2": 2, "37_0": 2, "39_0": 2, "40_2": 2, "44_0": 2, "48_0": 2, "48_1": 2, "56_2": 2, "3_2": 3, "9_0": 3, "12_2": 3, "16_2": 3, "24_0": 3, "25_2": 3, "27_1": 3, "47_1": 3, "48_2": 3, "14_2": 4, "14_1": 4, "17_2": 4, "43_0": 4, "53_2": 4, "13_0": 5, "14_0": 5, "36_0": 5, "57_0": 5, "11_0": 6, "49_1": 6, "50_0": 6, "11_1": 7, "52_1": 7, "34_1": 8, "40_0": 8, "46_0": 8, "53_0": 9, "0_1": 12, "35_0": 12, "58_1": 17, "1_0": 18}, "y_queue": [], "z_queue": [], "acc_per_veh": [0.7369999885559082, 0.4699999988079071, 0.6899999976158142, 0.7070000171661377, 0.3720000088214874, 0.4390000104904175, 0.6740000247955322, 0.7649999856948853, 0.5630000233650208, 0.6629999876022339, 0.4269999861717224, 0.777999997138977, 0.5400000214576721, 0.7160000205039978, 0.6940000057220459, 0.6060000061988831, 0.7200000286102295, 0.6940000057220459, 0.781000018119812, 0.6549999713897705, 0.7160000205039978, 0.621999979019165, 0.7879999876022339, 0.7239999771118164, 0.6949999928474426, 0.7599999904632568, 0.7319999933242798, 0.7440000176429749, 0.6850000023841858, 0.46700000762939453, 0.7820000052452087, 0.7910000085830688, 0.4569999873638153, 0.7879999876022339, 0.5490000247955322, 0.7639999985694885, 0.7279999852180481, 0.42899999022483826, 0.6800000071525574, 0.4560000002384186, 0.7649999856948853, 0.6169999837875366, 0.699999988079071, 0.6309999823570251, 0.6150000095367432, 0.6629999876022339, 0.7009999752044678, 0.5640000104904175, 0.7599999904632568, 0.48399999737739563, 0.8209999799728394, 0.8309999704360962, 0.45899999141693115, 0.6880000233650208, 0.7110000252723694, 0.6370000243186951, 0.5630000233650208, 0.7929999828338623, 0.6990000009536743, 0.4320000112056732], "veh_meta": [{"mods": [0, 1, 2], "D": {"0": 84, "1": 63, "2": 102}, "Q": {"0": 0.8518504893814931, "1": 0.8567050163542638, "2": 0.888090743534148}}, {"mods": [0, 1], "D": {"0": 85, "1": 73}, "Q": {"0": 0.8450109009679664, "1": 0.8937880497398338}}, {"mods": [0, 1, 2], "D": {"0": 61, "1": 50, "2": 111}, "Q": {"0": 0.9382185843711529, "1": 0.8747200248297857, "2": 0.8679697327913636}}, {"mods": [0, 1, 2], "D": {"0": 74, "1": 65, "2": 122}, "Q": {"0": 0.9082039346719543, "1": 0.8527773341905027, "2": 0.9678386115599942}}, {"mods": [1], "D": {"1": 56},