{"cfg": {"method": "LRU-Random", "trace": "/Users/ckim48/Downloads/infocomsim/results/traces/trace_med_n60_s2.npz", "seed": 2, "rounds": 55, "r_v2v": 200.0, "cache_encoders": 4, "max_out": 3, "V": 50.0, "use_gat": true, "dataset": "har", "phi_agg": 0.0}, "hist": {"acc": [0.20429999952514966, 0.45561666737000145, 0.5661333347360293, 0.6002333303292592, 0.6115999981760979, 0.6299000009894371, 0.6262833332022031, 0.63985000650088, 0.6388500019907951, 0.6437999988595645, 0.6455500031510989, 0.648233333726724], "acc_round": [1, 5, 10, 15, 20, 25, 30, 35, 40, 45, 50, 55], "recv": [104, 95, 120, 122, 119, 115, 125, 151, 119, 137, 102, 129, 107, 116, 116, 115, 111, 118, 143, 112, 145, 147, 128, 104, 129, 149, 121, 136, 122, 135, 118, 114, 108, 123, 143, 132, 132, 93, 148, 119, 146, 118, 108, 140, 125, 132, 115, 134, 134, 110, 111, 123, 126, 115, 112], "succ": [104, 95, 120, 122, 119, 115, 125, 151, 119, 137, 102, 129, 107, 116, 116, 115, 111, 118, 143, 112, 145, 147, 128, 104, 129, 149, 121, 136, 122, 135, 118, 114, 108, 123, 143, 132, 132, 93, 148, 119, 146, 118, 108, 140, 125, 132, 115, 134, 134, 110, 111, 123, 126, 115, 112], "att": [121, 149, 162, 166, 175, 171, 161, 170, 164, 146, 150, 150, 162, 168, 162, 150, 150, 171, 168, 168, 165, 168, 171, 165, 165, 174, 177, 168, 174, 171, 165, 153, 150, 162, 171, 168, 165, 159, 156, 162, 165, 165, 147, 153, 159, 159, 162, 174, 171, 153, 156, 171, 174, 171, 171], "energy": [250.5913417049813, 237.99063482234098, 334.3264517855936, 296.51861692964314, 375.6550616766583, 351.50956368591886, 281.1638259165498, 366.96305199822984, 282.26365131885814, 291.81430493164703, 256.8443968060655, 274.68137415766375, 248.91878931255627, 337.2068703746289, 358.60204375065797, 325.4920081983181, 331.034817352653, 313.82819610085795, 370.1939183643534, 247.72003413120433, 327.38396959362666, 302.70642163605424, 329.9265803212404, 324.53101547436876, 340.4758928769243, 303.68744457401607, 329.60092927015364, 324.8811449972623, 269.66632057714503, 287.5712286460019, 280.3265922306093, 294.4745778918679, 266.1305861115908, 311.49447764407853, 313.4751984765002, 287.33745209739527, 313.11541318485837, 238.04628209653512, 301.93694834353073, 263.6382080813294, 306.46144241504567, 300.80014697321843, 241.47211312888385, 314.30003776093207, 288.4413393868723, 313.96746422857325, 266.49407122601747, 314.62275796499597, 265.14600286369625, 264.62666105874774, 290.3452205670036, 263.8569858881401, 282.57690494149523, 260.6992458337901, 340.1926627828704], "coverage": [0.4253731343283582, 0.6119402985074627, 0.753731343283582, 0.835820895522388, 0.8805970149253731, 0.8880597014925373, 0.9104477611940298, 0.9626865671641791, 0.9776119402985075, 0.9850746268656716, 0.9925373134328358, 0.9925373134328358, 0.9925373134328358, 1.0, 1.0, 1.0, 1.0, 1.0, 1.0, 1.0, 1.0, 1.0, 1.0, 1.0, 1.0, 1.0, 1.0, 1.0, 1.0, 1.0, 1.0, 1.0, 1.0, 1.0, 1.0, 1.0, 1.0, 1.0, 1.0, 1.0, 1.0, 1.0, 1.0, 1.0, 1.0, 1.0, 1.0, 1.0, 1.0, 1.0, 1.0, 1.0, 1.0, 1.0, 1.0], "staleness": [0.0, 0.25263157894736843, 0.725, 1.1475409836065573, 1.6218487394957983, 2.417391304347826, 2.552, 3.1589403973509933, 3.5798319327731094, 3.0437956204379564, 3.872549019607843, 4.51937984496124, 5.0, 5.327586206896552, 4.543103448275862, 5.504347826086956, 6.252252252252252, 6.779661016949152, 7.076923076923077, 7.919642857142857, 7.475862068965517, 8.17687074829932, 8.78125, 8.35576923076923, 7.744186046511628, 7.859060402684563, 7.487603305785124, 9.397058823529411, 8.860655737704919, 9.474074074074075, 11.186440677966102, 10.035087719298245, 11.555555555555555, 10.154471544715447, 10.979020979020978, 9.878787878787879, 10.0, 9.150537634408602, 9.952702702702704, 8.84873949579832, 9.849315068493151, 9.966101694915254, 10.601851851851851, 9.678571428571429, 10.512, 10.628787878787879, 11.42608695652174, 9.716417910447761, 10.671641791044776, 9.209090909090909, 10.108108108108109, 11.959349593495935, 12.007936507936508, 10.139130434782608, 12.089285714285714], "fail": [17, 54, 42, 44, 56, 56, 36, 19, 45, 9, 48, 21, 55, 52, 46, 35, 39, 53, 25, 56, 20, 21, 43, 61, 36, 25, 56, 32, 52, 36, 47, 39, 42, 39, 28, 36, 33, 66, 8, 43, 19, 47, 39, 13, 34, 27, 47, 40, 37, 43, 45, 48, 48, 56, 59], "recv_per_veh": [137.0, 124.0, 90.0, 16.0, 45.0, 83.0, 78.0, 127.0, 93.0, 103.0, 12.0, 81.0, 114.0, 61.0, 84.0, 121.0, 34.0, 47.0, 123.0, 119.0, 61.0, 35.0, 86.0, 95.0, 68.0, 21.0, 90.0, 54.0, 85.0, 91.0, 112.0, 93.0, 104.0, 102.0, 77.0, 79.0, 125.0, 80.0, 100.0, 25.0, 110.0, 38.0, 49.0, 44.0, 12.0, 79.0, 97.0, 110.0, 118.0, 27.0, 89.0, 107.0, 93.0, 77.0, 16.0, 49.0, 91.0, 77.0, 117.0, 117.0], "first_recv": {"0_2": 0, "0_0": 0, "0_1": 0, "1_2": 0, "1_0": 0, "4_0": 0, "4_1": 0, "5_2": 0, "6_2": 0, "6_0": 0, "7_1": 0, "8_0": 0, "8_2": 0, "9_2": 0, "14_0": 0, "15_1": 0, "15_0": 0, "15_2": 0, "16_1": 0, "17_2": 0, "18_1": 0, "19_0": 0, "22_0": 0, "22_1": 0, "23_2": 0, "24_0": 0, "24_1": 0, "25_0": 0, "26_1": 0, "26_2": 0, "27_1": 0, "28_2": 0, "29_2": 0, "29_1": 0, "30_0": 0, "30_2": 0, "32_2": 0, "32_1": 0, "33_2": 0, "36_1": 0, "37_0": 0, "42_0": 0, "42_1": 0, "43_1": 0, "43_0": 0, "47_1": 0, "48_1": 0, "51_2": 0, "52_2": 0, "52_1": 0, "53_1": 0, "53_2": 0, "55_0": 0, "56_1": 0, "56_2": 0, "57_0": 0, "59_2": 0, "1_1": 1, "2_2": 1, "3_0": 1, "10_0": 1, "11_2": 1, "13_0": 1, "14_2": 1, "18_2": 1, "20_0": 1, "20_1": 1, "21_1": 1, "23_0": 1, "28_1": 1, "30_1": 1, "31_2": 1, "35_2": 1, "36_2": 1, "36_0": 1, "47_2": 1, "47_0": 1, "50_0": 1, "51_1": 1, "54_0": 1, "57_2": 1, "58_2": 1, "2_1": 2, "5_0": 2, "5_1": 2, "7_0": 2, "7_2": 2, "12_2": 2, "12_1": 2, "12_0": 2, "13_1": 2, "31_0": 2, "33_1": 2, "37_2": 2, "38_0": 2, "41_1": 2, "45_1": 2, "46_1": 2, "49_0": 2, "50_1": 2, "57_1": 2, "19_2": 3, "22_2": 3, "31_1": 3, "37_1": 3, "38_1": 3, "45_2": 3, "46_2": 3, "48_2": 3, "50_2": 3, "55_1": 3, "58_1": 3, "9_1": 4, "18_0": 4, "32_0": 4, "34_1": 4, "38_2": 4, "59_0": 4, "58_0": 5, "27_0": 6, "34_2": 6, "48_0": 6, "19_1": 7, "35_1": 7, "35_0": 7, "40_1": 7, "40_0": 7, "40_2": 7, "45_0": 7, "44_0": 8, "59_1": 8, "39_1": 9, "39_0": 10, "11_0": 13}, "y_queue": [], "z_queue": [], "acc_per_veh": [0.5379999876022339, 0.6579999923706055, 0.7239999771118164, 0.4790000021457672, 0.47200000286102295, 0.7879999876022339, 0.7549999952316284, 0.6919999718666077, 0.6620000004768372, 0.6259999871253967, 0.4970000088214874, 0.7480000257492065, 0.6449999809265137, 0.5270000100135803, 0.7379999756813049, 0.8270000219345093, 0.3970000147819519, 0.6850000023841858, 0.7490000128746033, 0.8510000109672546, 0.47200000286102295, 0.382999986410141, 0.7149999737739563, 0.6890000104904175, 0.48899999260902405, 0.5759999752044678, 0.7379999756813049, 0.41200000047683716, 0.6809999942779541, 0.7329999804496765, 0.6660000085830688, 0.7580000162124634, 0.7630000114440918, 0.7699999809265137, 0.5600000023841858, 0.6800000071525574, 0.6930000185966492, 0.7300000190734863, 0.7310000061988831, 0.4569999873638153, 0.8059999942779541, 0.32600000500679016, 0.6729999780654907, 0.6000000238418579, 0.5740000009536743, 0.781000018119812, 0.6660000085830688, 0.8059999942779541, 0.699999988079071, 0.5400000214576721, 0.6309999823570251, 0.7269999980926514, 0.7160000205039978, 0.652999997138977, 0.46000000834465027, 0.6200000047683716, 0.6940000057220459, 0.7900000214576721, 0.6700000166893005, 0.7070000171661377], "veh_meta": [{"mods": [0, 1, 2], "D": {"0": 90, "1": 20, "2": 47}, "Q": {"0": 0.9707950585278977, "1": 0.9693122970714936, "2": 0.40157382703651123}}, {"mods": [0, 1, 2], "D": {"0": 116, "1": 111, "2": 27}, "Q": {"0": 0.9160008357755614, "1": 0.4602257039821469, "2": 0.9000016722340434}}, {"mods": [1, 2], "D": {"1": 117, "2": 67}, "Q": {"1": 0.8812550086095902, "2": 0.324153171699206}}, {"mods": [0], "D": {"0": 52}, "Q": {"0": 0.4072200625901093}}, {"mods": [0, 1], "D": {"0": 92, "1": 56}, "Q": {"0": 0.44866060578049777, "1": 0.8994147597469025}}, {"mods": [0, 1, 2], "D": {"0": 89, "1": 89, "2": 98}, "Q": {"0": 0.8267908416343382, "1": 0.9497555756553709,