{"cfg": {"method": "DFL-Gossip", "trace": "/Users/ckim48/Downloads/infocomsim/results/traces/trace_med_n60_s2.npz", "seed": 2, "rounds": 55, "r_v2v": 200.0, "cache_encoders": 4, "max_out": 3, "V": 50.0, "use_gat": true, "dataset": "har", "phi_agg": 0.0}, "hist": {"acc": [0.1953666664659977, 0.45113333587845167, 0.5622833341360092, 0.6080166672666868, 0.6210333357254664, 0.6321833322445551, 0.6377999986211459, 0.6403666685024897, 0.6464833339055379, 0.6621666689713795, 0.6622166693210602, 0.6696999996900559], "acc_round": [1, 5, 10, 15, 20, 25, 30, 35, 40, 45, 50, 55], "recv": [126, 105, 129, 123, 125, 124, 129, 145, 131, 133, 105, 117, 113, 126, 122, 116, 117, 113, 116, 107, 127, 124, 121, 108, 117, 145, 127, 120, 111, 135, 120, 117, 109, 129, 141, 133, 123, 105, 137, 115, 124, 126, 119, 130, 127, 126, 117, 128, 137, 121, 117, 128, 131, 120, 101], "succ": [126, 105, 129, 123, 125, 124, 129, 145, 131, 133, 105, 117, 113, 126, 122, 116, 117, 113, 116, 107, 127, 124, 121, 108, 117, 145, 127, 120, 111, 135, 120, 117, 109, 129, 141, 133, 123, 105, 137, 115, 124, 126, 119, 130, 127, 126, 117, 128, 137, 121, 117, 128, 131, 120, 101], "att": [144, 141, 143, 144, 158, 149, 152, 153, 151, 139, 138, 128, 142, 154, 149, 138, 139, 146, 131, 136, 137, 144, 151, 145, 146, 155, 159, 144, 152, 152, 153, 139, 135, 152, 160, 154, 153, 146, 141, 146, 146, 146, 139, 141, 144, 141, 141, 154, 153, 140, 146, 158, 163, 147, 140], "energy": [273.18780467254345, 234.79028073513632, 243.93382659158968, 223.13715026807756, 300.0846833966902, 257.14881225999267, 240.58494438150007, 277.4913043688248, 257.85817518609844, 255.00492395006643, 212.1773161505682, 203.15445904337284, 205.1648191775287, 302.51743934364276, 301.4197524749968, 292.6161411650632, 251.99479804444863, 243.6760373548552, 267.0834269851938, 224.8916212520207, 239.96004564419152, 205.36260167616564, 283.86481515279564, 271.97803481130717, 279.83573227467934, 276.97883414286565, 268.1103375376693, 251.45882734899988, 247.07416785200516, 242.37729514209985, 256.1965664600847, 243.98311182595617, 212.53699564736326, 289.8474068977974, 276.36039830434873, 278.5193520166799, 300.77795874247954, 232.06192697244128, 227.27598102110525, 195.1920565988108, 216.53480353645878, 202.52631383206278, 220.1919208097283, 221.3296335661518, 256.9016271612704, 257.07842902763736, 217.64380388922055, 240.57582940473952, 236.6039277649434, 199.110612908638, 240.46398051022385, 255.2521163195019, 302.0071910400329, 205.60643062089358, 261.11818175739893], "coverage": [0.6044776119402985, 0.7014925373134329, 0.8283582089552238, 0.8731343283582089, 0.9253731343283582, 0.9253731343283582, 0.9402985074626866, 0.9701492537313433, 0.9850746268656716, 0.9850746268656716, 0.9850746268656716, 0.9925373134328358, 0.9925373134328358, 0.9925373134328358, 0.9925373134328358, 0.9925373134328358, 0.9925373134328358, 0.9925373134328358, 0.9925373134328358, 1.0, 1.0, 1.0, 1.0, 1.0, 1.0, 1.0, 1.0, 1.0, 1.0, 1.0, 1.0, 1.0, 1.0, 1.0, 1.0, 1.0, 1.0, 1.0, 1.0, 1.0, 1.0, 1.0, 1.0, 1.0, 1.0, 1.0, 1.0, 1.0, 1.0, 1.0, 1.0, 1.0, 1.0, 1.0, 1.0], "staleness": [0.0, 0.0, 0.0, 0.0, 0.0, 0.0, 0.0, 0.0, 0.0, 0.0, 0.0, 0.0, 0.0, 0.0, 0.0, 0.0, 0.0, 0.0, 0.0, 0.0, 0.0, 0.0, 0.0, 0.0, 0.0, 0.0, 0.0, 0.0, 0.0, 0.0, 0.0, 0.0, 0.0, 0.0, 0.0, 0.0, 0.0, 0.0, 0.0, 0.0, 0.0, 0.0, 0.0, 0.0, 0.0, 0.0, 0.0, 0.0, 0.0, 0.0, 0.0, 0.0, 0.0, 0.0, 0.0], "fail": [18, 36, 14, 21, 33, 25, 23, 8, 20, 6, 33, 11, 29, 28, 27, 22, 22, 33, 15, 29, 10, 20, 30, 37, 29, 10, 32, 24, 41, 17, 33, 22, 26, 23, 19, 21, 30, 41, 4, 31, 22, 20, 20, 11, 17, 15, 24, 26, 16, 19, 29, 30, 32, 27, 39], "recv_per_veh": [177.0, 174.0, 124.0, 56.0, 111.0, 74.0, 96.0, 123.0, 122.0, 122.0, 42.0, 120.0, 121.0, 108.0, 138.0, 158.0, 60.0, 35.0, 182.0, 145.0, 178.0, 64.0, 126.0, 123.0, 120.0, 58.0, 113.0, 114.0, 86.0, 113.0, 202.0, 137.0, 115.0, 129.0, 96.0, 105.0, 197.0, 87.0, 113.0, 64.0, 125.0, 87.0, 138.0, 87.0, 41.0, 90.0, 91.0, 123.0, 136.0, 83.0, 134.0, 105.0, 125.0, 99.0, 37.0, 107.0, 88.0, 102.0, 157.0, 155.0], "first_recv": {"1_0": 0, "1_1": 0, "1_2": 0, "2_1": 0, "2_2": 0, "3_0": 0, "4_0": 0, "4_1": 0, "6_2": 0, "6_0": 0, "7_0": 0, "7_1": 0, "7_2": 0, "8_0": 0, "9_1": 0, "10_0": 0, "11_2": 0, "14_0": 0, "14_2": 0, "15_0": 0, "15_1": 0, "15_2": 0, "16_1": 0, "17_2": 0, "18_0": 0, "18_1": 0, "18_2": 0, "19_0": 0, "19_1": 0, "20_1": 0, "21_1": 0, "22_0": 0, "22_1": 0, "22_2": 0, "23_2": 0, "23_0": 0, "24_0": 0, "24_1": 0, "25_0": 0, "26_1": 0, "26_2": 0, "27_0": 0, "27_1": 0, "28_2": 0, "29_2": 0, "30_0": 0, "30_1": 0, "30_2": 0, "31_0": 0, "32_1": 0, "33_1": 0, "34_1": 0, "35_1": 0, "35_2": 0, "36_0": 0, "36_2": 0, "38_2": 0, "42_0": 0, "42_1": 0, "43_1": 0, "43_0": 0, "44_0": 0, "46_2": 0, "47_0": 0, "47_2": 0, "47_1": 0, "48_1": 0, "50_0": 0, "50_1": 0, "50_2": 0, "52_1": 0, "52_2": 0, "54_0": 0, "55_0": 0, "55_1": 0, "56_1": 0, "57_0": 0, "57_1": 0, "57_2": 0, "58_1": 0, "59_2": 0, "0_0": 1, "0_1": 1, "0_2": 1, "8_2": 1, "20_0": 1, "31_1": 1, "31_2": 1, "33_2": 1, "48_2": 1, "48_0": 1, "49_0": 1, "56_2": 1, "58_2": 1, "5_0": 2, "5_1": 2, "5_2": 2, "9_2": 2, "12_0": 2, "12_1": 2, "12_2": 2, "28_1": 2, "29_1": 2, "36_1": 2, "37_1": 2, "38_0": 2, "41_1": 2, "45_0": 2, "45_1": 2, "46_1": 2, "51_2": 2, "32_2": 3, "32_0": 3, "53_2": 3, "53_1": 3, "58_0": 3, "59_1": 3, "13_0": 4, "19_2": 4, "34_2": 4, "37_0": 4, "38_1": 4, "45_2": 4, "59_0": 4, "13_1": 6, "39_1": 6, "35_0": 7, "40_0": 7, "40_1": 7, "40_2": 7, "11_0": 8, "39_0": 8, "51_1": 11, "37_2": 19}, "y_queue": [], "z_queue": [], "acc_per_veh": [0.7039999961853027, 0.699999988079071, 0.6990000009536743, 0.47999998927116394, 0.5640000104904175, 0.7429999709129333, 0.8069999814033508, 0.6520000100135803, 0.6909999847412109, 0.5600000023841858, 0.4749999940395355, 0.7950000166893005, 0.6629999876022339, 0.6150000095367432, 0.7979999780654907, 0.8500000238418579, 0.46799999475479126, 0.6480000019073486, 0.765999972820282, 0.8069999814033508, 0.5690000057220459, 0.47099998593330383, 0.6819999814033508, 0.7739999890327454, 0.5730000138282776, 0.593999981880188, 0.7590000033378601, 0.5709999799728394, 0.597000002861023, 0.7689999938011169, 0.5590000152587891, 0.8149999976158142, 0.8679999709129333, 0.7020000219345093, 0.6370000243186951, 0.6520000100135803, 0.7670000195503235, 0.6970000267028809, 0.7799999713897705, 0.5210000276565552, 0.8090000152587891, 0.4320000112056732, 0.6589999794960022, 0.6259999871253967, 0.6110000014305115, 0.8100000023841858, 0.7080000042915344, 0.6850000023841858, 0.6330000162124634, 0.5389999747276306, 0.6430000066757202, 0.6230000257492065, 0.7580000162124634, 0.753000020980835, 0.578000009059906, 0.5860000252723694, 0.6710000038146973, 0.7799999713897705, 0.7289999723434448, 0.7070000171661377], "veh_meta": [{"mods": [0, 1, 2], "D": {"0": 90, "1": 20, "2": 47}, "Q": {"0": 0.9707950585278977, "1": 0.9693122970714936, "2": 0.40157382703651123}}, {"mods": [0, 1, 2], "D": {"0": 116, "1": 111, "2": 27}, "Q": {"0": 0.9160008357755614, "1": 0.4602257039821469, "2": 0.9000016722340434}}, {"mods": [1, 2], "D": {"1": 117, "2": 67}, "Q": {"1": 0.8812550086095902, "2": 0.324153171699206}}, {"mods": [0], "D": {"0": 52}, "Q": {"0": 0.4072200625901093}}, {"mods": [0, 1], "D": {"0": 92, "1": 56}, "Q": {"0": 0.44866060578049777, "1": 0.8994147597469025}}, {"mods": [0, 1, 2], "D": {"0": 89, "1": 89, "2": 98}, "Q": {"0": 0.8267908416343382, "1": 0.9497555756553709, "2": 0.9086690461167806}}, {"mods": [0, 2], "D": {"0": 88, "2": 49}, "Q": {"0": 0.42737720579606375, "2": 0.9095815560180753}}, {"mods": [0, 1, 2], "D": {"0": 116, "1": 112, "2": 57}, "Q": {"0": 0.44299342817447057, "1": 0.5110437680107005, "2": 0.47252651166503473}}, {"mods": [0, 2], "D": {"0": 105, "2": 112}, "Q": {"0": 0.36854522754025115, "2": 0.839605422363234}}, {"mods": [1, 2], "D": {"1": 118, "2": 111}, "Q": {"1": 0.8084858383765092, "2": 0.385068153885212}}, {"mods": [0], "D": {"0": 79}, "Q": {"0": 0.9715679036879028}}, {"mods": [0, 2], "D": {"0": 108, "2": 100},