{"cfg": {"method": "RECD", "trace": "/Users/ckim48/Downloads/infocomsim/results/traces/trace_med_n60_s3.npz", "seed": 3, "rounds": 55, "r_v2v": 200.0, "cache_encoders": 4, "max_out": 3, "V": 50.0, "use_gat": true, "dataset": "fmnist", "phi_agg": 0.0}, "hist": {"acc": [0.09996666597823302, 0.15861666661997637, 0.28916666557391485, 0.34426666734119254, 0.3807999974737565, 0.4016833322743575, 0.4168333354095618, 0.4402166649699211, 0.4402166644732157, 0.44571666568517687, 0.46181666702032087, 0.47261666854222617], "acc_round": [1, 5, 10, 15, 20, 25, 30, 35, 40, 45, 50, 55], "recv": [89, 50, 83, 89, 87, 52, 67, 108, 67, 76, 58, 90, 92, 63, 72, 73, 99, 60, 97, 64, 73, 91, 71, 65, 55, 107, 74, 72, 68, 95, 88, 68, 57, 91, 92, 69, 70, 55, 92, 103, 98, 88, 84, 121, 54, 74, 69, 69, 73, 64, 58, 84, 103, 52, 88], "succ": [89, 50, 83, 89, 87, 52, 67, 108, 67, 76, 58, 90, 92, 63, 72, 73, 99, 60, 97, 64, 73, 91, 71, 65, 55, 107, 74, 72, 68, 95, 88, 68, 57, 91, 92, 69, 70, 55, 92, 103, 98, 88, 84, 121, 54, 74, 69, 69, 73, 64, 58, 84, 103, 52, 88], "att": [92, 53, 84, 93, 92, 55, 68, 114, 71, 81, 59, 92, 92, 65, 83, 80, 100, 60, 99, 66, 74, 97, 71, 75, 55, 114, 79, 81, 68, 95, 90, 68, 58, 93, 95, 69, 74, 57, 93, 107, 98, 93, 88, 127, 55, 80, 71, 71, 81, 66, 59, 84, 116, 53, 94], "energy": [161.53414065266128, 44.67795491275673, 127.10705698388301, 80.72573639376196, 109.77676222981886, 55.203747970960926, 80.15740426382366, 179.81205062105852, 52.285895395472714, 117.46984430153452, 69.15592734161818, 113.96244515346538, 71.29111638960254, 57.2399626296874, 99.91983581693448, 89.67767026259077, 165.40610519513038, 36.77567377087892, 112.65908395040418, 45.57097144013499, 88.1815943464545, 74.58245462764529, 69.35599270683923, 78.50657499200744, 47.23215613309479, 203.23451217820934, 63.43590851056451, 113.32931030331827, 40.31964004384075, 121.20883271478999, 77.05350117015645, 60.246939370796696, 48.10279262349193, 83.61970875104964, 114.56803256095196, 45.07247441213441, 98.52267912927255, 41.03674478864197, 103.50417298007547, 95.49073657194371, 109.1193726963161, 93.39483941047658, 108.57377155361664, 204.5625663377271, 37.308732313228816, 106.61856736852874, 65.99339615930376, 92.65442365026915, 70.14787835975821, 62.25239959101411, 43.435670210163146, 97.42274445825996, 201.68409165605433, 35.84197527195174, 121.2917851796592], "coverage": [0.41605839416058393, 0.5693430656934306, 0.7299270072992701, 0.8029197080291971, 0.8394160583941606, 0.8540145985401459, 0.8759124087591241, 0.9124087591240876, 0.9124087591240876, 0.9197080291970803, 0.9343065693430657, 0.9343065693430657, 0.9343065693430657, 0.9416058394160584, 0.948905109489051, 0.948905109489051, 0.9562043795620438, 0.9562043795620438, 0.9708029197080292, 0.9708029197080292, 0.9708029197080292, 0.9708029197080292, 0.9708029197080292, 0.9708029197080292, 0.9708029197080292, 0.9708029197080292, 0.9708029197080292, 0.9708029197080292, 0.9708029197080292, 0.9781021897810219, 0.9781021897810219, 0.9781021897810219, 0.9781021897810219, 0.9781021897810219, 0.9781021897810219, 0.9781021897810219, 0.9781021897810219, 0.9781021897810219, 0.9854014598540146, 0.9854014598540146, 0.9854014598540146, 0.9854014598540146, 0.9854014598540146, 0.9854014598540146, 0.9854014598540146, 0.9927007299270073, 0.9927007299270073, 0.9927007299270073, 0.9927007299270073, 0.9927007299270073, 1.0, 1.0, 1.0, 1.0, 1.0], "staleness": [0.0, 0.18, 0.4457831325301205, 0.8426966292134831, 0.8620689655172413, 1.0576923076923077, 1.3880597014925373, 1.5833333333333333, 1.8059701492537314, 1.368421052631579, 1.2241379310344827, 1.8666666666666667, 2.260869565217391, 2.253968253968254, 1.8472222222222223, 1.4383561643835616, 1.6363636363636365, 1.6166666666666667, 1.4948453608247423, 1.78125, 1.6712328767123288, 1.6593406593406594, 1.2816901408450705, 1.476923076923077, 1.9636363636363636, 1.9532710280373833, 1.3918918918918919, 1.8888888888888888, 1.1911764705882353, 1.5263157894736843, 1.25, 1.3529411764705883, 1.5087719298245614, 1.1758241758241759, 1.25, 0.782608695652174, 1.5285714285714285, 1.690909090909091, 1.6956521739130435, 1.5436893203883495, 1.7551020408163265, 1.6022727272727273, 1.619047619047619, 1.322314049586777, 1.6851851851851851, 1.554054054054054, 1.5797101449275361, 1.6521739130434783, 1.6712328767123288, 1.5, 1.9482758620689655, 1.9166666666666667, 1.2427184466019416, 1.5576923076923077, 1.7840909090909092], "fail": [3, 3, 1, 4, 5, 3, 1, 6, 4, 5, 1, 2, 0, 2, 11, 7, 1, 0, 2, 2, 1, 6, 0, 10, 0, 7, 5, 9, 0, 0, 2, 0, 1, 2, 3, 0, 4, 2, 1, 4, 0, 5, 4, 6, 1, 6, 2, 2, 8, 2, 1, 0, 13, 1, 6], "recv_per_veh": [50.0, 30.0, 21.0, 50.0, 56.0, 50.0, 58.0, 90.0, 54.0, 54.0, 38.0, 48.0, 49.0, 78.0, 46.0, 73.0, 43.0, 62.0, 42.0, 26.0, 86.0, 73.0, 58.0, 45.0, 84.0, 95.0, 75.0, 45.0, 97.0, 41.0, 57.0, 61.0, 34.0, 60.0, 48.0, 87.0, 54.0, 74.0, 49.0, 56.0, 76.0, 33.0, 70.0, 129.0, 72.0, 103.0, 61.0, 61.0, 59.0, 61.0, 54.0, 32.0, 39.0, 86.0, 29.0, 86.0, 59.0, 73.0, 48.0, 64.0], "first_recv": {"0_2": 0, "4_1": 0, "5_1": 0, "6_1": 0, "7_0": 0, "7_2": 0, "7_1": 0, "8_0": 0, "8_2": 0, "10_0": 0, "12_2": 0, "12_0": 0, "12_1": 0, "15_1": 0, "16_0": 0, "17_1": 0, "18_2": 0, "18_1": 0, "20_0": 0, "20_2": 0, "22_2": 0, "23_2": 0, "23_1": 0, "25_2": 0, "26_0": 0, "26_2": 0, "26_1": 0, "27_0": 0, "27_1": 0, "28_1": 0, "28_2": 0, "31_1": 0, "32_1": 0, "37_1": 0, "37_2": 0, "39_2": 0, "40_1": 0, "41_0": 0, "42_2": 0, "43_1": 0, "43_2": 0, "44_2": 0, "45_2": 0, "46_1": 0, "46_2": 0, "47_2": 0, "50_1": 0, "51_1": 0, "52_0": 0, "53_2": 0, "54_0": 0, "56_2": 0, "57_1": 0, "58_1": 0, "58_2": 0, "59_0": 0, "59_1": 0, "1_1": 1, "5_0": 1, "9_1": 1, "10_1": 1, "10_2": 1, "15_2": 1, "19_1": 1, "21_2": 1, "24_2": 1, "29_2": 1, "30_2": 1, "31_2": 1, "33_1": 1, "36_2": 1, "36_1": 1, "38_1": 1, "41_2": 1, "48_1": 1, "54_2": 1, "56_1": 1, "59_2": 1, "3_0": 2, "3_1": 2, "13_2": 2, "13_1": 2, "24_0": 2, "25_1": 2, "29_0": 2, "33_0": 2, "33_2": 2, "34_1": 2, "35_2": 2, "35_1": 2, "36_0": 2, "39_1": 2, "39_0": 2, "42_0": 2, "47_0": 2, "49_1": 2, "49_2": 2, "55_1": 2, "55_2": 2, "57_2": 2, "2_0": 3, "4_2": 3, "11_2": 3, "16_2": 3, "21_1": 3, "21_0": 3, "24_1": 3, "28_0": 3, "30_1": 3, "38_2": 3, "13_0": 4, "17_0": 4, "40_2": 4, "46_0": 4, "47_1": 4, "14_0": 5, "29_1": 5, "17_2": 6, "50_2": 6, "53_1": 6, "1_0": 7, "14_2": 7, "16_1": 7, "19_2": 7, "51_0": 7, "34_0": 9, "40_0": 10, "50_0": 10, "48_2": 13, "41_1": 14, "30_0": 16, "18_0": 18, "25_0": 18, "48_0": 29, "19_0": 38, "11_0": 45, "23_0": 50}, "y_queue": [0.06666666666666668, 0.13, 0.14916666666666667, 0.17, 0.1925, 0.25666666666666665, 0.28583333333333333, 0.27277777777777773, 0.3113888888888889, 0.3341666666666666, 0.3747222222222222, 0.3530555555555555, 0.36611111111111116, 0.40444444444444433, 0.4375, 0.4480555555555555, 0.4355555555555554, 0.496111111111111, 0.47027777777777763, 0.5236111111111109, 0.5166666666666665, 0.5397222222222221, 0.5799999999999998, 0.5808333333333332, 0.6161111111111109, 0.6016666666666665, 0.6338888888888887, 0.6661111111111109, 0.7055555555555554, 0.6572222222222222, 0.6599999999999999, 0.6775, 0.716111111111111, 0.6952777777777776, 0.6702777777777776, 0.6874999999999999, 0.7258333333333332, 0.7402777777777776, 0.7074999999999998, 0.6827777777777776, 0.6452777777777776, 0.6344444444444443, 0.6449999999999998, 0.6080555555555555, 0.6444444444444444, 0.6497222222222222, 0.6933333333333332, 0.696111111111111, 0.7091666666666665, 0.7233333333333333, 0.7344444444444443, 0.7350000000000001, 0.7299999999999999, 0.7680555555555556, 0.7375],