{"cfg": {"method": "DFL-Gossip", "trace": "/Users/ckim48/Downloads/infocomsim/results/traces/trace_med_n60_s1.npz", "seed": 1, "rounds": 55, "r_v2v": 200.0, "cache_encoders": 4, "max_out": 3, "V": 50.0, "use_gat": true, "dataset": "fmnist", "phi_agg": 0.0}, "hist": {"acc": [0.10054999999701977, 0.1477999996393919, 0.2709833312779665, 0.3345833330104748, 0.36148333152135215, 0.3761999982098738, 0.39441666603088377, 0.41168333142995833, 0.43066666771968204, 0.44343333144982655, 0.458583332101504, 0.46676666686932244], "acc_round": [1, 5, 10, 15, 20, 25, 30, 35, 40, 45, 50, 55], "recv": [130, 115, 134, 119, 118, 123, 117, 128, 122, 117, 119, 121, 99, 108, 120, 127, 126, 119, 131, 105, 137, 130, 134, 118, 120, 110, 111, 136, 118, 136, 125, 139, 126, 118, 112, 127, 113, 111, 142, 124, 137, 123, 120, 126, 123, 116, 115, 125, 131, 129, 122, 122, 124, 107, 119], "succ": [130, 115, 134, 119, 118, 123, 117, 128, 122, 117, 119, 121, 99, 108, 120, 127, 126, 119, 131, 105, 137, 130, 134, 118, 120, 110, 111, 136, 118, 136, 125, 139, 126, 118, 112, 127, 113, 111, 142, 124, 137, 123, 120, 126, 123, 116, 115, 125, 131, 129, 122, 122, 124, 107, 119], "att": [151, 150, 144, 142, 151, 150, 140, 143, 145, 138, 139, 139, 139, 137, 142, 147, 154, 141, 151, 147, 148, 140, 148, 147, 147, 137, 127, 154, 149, 164, 164, 155, 151, 142, 137, 145, 140, 142, 163, 158, 153, 147, 147, 148, 143, 132, 141, 148, 160, 133, 147, 147, 139, 144, 139], "energy": [276.3342812449703, 210.8047531521585, 242.9515275121122, 181.35098041323033, 250.1802822397186, 242.40711643730418, 234.94331483433592, 215.49746632226316, 228.3443299904421, 230.31215583476126, 223.44353988285266, 272.53465391357423, 253.8745635478928, 240.75190951570247, 289.13958261747126, 285.2266917946972, 265.51133529353905, 240.39371593452486, 279.4500097229042, 215.50801406312024, 277.7042480283035, 234.4147480323175, 257.25507765450294, 240.55952048346273, 280.6495643427777, 248.63574949235246, 228.9151140716118, 287.32479580640353, 217.75828655999905, 314.4270081712113, 265.7086712597107, 269.68323777644684, 245.6592068475345, 254.0031026105936, 251.72316963451522, 275.42140448464545, 262.63130046776706, 256.31307141485337, 333.3872621205515, 279.2316587445779, 279.95387166788845, 237.2974267860231, 226.42198181168328, 241.43866364362316, 223.14085879526854, 209.94672921641168, 203.45867777033445, 281.61799098750635, 327.20283298998487, 235.99260363040065, 283.7837900487064, 276.0131418919348, 221.97375822179708, 249.6097441561216, 224.9626228319421], "coverage": [0.6384615384615384, 0.7153846153846154, 0.8384615384615385, 0.8538461538461538, 0.9230769230769231, 0.9615384615384616, 0.9615384615384616, 0.9692307692307692, 1.0, 1.0, 1.0, 1.0, 1.0, 1.0, 1.0, 1.0, 1.0, 1.0, 1.0, 1.0, 1.0, 1.0, 1.0, 1.0, 1.0, 1.0, 1.0, 1.0, 1.0, 1.0, 1.0, 1.0, 1.0, 1.0, 1.0, 1.0, 1.0, 1.0, 1.0, 1.0, 1.0, 1.0, 1.0, 1.0, 1.0, 1.0, 1.0, 1.0, 1.0, 1.0, 1.0, 1.0, 1.0, 1.0, 1.0], "staleness": [0.0, 0.0, 0.0, 0.0, 0.0, 0.0, 0.0, 0.0, 0.0, 0.0, 0.0, 0.0, 0.0, 0.0, 0.0, 0.0, 0.0, 0.0, 0.0, 0.0, 0.0, 0.0, 0.0, 0.0, 0.0, 0.0, 0.0, 0.0, 0.0, 0.0, 0.0, 0.0, 0.0, 0.0, 0.0, 0.0, 0.0, 0.0, 0.0, 0.0, 0.0, 0.0, 0.0, 0.0, 0.0, 0.0, 0.0, 0.0, 0.0, 0.0, 0.0, 0.0, 0.0, 0.0, 0.0], "fail": [21, 35, 10, 23, 33, 27, 23, 15, 23, 21, 20, 18, 40, 29, 22, 20, 28, 22, 20, 42, 11, 10, 14, 29, 27, 27, 16, 18, 31, 28, 39, 16, 25, 24, 25, 18, 27, 31, 21, 34, 16, 24, 27, 22, 20, 16, 26, 23, 29, 4, 25, 25, 15, 37, 20], "recv_per_veh": [35.0, 70.0, 96.0, 38.0, 159.0, 111.0, 134.0, 157.0, 53.0, 136.0, 134.0, 87.0, 157.0, 127.0, 96.0, 58.0, 76.0, 115.0, 89.0, 168.0, 118.0, 138.0, 124.0, 122.0, 75.0, 72.0, 189.0, 117.0, 236.0, 134.0, 59.0, 176.0, 42.0, 104.0, 92.0, 80.0, 65.0, 85.0, 90.0, 105.0, 154.0, 100.0, 108.0, 110.0, 147.0, 64.0, 92.0, 128.0, 138.0, 122.0, 116.0, 133.0, 66.0, 193.0, 144.0, 194.0, 68.0, 79.0, 85.0, 164.0], "first_recv": {"0_0": 0, "4_0": 0, "4_1": 0, "6_0": 0, "6_1": 0, "6_2": 0, "8_0": 0, "9_0": 0, "9_1": 0, "13_0": 0, "13_1": 0, "13_2": 0, "14_2": 0, "14_0": 0, "16_0": 0, "17_0": 0, "17_1": 0, "17_2": 0, "18_0": 0, "18_1": 0, "19_2": 0, "19_1": 0, "19_0": 0, "20_2": 0, "20_1": 0, "21_0": 0, "21_1": 0, "22_0": 0, "22_1": 0, "23_0": 0, "23_1": 0, "23_2": 0, "24_0": 0, "25_1": 0, "26_0": 0, "26_1": 0, "26_2": 0, "27_0": 0, "27_1": 0, "28_1": 0, "28_0": 0, "29_0": 0, "29_1": 0, "29_2": 0, "30_1": 0, "32_0": 0, "34_1": 0, "35_0": 0, "36_1": 0, "37_1": 0, "38_0": 0, "38_1": 0, "38_2": 0, "41_0": 0, "41_1": 0, "42_1": 0, "44_0": 0, "44_1": 0, "44_2": 0, "45_1": 0, "47_0": 0, "47_1": 0, "49_0": 0, "49_1": 0, "50_0": 0, "50_1": 0, "50_2": 0, "51_1": 0, "52_1": 0, "52_0": 0, "53_0": 0, "53_1": 0, "53_2": 0, "54_0": 0, "54_1": 0, "55_0": 0, "55_1": 0, "55_2": 0, "57_1": 0, "58_2": 0, "59_0": 0, "59_1": 0, "59_2": 0, "1_1": 1, "11_1": 1, "11_2": 1, "12_0": 1, "37_2": 1, "42_0": 1, "48_1": 1, "51_0": 1, "56_1": 1, "56_2": 1, "2_0": 2, "3_2": 2, "5_0": 2, "7_2": 2, "10_0": 2, "10_1": 2, "33_0": 2, "33_1": 2, "33_2": 2, "35_1": 2, "39_0": 2, "40_0": 2, "40_1": 2, "40_2": 2, "43_0": 2, "58_0": 2, "39_2": 3, "48_2": 3, "5_1": 4, "7_0": 4, "7_1": 4, "21_2": 4, "31_0": 4, "31_1": 4, "43_1": 4, "46_2": 4, "46_1": 4, "4_2": 5, "10_2": 5, "15_0": 5, "15_2": 5, "28_2": 5, "54_2": 7, "2_2": 8, "12_1": 8, "12_2": 8, "31_2": 8}, "y_queue": [], "z_queue": [], "acc_per_veh": [0.5210000276565552, 0.45399999618530273, 0.36500000953674316, 0.3479999899864197, 0.4339999854564667, 0.39899998903274536, 0.6299999952316284, 0.3709999918937683, 0.43700000643730164, 0.4580000042915344, 0.6029999852180481, 0.4059999883174896, 0.421999990940094, 0.42100000381469727, 0.453000009059906, 0.38600000739097595, 0.4519999921321869, 0.32899999618530273, 0.5649999976158142, 0.5379999876022339, 0.40700000524520874, 0.4779999852180481, 0.6200000047683716, 0.5049999952316284, 0.4189999997615814, 0.48100000619888306, 0.4480000138282776, 0.5410000085830688, 0.609000027179718, 0.6340000033378601, 0.4729999899864197, 0.42899999022483826, 0.4020000100135803, 0.3919999897480011, 0.3919999897480011, 0.46299999952316284, 0.39500001072883606, 0.550000011920929, 0.5059999823570251, 0.3799999952316284, 0.49900001287460327, 0.5009999871253967, 0.46399998664855957, 0.5289999842643738, 0.3619999885559082, 0.5040000081062317, 0.4300000071525574, 0.335999995470047, 0.6449999809265137, 0.3580000102519989, 0.5040000081062317, 0.38100001215934753, 0.46399998664855957, 0.5400000214576721, 0.38600000739097595, 0.5139999985694885, 0.4950000047683716, 0.5270000100135803, 0.46000000834465027, 0.5910000205039978], "veh_meta": [{"mods": [0], "D": {"0": 900}, "Q": {"0": 0.9296273342569894}}, {"mods": [1], "D": {"1": 205}, "Q": {"1": 0.5332603873270162}}, {"mods": [0, 2], "D": {"0": 160, "2": 280}, "Q": {"0": 0.9551798633198361, "2": 0.8836897573943958}}, {"mods": [2], "D": {"2": 60}, "Q": {"2": 0.8036362253500965}}, {"mods": [0, 1, 2], "D": {"0": 399, "1": 685, "2": 410}, "Q": {"0": 0.934215372322613, "1": 0.8256628651307353, "2": 0.8788927905803693}}, {"mods": [0, 1], "D": {"0": 81, "1": 34}, "Q": {"0": 0.8081698892786238, "1": 0.8063234640631504}}, {"mods": [0, 1, 2], "D": {"0": 847, "1": 439, "2": 319}, "Q": {"0": 0.38925879901530147, "1": 0.47256585286563746, "2": 0.3197180008106804}}, {"mods": [0, 1, 2], "D": {"0": 158, "1": 211, "2": 225}, "Q": {"0": 0.4887292794329691, "1": 0.4955725624825534, "2": 0.8627158262159224}}, {"mods": [0], "D": {"0": 450}, "Q": {"0": 0.8569425919479874}}, {"mods": [0, 1], "D": {"0": 324, "1": 125}, "Q": {"0": 0.9091829472648495, "1": 0.2886793049403587}}, {"mods": [0, 1, 2], "D": {"0": 798, "1": 510, "2": 968}, "Q": {"0": 0.8396517586946148, "1": 0.9913807641701791, "2": 0.9352055622353893}}, {"mods": [1, 2], "D": {"1": 81, "2": 53}, "Q": {"1": 0.37572243882391654, "2": 0.9331072575586984}}, {"mods": [0, 1, 2], "D": {"0": 280, "1": 296, "2": 242}, "Q": {"0": 0.44100047659911235, "1": 0.26872050992212765, "2": 0.9687442404816223}}, {"mods": [0, 1, 2], "D": {"0": 98, "1": 317, "2": 209},