{"cfg": {"method": "Mobility-Greedy", "trace": "/Users/ckim48/Downloads/infocomsim/results/traces/trace_med_n60_s1.npz", "seed": 1, "rounds": 55, "r_v2v": 200.0, "cache_encoders": 4, "max_out": 3, "V": 50.0, "use_gat": true, "dataset": "fmnist", "phi_agg": 0.0}, "hist": {"acc": [0.10131666647891203, 0.14414999869962533, 0.2561833310872316, 0.3177499987185001, 0.35421666552623116, 0.3747499989966551, 0.3754666666189829, 0.40461666459838547, 0.4079999973376592, 0.44019999851783115, 0.45075000276168187, 0.47015000035365423], "acc_round": [1, 5, 10, 15, 20, 25, 30, 35, 40, 45, 50, 55], "recv": [114, 111, 125, 116, 122, 108, 105, 117, 113, 111, 95, 105, 94, 102, 97, 121, 108, 115, 125, 107, 126, 127, 129, 95, 115, 107, 100, 129, 104, 132, 120, 141, 107, 111, 109, 123, 105, 98, 143, 128, 125, 105, 99, 119, 113, 105, 102, 124, 119, 120, 107, 106, 108, 112, 107], "succ": [114, 111, 125, 116, 122, 108, 105, 117, 113, 111, 95, 105, 94, 102, 97, 121, 108, 115, 125, 107, 126, 127, 129, 95, 115, 107, 100, 129, 104, 132, 120, 141, 107, 111, 109, 123, 105, 98, 143, 128, 125, 105, 99, 119, 113, 105, 102, 124, 119, 120, 107, 106, 108, 112, 107], "att": [136, 113, 135, 127, 123, 133, 120, 135, 118, 130, 115, 120, 117, 111, 133, 129, 139, 117, 142, 111, 136, 136, 132, 139, 128, 126, 106, 135, 128, 138, 149, 145, 139, 119, 123, 128, 117, 106, 145, 147, 141, 138, 114, 134, 121, 123, 110, 130, 132, 127, 136, 119, 123, 118, 125], "energy": [304.9064675967598, 161.88568072390729, 256.4545647213156, 163.35379979431627, 243.39736206102472, 242.82530617605147, 192.55060998743156, 238.34734394157627, 205.81200200436584, 320.8592998128419, 185.2614363950785, 289.09033361245434, 223.44894579119685, 263.4260993407512, 307.24475894067916, 285.89873869538684, 287.1027518313433, 234.72885895814233, 311.72666058672235, 214.69313172946508, 329.8469114200075, 297.9490766739645, 279.145388736951, 286.44957816122627, 308.2027125783423, 301.92210089677627, 194.5581938792542, 294.0801629830178, 221.47920852483276, 284.7632814965251, 297.2208763417874, 292.2571811509649, 293.00478626931744, 263.9997407780441, 282.8200763332197, 279.69295080750044, 257.08417204330914, 223.53571964530036, 372.448200578174, 323.4700586784728, 370.28700285713074, 311.7727221387426, 220.54080227431382, 315.2770032161501, 234.6145266863664, 252.47769216502252, 177.46536006449526, 297.0827458694911, 284.14309582872596, 312.34039266415874, 307.05860830034044, 250.80464092140662, 237.439419792301, 264.6540050348514, 321.7748968914406], "coverage": [0.5153846153846153, 0.6307692307692307, 0.7846153846153846, 0.7923076923076923, 0.8384615384615385, 0.8846153846153846, 0.9, 0.9153846153846154, 0.9538461538461539, 0.9769230769230769, 0.9769230769230769, 0.9769230769230769, 0.9846153846153847, 0.9923076923076923, 1.0, 1.0, 1.0, 1.0, 1.0, 1.0, 1.0, 1.0, 1.0, 1.0, 1.0, 1.0, 1.0, 1.0, 1.0, 1.0, 1.0, 1.0, 1.0, 1.0, 1.0, 1.0, 1.0, 1.0, 1.0, 1.0, 1.0, 1.0, 1.0, 1.0, 1.0, 1.0, 1.0, 1.0, 1.0, 1.0, 1.0, 1.0, 1.0, 1.0, 1.0], "staleness": [0.0, 0.35135135135135137, 0.528, 0.6293103448275862, 0.819672131147541, 0.8981481481481481, 0.9523809523809523, 1.205128205128205, 0.9646017699115044, 1.09009009009009, 0.9473684210526315, 1.1523809523809523, 1.2553191489361701, 1.1176470588235294, 0.9690721649484536, 1.0991735537190082, 1.3333333333333333, 1.1478260869565218, 1.392, 1.2616822429906542, 1.4285714285714286, 1.3622047244094488, 1.3333333333333333, 1.2736842105263158, 1.434782608695652, 1.3738317757009346, 1.88, 1.2170542635658914, 1.1826923076923077, 1.3484848484848484, 1.0916666666666666, 1.0780141843971631, 1.0186915887850467, 1.2702702702702702, 1.1009174311926606, 1.4471544715447155, 0.9428571428571428, 0.9591836734693877, 1.1748251748251748, 1.09375, 0.992, 0.8952380952380953, 0.9292929292929293, 1.1092436974789917, 0.911504424778761, 0.9904761904761905, 1.1862745098039216, 1.314516129032258, 1.319327731092437, 0.975, 1.3271028037383177, 1.3584905660377358, 1.2037037037037037, 1.1517857142857142, 1.233644859813084], "fail": [22, 2, 10, 11, 1, 25, 15, 18, 5, 19, 20, 15, 23, 9, 36, 8, 31, 2, 17, 4, 10, 9, 3, 44, 13, 19, 6, 6, 24, 6, 29, 4, 32, 8, 14, 5, 12, 8, 2, 19, 16, 33, 15, 15, 8, 18, 8, 6, 13, 7, 29, 13, 15, 6, 18], "recv_per_veh": [26.0, 102.0, 81.0, 82.0, 67.0, 168.0, 92.0, 101.0, 49.0, 133.0, 44.0, 145.0, 80.0, 123.0, 60.0, 60.0, 111.0, 101.0, 69.0, 135.0, 126.0, 75.0, 56.0, 60.0, 71.0, 121.0, 77.0, 154.0, 61.0, 94.0, 70.0, 65.0, 88.0, 85.0, 127.0, 82.0, 99.0, 66.0, 56.0, 70.0, 83.0, 106.0, 124.0, 84.0, 132.0, 77.0, 88.0, 34.0, 120.0, 57.0, 76.0, 110.0, 73.0, 113.0, 84.0, 53.0, 61.0, 86.0, 83.0, 83.0], "first_recv": {"1_1": 0, "3_2": 0, "4_0": 0, "5_1": 0, "5_0": 0, "7_1": 0, "8_0": 0, "9_1": 0, "11_2": 0, "13_0": 0, "13_2": 0, "13_1": 0, "14_2": 0, "16_0": 0, "17_2": 0, "18_0": 0, "18_1": 0, "19_1": 0, "20_2": 0, "20_1": 0, "21_1": 0, "21_0": 0, "22_1": 0, "23_0": 0, "23_2": 0, "24_0": 0, "25_1": 0, "26_2": 0, "27_0": 0, "27_1": 0, "29_0": 0, "29_2": 0, "29_1": 0, "30_1": 0, "32_0": 0, "34_1": 0, "35_0": 0, "36_1": 0, "37_1": 0, "38_1": 0, "39_0": 0, "41_0": 0, "41_1": 0, "42_1": 0, "44_2": 0, "44_1": 0, "45_1": 0, "48_2": 0, "49_0": 0, "49_1": 0, "50_0": 0, "50_1": 0, "51_0": 0, "51_1": 0, "52_1": 0, "52_0": 0, "53_1": 0, "54_0": 0, "54_2": 0, "54_1": 0, "55_1": 0, "55_2": 0, "55_0": 0, "56_2": 0, "57_1": 0, "58_2": 0, "58_0": 0, "0_0": 1, "4_1": 1, "6_2": 1, "11_1": 1, "19_2": 1, "28_1": 1, "37_2": 1, "40_0": 1, "40_1": 1, "42_0": 1, "44_0": 1, "47_1": 1, "48_1": 1, "59_0": 1, "59_2": 1, "2_0": 2, "6_1": 2, "7_2": 2, "10_1": 2, "10_0": 2, "12_0": 2, "19_0": 2, "26_1": 2, "28_0": 2, "33_1": 2, "33_0": 2, "33_2": 2, "35_1": 2, "38_2": 2, "38_0": 2, "40_2": 2, "43_0": 2, "47_0": 2, "53_0": 2, "56_1": 2, "39_2": 3, "4_2": 4, "7_0": 4, "21_2": 4, "43_1": 4, "46_2": 4, "46_1": 4, "6_0": 5, "15_0": 5, "15_2": 5, "17_0": 5, "28_2": 5, "59_1": 5, "26_0": 6, "50_2": 6, "31_1": 7, "31_0": 7, "2_2": 8, "12_2": 8, "23_1": 8, "31_2": 8, "53_2": 8, "9_0": 9, "10_2": 9, "22_0": 9, "12_1": 12, "14_0": 13, "17_1": 14}, "y_queue": [], "z_queue": [], "acc_per_veh": [0.46799999475479126, 0.4830000102519989, 0.34299999475479126, 0.40799999237060547, 0.4359999895095825, 0.4000000059604645, 0.628000020980835, 0.3919999897480011, 0.48100000619888306, 0.46000000834465027, 0.5929999947547913, 0.45899999141693115, 0.47200000286102295, 0.5220000147819519, 0.4480000138282776, 0.414000004529953, 0.4690000116825104, 0.3440000116825104, 0.5899999737739563, 0.47999998927116394, 0.45100000500679016, 0.5040000081062317, 0.5339999794960022, 0.5070000290870667, 0.3779999911785126, 0.41499999165534973, 0.44699999690055847, 0.5809999704360962, 0.6539999842643738, 0.6069999933242798, 0.5070000290870667, 0.44600000977516174, 0.40400001406669617, 0.35100001096725464, 0.35199999809265137, 0.4749999940395355, 0.375, 0.5669999718666077, 0.5120000243186951, 0.3840000033378601, 0.49300000071525574, 0.5170000195503235, 0.4580000042915344, 0.5249999761581421, 0.34599998593330383, 0.5180000066757202, 0.42899999022483826, 0.33799999952316284, 0.6850000023841858, 0.3100000023841858, 0.5270000100135803, 0.3700000047683716, 0.3160000145435333, 0.5809999704360962, 0.3869999945163727, 0.5120000243186951, 0.5979999899864197, 0.527999997138977, 0.42800000309944153, 0.6019999980926514], "veh_meta": [{"mods": [0], "D": {"0": 900}, "Q": {"0": 0.9296273342569894}}, {"mods": [1], "D": {"1": 205}, "Q": {"1": 0.5332603873270162}}, {"mods": [0, 2], "D": {"0": 160, "2": 280}, "Q": {"0": 0.9551798633198361, "2": 0.8836897573943958}}, {"mods": [2], "D": {"2": 60}, "Q": {"2": 0.8036362253500965}}, {"mods": [0, 1, 2], "D": {"0": 399, "1": 685, "2": 410}, "Q": {"0": 0.934215372322613, "1": 0.8256628651307353, "2": 0.8788927905803693}}, {"mods": [0, 1], "D": {"0": 81, "1": 34}, "Q": {"0": 0.8081698892786238, "1": 0.8063234640631504}}, {"mods": [0, 1, 2], "D": {"0": 847, "1": 439, "2": 319}, "Q": {"0": 0.38925879901530147, "1": 0.47256585286563746,