{"cfg": {"method": "RECD", "trace": "/Users/ckim48/Downloads/infocomsim/results/traces/trace_med_n60_s1.npz", "seed": 1, "rounds": 55, "r_v2v": 200.0, "cache_encoders": 4, "max_out": 3, "V": 50.0, "use_gat": true, "dataset": "fmnist", "phi_agg": 0.0}, "hist": {"acc": [0.1015166665116946, 0.15553333225349586, 0.2869833337763945, 0.33746666635076206, 0.3654166648785273, 0.37753333523869514, 0.38708333348234497, 0.4060999994476636, 0.4196166639526685, 0.4298333331942558, 0.4394500012199084, 0.4491166666150093], "acc_round": [1, 5, 10, 15, 20, 25, 30, 35, 40, 45, 50, 55], "recv": [60, 66, 81, 94, 71, 69, 67, 89, 45, 88, 58, 83, 67, 71, 67, 72, 95, 53, 69, 48, 89, 76, 69, 78, 58, 90, 48, 89, 64, 86, 76, 66, 59, 55, 98, 54, 66, 49, 104, 86, 64, 80, 51, 95, 46, 83, 65, 88, 73, 73, 67, 54, 88, 65, 79], "succ": [60, 66, 81, 94, 71, 69, 67, 89, 45, 88, 58, 83, 67, 71, 67, 72, 95, 53, 69, 48, 89, 76, 69, 78, 58, 90, 48, 89, 64, 86, 76, 66, 59, 55, 98, 54, 66, 49, 104, 86, 64, 80, 51, 95, 46, 83, 65, 88, 73, 73, 67, 54, 88, 65, 79], "att": [60, 67, 82, 97, 73, 72, 69, 89, 45, 88, 67, 85, 73, 72, 75, 74, 112, 53, 80, 48, 89, 81, 70, 89, 63, 100, 48, 89, 66, 86, 76, 68, 61, 55, 106, 54, 69, 49, 104, 92, 64, 89, 52, 106, 47, 87, 67, 89, 77, 73, 68, 54, 95, 66, 79], "energy": [69.4646761767602, 47.060492422019365, 97.6833778457073, 73.60618011190553, 89.83739553541942, 81.57634295482113, 55.63154050752409, 101.81603406279929, 35.093184901733785, 112.28648837756475, 65.15927259618046, 142.11053769376832, 65.22306420001425, 109.9937139546201, 106.34457145047107, 88.4336582746794, 197.74599917319318, 36.14078147766652, 115.37905721292894, 32.138978508897296, 108.22664416120234, 73.96980923269251, 77.46595951159502, 94.66903875382144, 85.05948111047218, 188.88969317097602, 38.397987057289555, 108.919561025602, 45.67777245619776, 135.84832849473952, 62.902916134999586, 71.35575397566241, 40.44781616477989, 42.74232453963357, 187.67315126634946, 33.297355869566694, 99.54449409641387, 32.62169457945755, 222.83768786676504, 83.12611184823861, 59.72562992571989, 110.01788200358898, 35.93156273227793, 193.34991339715836, 29.059297975143696, 81.9990751513133, 55.292590530220856, 165.3053595247006, 68.16562471510188, 79.76661904858258, 70.67532366225596, 39.08986608137475, 153.31937370094298, 57.55838837031968, 91.56113606558566], "coverage": [0.3153846153846154, 0.4846153846153846, 0.6538461538461539, 0.7076923076923077, 0.7615384615384615, 0.7923076923076923, 0.7923076923076923, 0.8461538461538461, 0.8615384615384616, 0.8923076923076924, 0.9, 0.9307692307692308, 0.9538461538461539, 0.9538461538461539, 0.9615384615384616, 0.9769230769230769, 0.9769230769230769, 0.9769230769230769, 0.9769230769230769, 0.9769230769230769, 0.9923076923076923, 0.9923076923076923, 0.9923076923076923, 0.9923076923076923, 1.0, 1.0, 1.0, 1.0, 1.0, 1.0, 1.0, 1.0, 1.0, 1.0, 1.0, 1.0, 1.0, 1.0, 1.0, 1.0, 1.0, 1.0, 1.0, 1.0, 1.0, 1.0, 1.0, 1.0, 1.0, 1.0, 1.0, 1.0, 1.0, 1.0, 1.0], "staleness": [0.0, 0.15151515151515152, 0.43209876543209874, 0.5106382978723404, 0.5915492957746479, 1.1884057971014492, 1.1791044776119404, 1.202247191011236, 1.4222222222222223, 1.2159090909090908, 1.706896551724138, 1.6746987951807228, 1.3582089552238805, 1.619718309859155, 1.537313432835821, 1.8472222222222223, 1.2947368421052632, 0.8490566037735849, 1.5942028985507246, 2.0416666666666665, 1.5617977528089888, 1.644736842105263, 2.130434782608696, 1.935897435897436, 1.5689655172413792, 2.1444444444444444, 2.2083333333333335, 1.6404494382022472, 1.4375, 1.313953488372093, 1.7105263157894737, 1.606060606060606, 1.2033898305084745, 1.709090909090909, 1.5408163265306123, 1.4444444444444444, 2.0454545454545454, 1.2857142857142858, 1.5576923076923077, 1.7790697674418605, 1.0, 1.3125, 1.9607843137254901, 1.4736842105263157, 1.391304347826087, 1.3734939759036144, 1.6615384615384616, 1.2840909090909092, 1.3013698630136987, 1.2191780821917808, 1.626865671641791, 1.8703703703703705, 1.4090909090909092, 1.5692307692307692, 1.4050632911392404], "fail": [0, 1, 1, 3, 2, 3, 2, 0, 0, 0, 9, 2, 6, 1, 8, 2, 17, 0, 11, 0, 0, 5, 1, 11, 5, 10, 0, 0, 2, 0, 0, 2, 2, 0, 8, 0, 3, 0, 0, 6, 0, 9, 1, 11, 1, 4, 2, 1, 4, 0, 1, 0, 7, 1, 0], "recv_per_veh": [13.0, 66.0, 48.0, 80.0, 66.0, 81.0, 76.0, 73.0, 20.0, 62.0, 42.0, 91.0, 42.0, 74.0, 56.0, 31.0, 61.0, 74.0, 39.0, 77.0, 86.0, 48.0, 39.0, 42.0, 41.0, 76.0, 46.0, 85.0, 55.0, 53.0, 34.0, 57.0, 37.0, 45.0, 81.0, 36.0, 54.0, 45.0, 36.0, 47.0, 62.0, 36.0, 57.0, 42.0, 67.0, 36.0, 54.0, 35.0, 90.0, 31.0, 50.0, 65.0, 29.0, 76.0, 65.0, 57.0, 40.0, 53.0, 36.0, 49.0], "first_recv": {"4_0": 0, "4_2": 0, "4_1": 0, "5_1": 0, "5_0": 0, "6_1": 0, "6_0": 0, "6_2": 0, "8_0": 0, "9_1": 0, "9_0": 0, "13_0": 0, "13_2": 0, "13_1": 0, "14_2": 0, "16_0": 0, "17_2": 0, "22_1": 0, "24_0": 0, "27_0": 0, "27_1": 0, "28_1": 0, "29_0": 0, "29_1": 0, "30_1": 0, "34_1": 0, "36_1": 0, "41_1": 0, "41_0": 0, "42_1": 0, "44_2": 0, "45_1": 0, "47_1": 0, "47_0": 0, "49_0": 0, "49_1": 0, "50_0": 0, "55_1": 0, "55_2": 0, "55_0": 0, "59_2": 0, "0_0": 1, "11_2": 1, "11_1": 1, "14_0": 1, "18_1": 1, "19_0": 1, "21_1": 1, "23_0": 1, "29_2": 1, "32_0": 1, "37_1": 1, "37_2": 1, "44_1": 1, "48_2": 1, "51_0": 1, "53_1": 1, "53_2": 1, "53_0": 1, "56_2": 1, "56_1": 1, "58_0": 1, "59_0": 1, "1_1": 2, "3_2": 2, "7_1": 2, "12_0": 2, "20_1": 2, "25_1": 2, "33_1": 2, "33_2": 2, "33_0": 2, "35_1": 2, "38_2": 2, "38_0": 2, "39_2": 2, "40_0": 2, "40_2": 2, "40_1": 2, "48_1": 2, "51_1": 2, "52_1": 2, "54_1": 2, "54_0": 2, "58_2": 2, "2_0": 3, "23_2": 3, "26_2": 3, "35_0": 3, "39_0": 3, "42_0": 3, "43_0": 3, "7_0": 4, "19_1": 4, "20_2": 4, "21_2": 4, "50_2": 4, "57_1": 4, "59_1": 4, "10_2": 5, "15_2": 5, "23_1": 5, "54_2": 5, "7_2": 7, "19_2": 7, "26_1": 7, "26_0": 7, "28_0": 7, "46_1": 7, "46_2": 7, "2_2": 8, "28_2": 8, "12_2": 9, "22_0": 9, "31_2": 9, "52_0": 9, "10_1": 10, "12_1": 11, "38_1": 11, "43_1": 11, "50_1": 11, "15_0": 12, "31_1": 12, "31_0": 12, "17_1": 14, "17_0": 15, "21_0": 15, "10_0": 20, "44_0": 20, "18_0": 24}, "y_queue": [0.07416666666666667, 0.13166666666666668, 0.14583333333333334, 0.18083333333333332, 0.22083333333333333, 0.24999999999999997, 0.2866666666666667, 0.29694444444444446, 0.3486111111111111, 0.33861111111111103, 0.3769444444444444, 0.3516666666666666, 0.37083333333333335, 0.3799999999999999, 0.38083333333333325, 0.3625, 0.36333333333333334, 0.40527777777777774, 0.42555555555555546, 0.4672222222222221, 0.398611111111111, 0.40916666666666657, 0.44666666666666655, 0.4747222222222221, 0.5083333333333332, 0.49916666666666654, 0.546111111111111, 0.5080555555555554, 0.5097222222222221, 0.5099999999999998, 0.5022222222222221, 0.5224999999999999, 0.5252777777777776, 0.5449999999999998, 0.4991666666666665, 0.5288888888888886, 0.5430555555555554, 0.5905555555555554, 0.5661111111111109, 0.5366666666666665, 0.5688888888888886, 0.5724999999999998, 0.5927777777777775, 0.5174999999999998, 0.5538888888888887, 0.5561111111111109, 0.5408333333333332, 0.49833333333333313, 0.5074999999999997, 0.5088888888888887, 0.5227777777777776, 0.5672222222222221, 0.5174999999999998, 0.5358333333333332, 0.5061111111111107],