{"cfg": {"method": "LRU-Random", "trace": "/Users/ckim48/Downloads/infocomsim/results/traces/trace_med_n60_s2.npz", "seed": 2, "rounds": 55, "r_v2v": 200.0, "cache_encoders": 4, "max_out": 3, "V": 50.0, "use_gat": true, "dataset": "fmnist", "phi_agg": 0.0}, "hist": {"acc": [0.10098333265632391, 0.1462333332747221, 0.2476166632026434, 0.3058333327372869, 0.328466667731603, 0.3523666673650344, 0.36299999977151554, 0.38223333209753035, 0.38863333215316137, 0.3969666654864947, 0.3993499996761481, 0.4114499993622303], "acc_round": [1, 5, 10, 15, 20, 25, 30, 35, 40, 45, 50, 55], "recv": [101, 99, 119, 123, 125, 108, 117, 146, 116, 133, 102, 129, 109, 117, 124, 125, 120, 118, 148, 118, 143, 138, 127, 106, 134, 156, 127, 136, 114, 142, 122, 108, 113, 126, 138, 140, 137, 109, 150, 124, 143, 119, 107, 130, 119, 135, 117, 132, 140, 117, 108, 106, 122, 122, 112], "succ": [101, 99, 119, 123, 125, 108, 117, 146, 116, 133, 102, 129, 109, 117, 124, 125, 120, 118, 148, 118, 143, 138, 127, 106, 134, 156, 127, 136, 114, 142, 122, 108, 113, 126, 138, 140, 137, 109, 150, 124, 143, 119, 107, 130, 119, 135, 117, 132, 140, 117, 108, 106, 122, 122, 112], "att": [125, 148, 158, 166, 176, 171, 161, 171, 165, 147, 150, 150, 162, 168, 162, 150, 150, 171, 168, 168, 165, 168, 171, 165, 165, 174, 177, 168, 174, 171, 165, 153, 150, 162, 171, 168, 165, 159, 156, 162, 165, 165, 147, 153, 159, 159, 162, 174, 171, 153, 156, 171, 174, 171, 171], "energy": [251.13770809894507, 242.96334729538893, 302.31734363822017, 279.4763932377591, 367.84393852118467, 329.8124130991423, 293.6993676600785, 340.28283456578475, 305.67274645536804, 280.51637200424415, 233.2145193476972, 272.1667272160208, 229.6456397629366, 308.94477365427304, 317.12567961770867, 305.318748545503, 292.76526127763026, 283.5086156735543, 311.96990013949903, 237.34113976210182, 295.01972477619734, 273.101896696523, 292.2079684942842, 313.1281981063677, 316.9604996623225, 275.45992371425024, 293.21849588567727, 296.2202227424972, 237.47756160175126, 292.42915868806415, 295.9078435169075, 244.14610278777934, 249.20916621465568, 297.54136176662394, 308.490841753266, 287.98581993287087, 288.34272406287465, 267.47399792648355, 262.5870325213153, 244.7591780971721, 298.0174053840981, 280.43533261756323, 245.64057345150846, 323.9223683264704, 271.1553203039159, 307.4099064694052, 263.0715071670767, 311.1629505148828, 258.5675127563868, 230.93604472157472, 258.08967003812506, 255.25713135997037, 299.56145069338106, 253.69983054503047, 305.1543032763451], "coverage": [0.47794117647058826, 0.6544117647058824, 0.7720588235294118, 0.8161764705882353, 0.8529411764705882, 0.9044117647058824, 0.9338235294117647, 0.9852941176470589, 0.9926470588235294, 1.0, 1.0, 1.0, 1.0, 1.0, 1.0, 1.0, 1.0, 1.0, 1.0, 1.0, 1.0, 1.0, 1.0, 1.0, 1.0, 1.0, 1.0, 1.0, 1.0, 1.0, 1.0, 1.0, 1.0, 1.0, 1.0, 1.0, 1.0, 1.0, 1.0, 1.0, 1.0, 1.0, 1.0, 1.0, 1.0, 1.0, 1.0, 1.0, 1.0, 1.0, 1.0, 1.0, 1.0, 1.0, 1.0], "staleness": [0.0, 0.2828282828282828, 0.6974789915966386, 1.3089430894308942, 1.736, 2.537037037037037, 2.948717948717949, 2.993150684931507, 3.7413793103448274, 3.7969924812030076, 4.2745098039215685, 4.534883720930233, 5.678899082568807, 4.854700854700854, 5.346774193548387, 6.16, 7.45, 6.983050847457627, 7.594594594594595, 8.14406779661017, 7.713286713286713, 7.86231884057971, 9.385826771653543, 8.773584905660377, 9.156716417910447, 9.083333333333334, 9.779527559055119, 9.816176470588236, 9.552631578947368, 9.345070422535212, 10.10655737704918, 10.185185185185185, 11.805309734513274, 11.753968253968255, 11.53623188405797, 13.585714285714285, 12.284671532846716, 12.926605504587156, 12.426666666666666, 11.798387096774194, 11.888111888111888, 10.605042016806722, 11.682242990654206, 10.576923076923077, 10.966386554621849, 12.785185185185185, 9.538461538461538, 13.348484848484848, 13.942857142857143, 12.504273504273504, 14.185185185185185, 12.981132075471699, 13.959016393442623, 12.48360655737705, 13.598214285714286], "fail": [24, 49, 39, 43, 51, 63, 44, 25, 49, 14, 48, 21, 53, 51, 38, 25, 30, 53, 20, 50, 22, 30, 44, 59, 31, 18, 50, 32, 60, 29, 43, 45, 37, 36, 33, 28, 28, 50, 6, 38, 22, 46, 40, 23, 40, 24, 45, 42, 31, 36, 48, 65, 52, 49, 59], "recv_per_veh": [136.0, 83.0, 123.0, 115.0, 90.0, 86.0, 102.0, 44.0, 125.0, 86.0, 95.0, 75.0, 103.0, 36.0, 124.0, 141.0, 91.0, 27.0, 15.0, 42.0, 109.0, 62.0, 55.0, 43.0, 84.0, 109.0, 95.0, 104.0, 90.0, 116.0, 122.0, 112.0, 31.0, 86.0, 90.0, 64.0, 140.0, 66.0, 93.0, 23.0, 96.0, 129.0, 99.0, 40.0, 89.0, 12.0, 141.0, 111.0, 32.0, 117.0, 27.0, 84.0, 45.0, 93.0, 99.0, 105.0, 55.0, 84.0, 106.0, 36.0], "first_recv": {"0_2": 0, "1_2": 0, "3_0": 0, "4_2": 0, "4_1": 0, "6_2": 0, "8_2": 0, "8_0": 0, "8_1": 0, "9_2": 0, "10_1": 0, "10_0": 0, "15_1": 0, "15_2": 0, "15_0": 0, "17_0": 0, "17_1": 0, "19_0": 0, "19_1": 0, "20_2": 0, "21_2": 0, "22_2": 0, "23_0": 0, "24_2": 0, "25_2": 0, "26_2": 0, "26_1": 0, "27_1": 0, "27_0": 0, "27_2": 0, "28_0": 0, "28_1": 0, "29_2": 0, "29_0": 0, "29_1": 0, "30_1": 0, "31_2": 0, "32_1": 0, "36_2": 0, "36_1": 0, "38_1": 0, "41_1": 0, "41_2": 0, "42_2": 0, "43_0": 0, "46_1": 0, "47_0": 0, "48_0": 0, "49_2": 0, "50_1": 0, "51_2": 0, "52_1": 0, "53_1": 0, "54_0": 0, "54_2": 0, "55_2": 0, "55_1": 0, "55_0": 0, "56_2": 0, "57_2": 0, "57_0": 0, "58_2": 0, "58_0": 0, "59_0": 0, "59_1": 0, "2_2": 1, "2_1": 1, "5_2": 1, "7_0": 1, "10_2": 1, "11_2": 1, "13_0": 1, "14_2": 1, "16_2": 1, "16_0": 1, "25_1": 1, "28_2": 1, "31_0": 1, "33_0": 1, "35_2": 1, "36_0": 1, "43_1": 1, "44_0": 1, "46_2": 1, "47_1": 1, "47_2": 1, "48_1": 1, "49_1": 1, "52_0": 1, "0_0": 2, "0_1": 2, "2_0": 2, "5_0": 2, "5_1": 2, "6_1": 2, "7_1": 2, "12_2": 2, "14_1": 2, "20_1": 2, "30_2": 2, "37_2": 2, "38_2": 2, "44_2": 2, "51_0": 2, "54_1": 2, "3_1": 3, "9_1": 3, "31_1": 3, "42_0": 3, "53_2": 3, "53_0": 3, "18_0": 4, "23_1": 4, "25_0": 4, "34_2": 4, "45_1": 4, "12_1": 5, "13_1": 5, "14_0": 5, "33_2": 5, "37_1": 5, "49_0": 5, "58_1": 5, "12_0": 6, "34_0": 6, "34_1": 6, "39_1": 6, "3_2": 7, "11_0": 7, "35_0": 7, "40_2": 7, "40_0": 7, "46_0": 7, "57_1": 7, "39_0": 8, "40_1": 9}, "y_queue": [], "z_queue": [], "acc_per_veh": [0.43299999833106995, 0.210999995470047, 0.3400000035762787, 0.31700000166893005, 0.30000001192092896, 0.32899999618530273, 0.3499999940395355, 0.39399999380111694, 0.328000009059906, 0.5009999871253967, 0.4050000011920929, 0.4090000092983246, 0.48500001430511475, 0.46399998664855957, 0.49000000953674316, 0.5529999732971191, 0.4909999966621399, 0.5540000200271606, 0.33500000834465027, 0.39100000262260437, 0.2590000033378601, 0.24699999392032623, 0.26899999380111694, 0.3160000145435333, 0.20399999618530273, 0.38499999046325684, 0.3199999928474426, 0.4740000069141388, 0.492000013589859, 0.3709999918937683, 0.46700000762939453, 0.45399999618530273, 0.460999995470047, 0.47999998927116394, 0.5659999847412109, 0.5709999799728394, 0.45899999141693115, 0.43299999833106995, 0.4519999921321869, 0.515999972820282, 0.38199999928474426, 0.31700000166893005, 0.4480000138282776, 0.4620000123977661, 0.35499998927116394, 0.29899999499320984, 0.5139999985694885, 0.49900001287460327, 0.42100000381469727, 0.6150000095367432, 0.47600001096725464, 0.48100000619888306, 0.36399999260902405, 0.4429999887943268, 0.45399999618530273, 0.3269999921321869, 0.19699999690055847, 0.4359999895095825, 0.5070000290870667, 0.414000004529953], "veh_meta": [{"mods": [0, 1, 2], "D": {"0": 250, "1": 127, "2": 20}, "Q": {"0": 0.9670472880708307, "1": 0.9610548694832559, "2": 0.4255326974455416}}, {"mods": [2], "D": {"2": 364}, "Q": {"2": 0.5101427560796826}}, {"mods": [0, 1, 2], "D": {"0": 70, "1": 67, "2": 93}, "Q": {"0": 0.9184688485276503, "1": 0.8061584257929147, "2": 0.9956980930654443}}, {"mods": [0, 1, 2], "D": {"0": 640, "1": 1075, "2": 637}, "Q": {"0": 0.523340208692048, "1": 0.8781199220273513, "2": 0.929705360669317}}, {"mods": [1, 2], "D": {"1": 27, "2": 105}, "Q": {"1": 0.2773314895793784, "2": 0.9754686111816533}}, {"mods": [0, 1, 2], "D": {"0": 121, "1": 122,