{"cfg": {"method": "Mobility-Greedy", "trace": "/Users/ckim48/Downloads/infocomsim/results/traces/trace_med_n60_s3.npz", "seed": 3, "rounds": 55, "r_v2v": 200.0, "cache_encoders": 4, "max_out": 3, "V": 50.0, "use_gat": true, "dataset": "fmnist", "phi_agg": 0.0}, "hist": {"acc": [0.10084999923904737, 0.14068333295484384, 0.2720666682968537, 0.33851666785776613, 0.3728333336611589, 0.3843666670223077, 0.40491666793823244, 0.42264999995628993, 0.44021666546662647, 0.4401666631301244, 0.4533499995867411, 0.46480000019073486], "acc_round": [1, 5, 10, 15, 20, 25, 30, 35, 40, 45, 50, 55], "recv": [120, 124, 144, 108, 124, 111, 119, 128, 123, 112, 111, 119, 115, 114, 112, 119, 125, 124, 130, 118, 121, 121, 126, 113, 119, 128, 118, 138, 118, 124, 103, 115, 100, 129, 128, 103, 116, 106, 129, 127, 135, 121, 114, 126, 112, 116, 115, 135, 104, 110, 119, 117, 111, 106, 116], "succ": [120, 124, 144, 108, 124, 111, 119, 128, 123, 112, 111, 119, 115, 114, 112, 119, 125, 124, 130, 118, 121, 121, 126, 113, 119, 128, 118, 138, 118, 124, 103, 115, 100, 129, 128, 103, 116, 106, 129, 127, 135, 121, 114, 126, 112, 116, 115, 135, 104, 110, 119, 117, 111, 106, 116], "att": [129, 134, 149, 146, 132, 145, 131, 144, 124, 125, 128, 129, 134, 119, 135, 138, 134, 135, 150, 129, 131, 140, 134, 147, 128, 148, 131, 151, 131, 126, 126, 125, 126, 131, 134, 117, 135, 114, 134, 143, 144, 152, 120, 142, 118, 128, 126, 138, 124, 118, 140, 120, 131, 107, 130], "energy": [263.9900474351369, 240.5981148069564, 292.88038418186125, 245.11752953673408, 248.04196772350144, 304.34901525913335, 294.7293993170496, 306.9936356428667, 214.45342610873394, 284.43978522586764, 227.36100688790458, 234.8528312969597, 190.26681947526166, 237.5377585101307, 282.5244738624076, 296.92064706318496, 288.0723419225943, 238.73704205898702, 303.29540084645396, 217.38501329769943, 234.07007935983845, 216.59265698175804, 266.1013045919257, 272.79520218002784, 260.85731403498147, 309.30849987060594, 182.8443966248089, 308.41853839745045, 167.32103491703697, 203.11028869520874, 171.81382894440162, 201.24587949593015, 211.4095784447514, 229.6561789806851, 254.55460017741666, 208.06312200863653, 278.52849176827976, 157.79867487656063, 232.60921518125846, 237.94506591942437, 313.6953273751179, 311.3460796743008, 215.13805807587948, 246.30977885374693, 160.30875929037526, 252.32182546037222, 190.638303297712, 292.6033467024088, 209.52410836183796, 184.94571020125193, 266.71063191868495, 237.00693948316598, 252.0626842907054, 156.95939523805532, 304.6098362482762], "coverage": [0.5547445255474452, 0.6934306569343066, 0.8248175182481752, 0.8248175182481752, 0.8759124087591241, 0.8905109489051095, 0.9124087591240876, 0.927007299270073, 0.948905109489051, 0.9562043795620438, 0.9562043795620438, 0.9562043795620438, 0.9562043795620438, 0.9562043795620438, 0.9562043795620438, 0.9562043795620438, 0.9635036496350365, 0.9708029197080292, 0.9781021897810219, 0.9781021897810219, 0.9781021897810219, 0.9781021897810219, 0.9781021897810219, 0.9854014598540146, 0.9854014598540146, 0.9854014598540146, 0.9854014598540146, 0.9854014598540146, 0.9854014598540146, 0.9854014598540146, 0.9854014598540146, 0.9854014598540146, 0.9854014598540146, 0.9854014598540146, 0.9854014598540146, 0.9854014598540146, 0.9854014598540146, 0.9854014598540146, 0.9927007299270073, 0.9927007299270073, 0.9927007299270073, 0.9927007299270073, 0.9927007299270073, 0.9927007299270073, 0.9927007299270073, 0.9927007299270073, 0.9927007299270073, 0.9927007299270073, 0.9927007299270073, 0.9927007299270073, 1.0, 1.0, 1.0, 1.0, 1.0], "staleness": [0.0, 0.3225806451612903, 0.6944444444444444, 0.9074074074074074, 0.967741935483871, 1.045045045045045, 1.084033613445378, 1.1484375, 1.3414634146341464, 1.1964285714285714, 1.2522522522522523, 1.5546218487394958, 1.3304347826086957, 1.3771929824561404, 1.6607142857142858, 1.4201680672268908, 1.296, 1.1612903225806452, 1.2692307692307692, 1.2881355932203389, 1.1322314049586777, 1.487603305785124, 1.507936507936508, 1.1327433628318584, 1.2773109243697478, 1.3828125, 1.2118644067796611, 1.3695652173913044, 1.3728813559322033, 1.1129032258064515, 1.3883495145631068, 1.4782608695652173, 1.32, 1.3410852713178294, 1.2734375, 1.145631067961165, 1.3275862068965518, 1.5377358490566038, 1.4573643410852712, 1.3385826771653544, 1.3407407407407408, 1.2066115702479339, 1.1491228070175439, 1.8888888888888888, 1.8392857142857142, 1.646551724137931, 1.382608695652174, 1.4074074074074074, 1.3942307692307692, 1.290909090909091, 1.4285714285714286, 1.0854700854700854, 1.3963963963963963, 1.2547169811320755, 1.1293103448275863], "fail": [9, 10, 5, 38, 8, 34, 12, 16, 1, 13, 17, 10, 19, 5, 23, 19, 9, 11, 20, 11, 10, 19, 8, 34, 9, 20, 13, 13, 13, 2, 23, 10, 26, 2, 6, 14, 19, 8, 5, 16, 9, 31, 6, 16, 6, 12, 11, 3, 20, 8, 21, 3, 20, 1, 14], "recv_per_veh": [65.0, 56.0, 49.0, 102.0, 85.0, 84.0, 93.0, 125.0, 72.0, 85.0, 81.0, 78.0, 63.0, 95.0, 79.0, 101.0, 76.0, 109.0, 73.0, 63.0, 127.0, 139.0, 81.0, 75.0, 128.0, 131.0, 107.0, 102.0, 142.0, 62.0, 81.0, 71.0, 49.0, 109.0, 80.0, 119.0, 75.0, 140.0, 60.0, 78.0, 118.0, 48.0, 146.0, 174.0, 103.0, 141.0, 89.0, 82.0, 125.0, 104.0, 74.0, 49.0, 69.0, 153.0, 39.0, 142.0, 64.0, 131.0, 84.0, 108.0], "first_recv": {"0_2": 0, "1_1": 0, "1_0": 0, "3_0": 0, "3_1": 0, "4_1": 0, "5_1": 0, "6_1": 0, "7_0": 0, "7_2": 0, "7_1": 0, "8_0": 0, "8_2": 0, "9_1": 0, "10_1": 0, "10_0": 0, "10_2": 0, "15_1": 0, "16_0": 0, "16_2": 0, "17_1": 0, "19_1": 0, "19_2": 0, "20_0": 0, "20_2": 0, "21_2": 0, "21_1": 0, "22_2": 0, "23_1": 0, "25_2": 0, "26_0": 0, "26_1": 0, "26_2": 0, "27_0": 0, "27_1": 0, "28_1": 0, "28_2": 0, "29_0": 0, "31_1": 0, "32_1": 0, "33_0": 0, "34_1": 0, "34_0": 0, "37_1": 0, "37_2": 0, "38_1": 0, "38_2": 0, "39_1": 0, "39_0": 0, "39_2": 0, "40_1": 0, "40_2": 0, "41_0": 0, "42_2": 0, "43_1": 0, "43_2": 0, "44_2": 0, "45_2": 0, "46_1": 0, "46_2": 0, "47_0": 0, "48_1": 0, "48_0": 0, "50_1": 0, "51_1": 0, "52_0": 0, "53_2": 0, "54_0": 0, "55_2": 0, "55_1": 0, "56_2": 0, "57_1": 0, "58_1": 0, "58_2": 0, "59_0": 0, "59_1": 0, "5_0": 1, "15_2": 1, "18_2": 1, "24_0": 1, "24_2": 1, "29_1": 1, "30_2": 1, "30_1": 1, "31_2": 1, "35_1": 1, "35_2": 1, "36_2": 1, "36_1": 1, "42_0": 1, "49_2": 1, "50_2": 1, "51_0": 1, "56_1": 1, "57_2": 1, "2_0": 2, "4_2": 2, "11_2": 2, "12_0": 2, "12_1": 2, "12_2": 2, "13_2": 2, "13_1": 2, "13_0": 2, "24_1": 2, "25_1": 2, "29_2": 2, "30_0": 2, "33_1": 2, "36_0": 2, "48_2": 2, "49_1": 2, "54_2": 2, "14_0": 4, "14_2": 4, "17_2": 4, "17_0": 4, "33_2": 4, "40_0": 4, "46_0": 4, "47_1": 5, "53_1": 5, "23_2": 6, "41_1": 6, "47_2": 6, "16_1": 7, "41_2": 7, "18_1": 8, "21_0": 8, "23_0": 8, "50_0": 9, "19_0": 16, "25_0": 17, "18_0": 18, "59_2": 23, "11_0": 38, "28_0": 50}, "y_queue": [], "z_queue": [],