{"cfg": {"method": "DFL-Gossip", "trace": "/Users/ckim48/Downloads/infocomsim/results/traces/trace_med_n60_s2.npz", "seed": 2, "rounds": 55, "r_v2v": 200.0, "cache_encoders": 4, "max_out": 3, "V": 50.0, "use_gat": true, "dataset": "fmnist", "phi_agg": 0.0}, "hist": {"acc": [0.10051666585107645, 0.1426000002771616, 0.26490000188350676, 0.31151666591564814, 0.3397333341340224, 0.3593166666726271, 0.37576666673024495, 0.39010000055034955, 0.4074666683872541, 0.4185166661938032, 0.43299999783436455, 0.4316000004609426], "acc_round": [1, 5, 10, 15, 20, 25, 30, 35, 40, 45, 50, 55], "recv": [124, 114, 131, 116, 121, 128, 120, 138, 125, 131, 109, 119, 113, 120, 116, 112, 116, 116, 117, 111, 125, 126, 137, 121, 120, 160, 136, 132, 128, 138, 119, 119, 102, 136, 132, 137, 136, 106, 136, 121, 137, 125, 116, 136, 136, 130, 117, 135, 133, 115, 112, 124, 122, 122, 115], "succ": [124, 114, 131, 116, 121, 128, 120, 138, 125, 131, 109, 119, 113, 120, 116, 112, 116, 116, 117, 111, 125, 126, 137, 121, 120, 160, 136, 132, 128, 138, 119, 119, 102, 136, 132, 137, 136, 106, 136, 121, 137, 125, 116, 136, 136, 130, 117, 135, 133, 115, 112, 124, 122, 122, 115], "att": [147, 148, 152, 142, 149, 152, 148, 150, 150, 141, 139, 131, 145, 146, 141, 137, 133, 148, 136, 140, 139, 151, 159, 153, 149, 163, 164, 147, 156, 154, 154, 142, 131, 153, 159, 154, 157, 149, 144, 147, 149, 147, 136, 144, 145, 139, 139, 156, 156, 137, 140, 159, 160, 159, 139], "energy": [250.1465685442303, 206.3592172615424, 249.9003287340702, 181.5313391260247, 254.4591651876727, 250.64186276631347, 214.5804654261913, 225.69828268421207, 229.86490298695574, 235.18071421818934, 192.89492944002356, 202.33396750335123, 206.02739399161348, 260.500808821781, 281.9214397724736, 265.2009606037275, 211.0147524330852, 261.0036258613418, 262.13822695742624, 194.81503835321078, 250.88982823790514, 244.64613894762226, 283.6455828670868, 270.76053253978324, 229.35175625636634, 256.85746421019115, 252.52431202953832, 224.58686590763392, 233.05083304057007, 214.9397729782931, 236.04423675291147, 225.94948679017634, 191.1521053822899, 279.1771527113984, 280.2921909715101, 271.1215671529894, 274.6383175229634, 201.5149533511296, 240.394481416031, 209.5262937728255, 221.4397309972878, 185.46061363336656, 199.13465502595434, 205.93836846579336, 210.6487650406433, 223.0475127435528, 192.8081186762284, 267.4306192358699, 218.49697006580658, 185.2422059705713, 195.3281107748025, 242.4075090105092, 251.77825039794345, 219.25489076215712, 258.00903651225894], "coverage": [0.5955882352941176, 0.7132352941176471, 0.8529411764705882, 0.875, 0.9044117647058824, 0.9264705882352942, 0.9485294117647058, 0.9705882352941176, 0.9852941176470589, 0.9852941176470589, 0.9852941176470589, 0.9926470588235294, 0.9926470588235294, 0.9926470588235294, 1.0, 1.0, 1.0, 1.0, 1.0, 1.0, 1.0, 1.0, 1.0, 1.0, 1.0, 1.0, 1.0, 1.0, 1.0, 1.0, 1.0, 1.0, 1.0, 1.0, 1.0, 1.0, 1.0, 1.0, 1.0, 1.0, 1.0, 1.0, 1.0, 1.0, 1.0, 1.0, 1.0, 1.0, 1.0, 1.0, 1.0, 1.0, 1.0, 1.0, 1.0], "staleness": [0.0, 0.0, 0.0, 0.0, 0.0, 0.0, 0.0, 0.0, 0.0, 0.0, 0.0, 0.0, 0.0, 0.0, 0.0, 0.0, 0.0, 0.0, 0.0, 0.0, 0.0, 0.0, 0.0, 0.0, 0.0, 0.0, 0.0, 0.0, 0.0, 0.0, 0.0, 0.0, 0.0, 0.0, 0.0, 0.0, 0.0, 0.0, 0.0, 0.0, 0.0, 0.0, 0.0, 0.0, 0.0, 0.0, 0.0, 0.0, 0.0, 0.0, 0.0, 0.0, 0.0, 0.0, 0.0], "fail": [23, 34, 21, 26, 28, 24, 28, 12, 25, 10, 30, 12, 32, 26, 25, 25, 17, 32, 19, 29, 14, 25, 22, 32, 29, 3, 28, 15, 28, 16, 35, 23, 29, 17, 27, 17, 21, 43, 8, 26, 12, 22, 20, 8, 9, 9, 22, 21, 23, 22, 28, 35, 38, 37, 24], "recv_per_veh": [183.0, 61.0, 172.0, 145.0, 139.0, 67.0, 98.0, 86.0, 173.0, 110.0, 119.0, 117.0, 133.0, 94.0, 179.0, 130.0, 89.0, 58.0, 75.0, 127.0, 158.0, 60.0, 58.0, 104.0, 62.0, 120.0, 99.0, 142.0, 121.0, 170.0, 149.0, 119.0, 65.0, 110.0, 149.0, 78.0, 200.0, 60.0, 103.0, 54.0, 112.0, 160.0, 121.0, 67.0, 120.0, 33.0, 162.0, 137.0, 76.0, 190.0, 67.0, 110.0, 99.0, 145.0, 108.0, 172.0, 56.0, 113.0, 141.0, 114.0], "first_recv": {"0_2": 0, "1_2": 0, "2_0": 0, "2_1": 0, "3_0": 0, "3_1": 0, "3_2": 0, "4_1": 0, "4_2": 0, "6_2": 0, "6_1": 0, "7_1": 0, "7_0": 0, "8_0": 0, "8_2": 0, "8_1": 0, "9_1": 0, "9_2": 0, "10_0": 0, "10_2": 0, "11_0": 0, "14_0": 0, "14_1": 0, "14_2": 0, "15_0": 0, "15_1": 0, "15_2": 0, "16_0": 0, "17_0": 0, "17_1": 0, "18_0": 0, "19_0": 0, "19_1": 0, "20_2": 0, "21_2": 0, "22_2": 0, "23_0": 0, "23_1": 0, "24_2": 0, "25_2": 0, "26_1": 0, "26_2": 0, "27_0": 0, "27_1": 0, "27_2": 0, "28_0": 0, "29_0": 0, "29_2": 0, "30_1": 0, "30_2": 0, "32_1": 0, "33_2": 0, "33_0": 0, "34_2": 0, "35_2": 0, "36_0": 0, "36_1": 0, "36_2": 0, "38_2": 0, "42_2": 0, "43_0": 0, "43_1": 0, "44_0": 0, "44_2": 0, "46_2": 0, "47_0": 0, "49_1": 0, "49_2": 0, "50_1": 0, "52_0": 0, "52_1": 0, "55_0": 0, "55_1": 0, "55_2": 0, "56_2": 0, "57_1": 0, "57_0": 0, "57_2": 0, "58_2": 0, "59_0": 0, "59_1": 0, "0_0": 1, "0_1": 1, "10_1": 1, "11_2": 1, "13_0": 1, "13_1": 1, "28_2": 1, "28_1": 1, "31_0": 1, "31_1": 1, "31_2": 1, "46_1": 1, "48_0": 1, "51_2": 1, "54_1": 1, "54_2": 1, "5_0": 2, "5_1": 2, "5_2": 2, "12_0": 2, "12_1": 2, "12_2": 2, "16_2": 2, "25_1": 2, "29_1": 2, "37_2": 2, "38_1": 2, "41_1": 2, "41_2": 2, "42_0": 2, "45_1": 2, "47_1": 2, "47_2": 2, "49_0": 2, "54_0": 2, "20_1": 3, "58_1": 3, "58_0": 3, "25_0": 4, "34_1": 4, "37_1": 4, "53_1": 4, "34_0": 5, "46_0": 5, "48_1": 5, "2_2": 6, "39_1": 6, "53_0": 6, "35_0": 7, "40_0": 7, "40_2": 7, "40_1": 8, "53_2": 8, "39_0": 11, "51_0": 14}, "y_queue": [], "z_queue": [], "acc_per_veh": [0.4620000123977661, 0.3659999966621399, 0.38600000739097595, 0.2750000059604645, 0.3580000102519989, 0.4050000011920929, 0.3529999852180481, 0.42100000381469727, 0.3190000057220459, 0.531000018119812, 0.41499999165534973, 0.4350000023841858, 0.46399998664855957, 0.4339999854564667, 0.4959999918937683, 0.5550000071525574, 0.4860000014305115, 0.3709999918937683, 0.23899999260902405, 0.40400001406669617, 0.28200000524520874, 0.3499999940395355, 0.31200000643730164, 0.367000013589859, 0.3869999945163727, 0.39100000262260437, 0.3619999885559082, 0.45899999141693115, 0.503000020980835, 0.42800000309944153, 0.4779999852180481, 0.4320000112056732, 0.45500001311302185, 0.5239999890327454, 0.5870000123977661, 0.6110000014305115, 0.45500001311302185, 0.49799999594688416, 0.4650000035762787, 0.5099999904632568, 0.3889999985694885, 0.3529999852180481, 0.4259999990463257, 0.47699999809265137, 0.421999990940094, 0.34200000762939453, 0.5590000152587891, 0.4490000009536743, 0.5299999713897705, 0.5860000252723694, 0.4569999873638153, 0.4560000002384186, 0.3230000138282776, 0.46299999952316284, 0.4659999907016754, 0.4129999876022339, 0.3490000069141388, 0.40799999237060547, 0.527999997138977, 0.4690000116825104], "veh_meta": [{"mods": [0, 1, 2], "D": {"0": 250, "1": 127, "2": 20}, "Q": {"0": 0.9670472880708307, "1": 0.9610548694832559, "2": 0.4255326974455416}}, {"mods": [2], "D": {"2": 364}, "Q": {"2": 0.5101427560796826}}, {"mods": [0, 1, 2], "D": {"0": 70, "1": 67, "2": 93}, "Q": {"0": 0.9184688485276503, "1": 0.8061584257929147, "2": 0.9956980930654443}}, {"mods": [0, 1, 2], "D": {"0": 640, "1": 1075, "2": 637}, "Q": {"0": 0.523340208692048, "1": 0.8781199220273513, "2": 0.929705360669317}}, {"mods": [1, 2], "D": {"1": 27, "2": 105}, "Q": {"1": 0.2773314895793784, "2": 0.9754686111816533}}, {"mods": [0, 1, 2], "D": {"0": 121, "1": 122, "2": 170}, "Q": {"0": 0.3689771118646427, "1": 0.9501937663238538, "2": 0.47355606695937524}}, {"mods": [1, 2], "D": {"1": 488, "2": 458}, "Q": {"1": 0.3815803792603488, "2": 0.9592345148819893}}, {"mods": [0, 1], "D": {"0": 135, "1": 168}, "Q": {"0": 0.41741598536434116, "1": 0.9707970435710722}}, {"mods": [0, 1, 2], "D": {"0": 211, "1": 131, "2": 200}, "Q": {"0": 0.4917038542511196, "1": 0.4555788483117349, "2": 0.8149820016707593}}, {"mods": [1, 2], "D": {"1": 149, "2": 35}, "Q": {"1": 0.9255281689406083, "2": 0.9503424210825274}}, {"mods": [0, 1, 2], "D": {"0": 214, "1": 271, "2": 113}, "Q": {"0": 0.32036423225534283, "1": 0.9146693860114337,