{"cfg": {"method": "DFL-Gossip", "trace": "/Users/ckim48/Downloads/infocomsim/results/traces/trace_med_n60_s3.npz", "seed": 3, "rounds": 55, "r_v2v": 200.0, "cache_encoders": 4, "max_out": 3, "V": 50.0, "use_gat": true, "dataset": "fmnist", "phi_agg": 0.0}, "hist": {"acc": [0.09863333261261384, 0.1422999999175469, 0.2734499984731277, 0.33373333265384036, 0.36881666506330174, 0.38853333443403243, 0.40216666758060454, 0.41979999989271166, 0.43438333546121916, 0.44866666744152706, 0.4584833323955536, 0.4638500014940898], "acc_round": [1, 5, 10, 15, 20, 25, 30, 35, 40, 45, 50, 55], "recv": [120, 127, 146, 121, 122, 131, 127, 141, 123, 121, 116, 124, 124, 120, 131, 126, 130, 142, 141, 134, 129, 128, 124, 126, 122, 137, 130, 141, 125, 125, 118, 119, 114, 131, 136, 124, 120, 111, 133, 131, 141, 136, 121, 126, 118, 122, 119, 135, 113, 115, 126, 120, 120, 117, 122], "succ": [120, 127, 146, 121, 122, 131, 127, 141, 123, 121, 116, 124, 124, 120, 131, 126, 130, 142, 141, 134, 129, 128, 124, 126, 122, 137, 130, 141, 125, 125, 118, 119, 114, 131, 136, 124, 120, 111, 133, 131, 141, 136, 121, 126, 118, 122, 119, 135, 113, 115, 126, 120, 120, 117, 122], "att": [142, 161, 160, 156, 155, 146, 152, 146, 153, 136, 146, 145, 139, 136, 141, 157, 145, 155, 156, 154, 148, 148, 151, 158, 148, 156, 160, 161, 154, 148, 150, 137, 141, 149, 152, 140, 145, 137, 146, 153, 157, 162, 153, 146, 153, 137, 155, 153, 136, 142, 148, 139, 140, 141, 146], "energy": [241.16950507819428, 254.16502938005013, 257.28444029473565, 223.91625740018887, 235.62286562080777, 223.0067694976733, 268.48603496455024, 228.50359058296812, 221.46279761152087, 238.01402718339062, 244.0152419524996, 211.74298462233165, 178.2586158062315, 247.8510800333102, 226.26825194306497, 262.0880434951549, 253.22246866916674, 270.5045208414801, 205.5775417456135, 223.25997213519705, 228.17569299693346, 186.6505645533322, 210.58743094888192, 235.6451321524659, 274.9498834328267, 241.32740639517806, 249.03146965232696, 297.79876001246134, 208.5107371671299, 211.92502297355523, 207.43570823182316, 223.9110822236097, 220.7994951577494, 200.48168459684814, 239.08043860524006, 207.21912032094116, 259.3975840598119, 174.34779743498225, 219.1222844907581, 215.78203119419265, 231.1348393281916, 233.0425625357567, 258.4972663442536, 253.6266150930658, 232.51644750111922, 215.19173259477859, 230.86736826699965, 274.0951225873065, 190.8330836277613, 212.60656497097426, 254.25768674641282, 218.52649925202508, 231.18131965627, 206.87773395317552, 267.37446191929513], "coverage": [0.6277372262773723, 0.7226277372262774, 0.8905109489051095, 0.8978102189781022, 0.948905109489051, 0.9562043795620438, 0.9927007299270073, 1.0, 1.0, 1.0, 1.0, 1.0, 1.0, 1.0, 1.0, 1.0, 1.0, 1.0, 1.0, 1.0, 1.0, 1.0, 1.0, 1.0, 1.0, 1.0, 1.0, 1.0, 1.0, 1.0, 1.0, 1.0, 1.0, 1.0, 1.0, 1.0, 1.0, 1.0, 1.0, 1.0, 1.0, 1.0, 1.0, 1.0, 1.0, 1.0, 1.0, 1.0, 1.0, 1.0, 1.0, 1.0, 1.0, 1.0, 1.0], "staleness": [0.0, 0.0, 0.0, 0.0, 0.0, 0.0, 0.0, 0.0, 0.0, 0.0, 0.0, 0.0, 0.0, 0.0, 0.0, 0.0, 0.0, 0.0, 0.0, 0.0, 0.0, 0.0, 0.0, 0.0, 0.0, 0.0, 0.0, 0.0, 0.0, 0.0, 0.0, 0.0, 0.0, 0.0, 0.0, 0.0, 0.0, 0.0, 0.0, 0.0, 0.0, 0.0, 0.0, 0.0, 0.0, 0.0, 0.0, 0.0, 0.0, 0.0, 0.0, 0.0, 0.0, 0.0, 0.0], "fail": [22, 34, 14, 35, 33, 15, 25, 5, 30, 15, 30, 21, 15, 16, 10, 31, 15, 13, 15, 20, 19, 20, 27, 32, 26, 19, 30, 20, 29, 23, 32, 18, 27, 18, 16, 16, 25, 26, 13, 22, 16, 26, 32, 20, 35, 15, 36, 18, 23, 27, 22, 19, 20, 24, 24], "recv_per_veh": [68.0, 76.0, 38.0, 89.0, 87.0, 94.0, 76.0, 161.0, 85.0, 58.0, 113.0, 72.0, 148.0, 155.0, 98.0, 104.0, 125.0, 155.0, 185.0, 85.0, 126.0, 165.0, 60.0, 135.0, 185.0, 164.0, 101.0, 106.0, 136.0, 115.0, 144.0, 150.0, 56.0, 183.0, 86.0, 89.0, 117.0, 110.0, 95.0, 172.0, 122.0, 152.0, 121.0, 136.0, 66.0, 73.0, 125.0, 132.0, 123.0, 132.0, 186.0, 89.0, 40.0, 124.0, 131.0, 118.0, 125.0, 128.0, 92.0, 160.0], "first_recv": {"0_2": 0, "1_0": 0, "1_1": 0, "3_0": 0, "4_1": 0, "4_2": 0, "5_1": 0, "5_0": 0, "6_1": 0, "7_0": 0, "8_2": 0, "8_0": 0, "9_1": 0, "10_1": 0, "10_0": 0, "10_2": 0, "12_1": 0, "15_1": 0, "16_0": 0, "16_1": 0, "16_2": 0, "17_1": 0, "18_0": 0, "18_1": 0, "18_2": 0, "19_0": 0, "19_1": 0, "19_2": 0, "20_0": 0, "20_2": 0, "21_1": 0, "21_2": 0, "22_2": 0, "23_0": 0, "23_1": 0, "23_2": 0, "26_0": 0, "26_1": 0, "26_2": 0, "27_1": 0, "28_1": 0, "28_2": 0, "31_1": 0, "31_2": 0, "32_1": 0, "33_0": 0, "33_2": 0, "33_1": 0, "34_0": 0, "34_1": 0, "36_2": 0, "37_1": 0, "37_2": 0, "38_1": 0, "38_2": 0, "39_0": 0, "39_1": 0, "39_2": 0, "40_2": 0, "41_0": 0, "42_2": 0, "42_0": 0, "43_1": 0, "43_2": 0, "44_2": 0, "45_2": 0, "46_1": 0, "46_2": 0, "47_2": 0, "48_0": 0, "48_1": 0, "50_0": 0, "50_1": 0, "50_2": 0, "51_0": 0, "51_1": 0, "54_0": 0, "54_2": 0, "55_1": 0, "55_2": 0, "56_1": 0, "56_2": 0, "57_1": 0, "58_2": 0, "59_0": 0, "59_2": 0, "12_0": 1, "12_2": 1, "15_2": 1, "25_2": 1, "28_0": 1, "29_1": 1, "30_0": 1, "30_1": 1, "30_2": 1, "35_1": 1, "35_2": 1, "36_1": 1, "57_2": 1, "2_0": 2, "7_2": 2, "13_1": 2, "13_2": 2, "13_0": 2, "21_0": 2, "24_0": 2, "24_1": 2, "24_2": 2, "25_0": 2, "25_1": 2, "27_0": 2, "29_0": 2, "29_2": 2, "36_0": 2, "46_0": 2, "47_0": 2, "47_1": 2, "48_2": 2, "49_1": 2, "49_2": 2, "52_0": 2, "58_1": 2, "3_1": 3, "14_0": 4, "14_2": 4, "17_2": 4, "17_0": 4, "40_0": 4, "53_1": 4, "59_1": 4, "53_2": 5, "11_0": 6, "11_2": 6, "40_1": 6, "41_1": 6, "41_2": 6, "7_1": 7}, "y_queue": [], "z_queue": [], "acc_per_veh": [0.3790000081062317, 0.6470000147819519, 0.3720000088214874, 0.44999998807907104, 0.4959999918937683, 0.5249999761581421, 0.43799999356269836, 0.48500001430511475, 0.4000000059604645, 0.382999986410141, 0.46399998664855957, 0.41499999165534973, 0.578000009059906, 0.47099998593330383, 0.4909999966621399, 0.4440000057220459, 0.3970000147819519, 0.42500001192092896, 0.6930000185966492, 0.4569999873638153, 0.4580000042915344, 0.5690000057220459, 0.36399999260902405, 0.41100001335144043, 0.5590000152587891, 0.4620000123977661, 0.5070000290870667, 0.4189999997615814, 0.44600000977516174, 0.5090000033378601, 0.4009999930858612, 0.5099999904632568, 0.45500001311302185, 0.5099999904632568, 0.40700000524520874, 0.3230000138282776, 0.5640000104904175, 0.3919999897480011, 0.4519999921321869, 0.5820000171661377, 0.44200000166893005, 0.5649999976158142, 0.46399998664855957, 0.45899999141693115, 0.4699999988079071, 0.2529999911785126, 0.48100000619888306, 0.652999997138977, 0.39500001072883606, 0.45100000500679016, 0.421999990940094, 0.5239999890327454, 0.25600001215934753, 0.5550000071525574, 0.34599998593330383, 0.5450000166893005, 0.49000000953674316, 0.40400001406669617, 0.421999990940094, 0.5239999890327454], "veh_meta": [{"mods": [2], "D": {"2": 695}, "Q": {"2": 0.9229897602980341}}, {"mods": [0, 1], "D": {"0": 212, "1": 217}, "Q": {"0": 0.8168741187475117, "1": 0.854202103621524}}, {"mods": [0], "D": {"0": 368}, "Q": {"0": 0.9768464376345286}}, {"mods": [0, 1], "D": {"0": 58, "1": 115}, "Q": {"0": 0.9642108079627031, "1": 0.9202321711708069}}, {"mods": [1, 2], "D": {"1": 201, "2": 342}, "Q": {"1": 0.8925464203167389, "2": 0.8733379067293163}}, {"mods": [0, 1], "D": {"0": 165, "1": 219}, "Q": {"0": 0.9385855283568165, "1": 0.3264050206882338}}, {"mods": [1], "D": {"1": 312}, "Q": {"1": 0.9156163144252125}}, {"mods": [0, 1, 2], "D": {"0": 217, "1": 162, "2": 136}, "Q": {"0": 0.32520195915115174, "1": 0.9427031463658302, "2": 0.9713935447751402}}, {"mods": [0, 2], "D": {"0": 307, "2": 270}, "Q": {"0": 0.4172719300893152, "2": 0.8651819665112557}}, {"mods": [1], "D": {"1": 225}, "Q": {"1": 0.3833341377398359}}, {"mods": [0, 1, 2], "D": {"0": 33, "1": 102, "2": 139}, "Q": {"0": 0.4436111814187245, "1": 0.9014149815747454, "2": 0.9273981471229867}}, {"mods": [0, 2], "D": {"0": 491, "2": 112}, "Q": {"0": 0.940513246095301, "2": 0.8167309255194458}}, {"mods": [0, 1, 2], "D": {"0": 497, "1": 577, "2": 632}, "Q": {"0": 0.9107512838285128, "1": 0.8563258811031612, "2": 0.41579190188247167}}, {"mods": [0, 1, 2], "D": {"0": 1153, "1": 659, "2": 298},