{"cfg": {"method": "LRU-Random", "trace": "/Users/ckim48/Downloads/infocomsim/results/traces/trace_med_n60_s1.npz", "seed": 1, "rounds": 55, "r_v2v": 200.0, "cache_encoders": 4, "max_out": 3, "V": 50.0, "use_gat": true, "dataset": "fmnist", "phi_agg": 0.0}, "hist": {"acc": [0.10359999972085158, 0.15031666681170464, 0.26818333317836124, 0.32423333326975506, 0.35394999956091244, 0.3669166659315427, 0.3759333332379659, 0.39755000273386637, 0.40168333277106283, 0.4166333332657814, 0.4293833335240682, 0.44313333332538607], "acc_round": [1, 5, 10, 15, 20, 25, 30, 35, 40, 45, 50, 55], "recv": [99, 90, 124, 106, 115, 107, 118, 133, 129, 119, 118, 132, 102, 119, 123, 138, 129, 124, 147, 98, 133, 130, 140, 117, 120, 119, 109, 127, 113, 140, 126, 129, 120, 133, 123, 132, 118, 109, 152, 130, 132, 120, 113, 128, 132, 121, 109, 121, 131, 122, 115, 121, 123, 108, 135], "succ": [99, 90, 124, 106, 115, 107, 118, 133, 129, 119, 118, 132, 102, 119, 123, 138, 129, 124, 147, 98, 133, 130, 140, 117, 120, 119, 109, 127, 113, 140, 126, 129, 120, 133, 123, 132, 118, 109, 152, 130, 132, 120, 113, 128, 132, 121, 109, 121, 131, 122, 115, 121, 123, 108, 135], "att": [116, 141, 155, 156, 163, 170, 161, 168, 168, 156, 159, 168, 156, 162, 162, 168, 168, 171, 171, 171, 159, 150, 162, 165, 168, 153, 153, 165, 162, 168, 171, 165, 165, 159, 162, 162, 159, 159, 177, 177, 168, 165, 156, 168, 165, 159, 168, 168, 171, 150, 159, 165, 162, 168, 168], "energy": [201.7825461467721, 213.18263123223105, 319.2731968269309, 243.42180078155647, 329.6756535695513, 350.76343067753305, 313.0973700322197, 338.2570296911816, 344.7996100640057, 302.9772365379535, 267.2433030342759, 347.8700695881889, 284.72451161505103, 338.2853480768183, 321.6088951715371, 307.5407872736623, 310.62591543596386, 296.25166840611064, 330.37431644883685, 231.7376210441891, 309.1531006093147, 249.5182549306686, 309.993175746243, 264.6608415051131, 346.8825365965568, 307.5453394024604, 248.28313292633197, 345.64034734186987, 256.3960805744866, 288.7941966981343, 286.3058121786112, 281.5584346317283, 296.35065301702326, 346.0820069356137, 296.1926432382454, 279.5450052544613, 296.71199241511863, 285.2567394297914, 350.6370312778438, 291.9518923771572, 337.3886192414151, 283.4482871839172, 255.57916193536255, 286.0729130542904, 293.9998060588688, 332.19928056229526, 236.57419760788454, 305.6545585024452, 339.73524505231063, 292.77493730317, 310.52553589209657, 281.0773677990031, 252.38119690878608, 292.71446357936605, 312.22597224198915], "coverage": [0.5, 0.6384615384615384, 0.7692307692307693, 0.8076923076923077, 0.8615384615384616, 0.9, 0.9384615384615385, 0.9461538461538461, 0.9615384615384616, 0.9692307692307692, 0.9846153846153847, 0.9846153846153847, 0.9923076923076923, 1.0, 1.0, 1.0, 1.0, 1.0, 1.0, 1.0, 1.0, 1.0, 1.0, 1.0, 1.0, 1.0, 1.0, 1.0, 1.0, 1.0, 1.0, 1.0, 1.0, 1.0, 1.0, 1.0, 1.0, 1.0, 1.0, 1.0, 1.0, 1.0, 1.0, 1.0, 1.0, 1.0, 1.0, 1.0, 1.0, 1.0, 1.0, 1.0, 1.0, 1.0, 1.0], "staleness": [0.0, 0.35555555555555557, 0.6451612903225806, 1.1415094339622642, 1.4695652173913043, 2.0, 2.3135593220338984, 2.8496240601503757, 3.2635658914728682, 3.9411764705882355, 3.8389830508474576, 4.621212121212121, 4.872549019607843, 5.983193277310924, 6.170731707317073, 6.3478260869565215, 6.635658914728682, 7.129032258064516, 7.462585034013605, 7.510204081632653, 7.7443609022556394, 7.523076923076923, 8.371428571428572, 8.957264957264957, 8.05, 9.731092436974789, 10.1651376146789, 10.661417322834646, 11.079646017699115, 10.235714285714286, 11.031746031746032, 10.844961240310077, 11.491666666666667, 10.87218045112782, 10.991869918699187, 11.56060606060606, 11.23728813559322, 10.587155963302752, 11.243421052631579, 13.007692307692308, 11.68939393939394, 12.525, 11.442477876106194, 11.671875, 11.257575757575758, 13.148760330578513, 10.568807339449542, 11.049586776859504, 11.793893129770993, 10.688524590163935, 13.460869565217392, 13.057851239669422, 14.585365853658537, 12.212962962962964, 12.748148148148148], "fail": [17, 51, 31, 50, 48, 63, 43, 35, 39, 37, 41, 36, 54, 43, 39, 30, 39, 47, 24, 73, 26, 20, 22, 48, 48, 34, 44, 38, 49, 28, 45, 36, 45, 26, 39, 30, 41, 50, 25, 47, 36, 45, 43, 40, 33, 38, 59, 47, 40, 28, 44, 44, 39, 60, 33], "recv_per_veh": [9.0, 26.0, 74.0, 71.0, 126.0, 45.0, 110.0, 124.0, 20.0, 63.0, 96.0, 110.0, 118.0, 103.0, 52.0, 56.0, 12.0, 110.0, 48.0, 125.0, 87.0, 94.0, 47.0, 108.0, 16.0, 49.0, 113.0, 71.0, 128.0, 111.0, 40.0, 120.0, 22.0, 107.0, 46.0, 36.0, 31.0, 91.0, 74.0, 68.0, 129.0, 62.0, 45.0, 34.0, 108.0, 29.0, 81.0, 54.0, 102.0, 49.0, 105.0, 42.0, 25.0, 115.0, 76.0, 130.0, 77.0, 37.0, 64.0, 121.0], "first_recv": {"3_2": 0, "4_2": 0, "5_0": 0, "6_1": 0, "7_1": 0, "9_0": 0, "9_1": 0, "13_0": 0, "13_2": 0, "13_1": 0, "16_0": 0, "17_2": 0, "17_0": 0, "17_1": 0, "18_1": 0, "19_1": 0, "19_0": 0, "20_2": 0, "21_0": 0, "21_1": 0, "22_0": 0, "23_1": 0, "23_2": 0, "23_0": 0, "26_2": 0, "26_1": 0, "27_0": 0, "28_1": 0, "35_0": 0, "37_2": 0, "37_1": 0, "38_1": 0, "38_2": 0, "38_0": 0, "39_0": 0, "40_2": 0, "41_0": 0, "41_1": 0, "42_0": 0, "42_1": 0, "44_1": 0, "44_2": 0, "45_1": 0, "47_1": 0, "48_2": 0, "49_0": 0, "49_1": 0, "50_0": 0, "51_1": 0, "52_0": 0, "53_1": 0, "53_0": 0, "53_2": 0, "54_2": 0, "55_0": 0, "55_1": 0, "55_2": 0, "56_1": 0, "56_2": 0, "57_1": 0, "58_2": 0, "58_0": 0, "59_0": 0, "59_2": 0, "59_1": 0, "0_0": 1, "4_0": 1, "6_2": 1, "8_0": 1, "11_2": 1, "11_1": 1, "12_1": 1, "19_2": 1, "25_1": 1, "28_0": 1, "29_2": 1, "30_1": 1, "34_1": 1, "40_1": 1, "48_1": 1, "50_1": 1, "50_2": 1, "52_1": 1, "1_1": 2, "2_0": 2, "7_2": 2, "12_0": 2, "20_1": 2, "24_0": 2, "27_1": 2, "29_1": 2, "32_0": 2, "33_1": 2, "33_2": 2, "35_1": 2, "36_1": 2, "39_2": 2, "40_0": 2, "43_0": 2, "47_0": 2, "4_1": 3, "10_1": 3, "44_0": 3, "51_0": 3, "54_1": 3, "5_1": 4, "7_0": 4, "21_2": 4, "33_0": 4, "46_2": 4, "46_1": 4, "54_0": 4, "2_2": 5, "14_2": 5, "15_2": 5, "15_0": 5, "22_1": 5, "14_0": 6, "18_0": 6, "28_2": 6, "29_0": 6, "31_0": 6, "31_1": 7, "12_2": 8, "31_2": 8, "10_2": 9, "6_0": 10, "26_0": 10, "10_0": 12, "43_1": 13}, "y_queue": [], "z_queue": [], "acc_per_veh": [0.5720000267028809, 0.4000000059604645, 0.36899998784065247, 0.19499999284744263, 0.4269999861717224, 0.3370000123977661, 0.6110000014305115, 0.3529999852180481, 0.4869999885559082, 0.43299999833106995, 0.5709999799728394, 0.4009999930858612, 0.41200000047683716, 0.4350000023841858, 0.4819999933242798, 0.40700000524520874, 0.42399999499320984, 0.3479999899864197, 0.5730000138282776, 0.4180000126361847, 0.3919999897480011, 0.492000013589859, 0.6019999980926514, 0.4399999976158142, 0.3889999985694885, 0.4230000078678131, 0.45100000500679016, 0.5429999828338623, 0.5090000033378601, 0.6110000014305115, 0.5170000195503235, 0.45100000500679016, 0.39399999380111694, 0.3370000123977661, 0.3330000042915344, 0.4819999933242798, 0.335999995470047, 0.4339999854564667, 0.5109999775886536, 0.3529999852180481, 0.39399999380111694, 0.4009999930858612, 0.44600000977516174, 0.527999997138977, 0.3540000021457672, 0.492000013589859, 0.35100001096725464, 0.3310000002384186, 0.6110000014305115, 0.37400001287460327, 0.4819999933242798, 0.36500000953674316, 0.41600000858306885, 0.5630000233650208, 0.3790000081062317, 0.49300000071525574, 0.49300000071525574, 0.49399998784065247, 0.47999998927116394, 0.4860000014305115], "veh_meta": [{"mods": [0], "D": {"0": 900}, "Q": {"0": 0.9296273342569894}}, {"mods": [1], "D": {"1": 205}, "Q": {"1": 0.5332603873270162}}, {"mods": [0, 2], "D": {"0": 160, "2": 280}, "Q": {"0": 0.9551798633198361, "2": 0.8836897573943958}}, {"mods": [2], "D": {"2": 60}, "Q": {"2": 0.8036362253500965}}, {"mods": [0, 1, 2], "D": {"0": 399, "1": 685, "2": 410}, "Q": {"0": 0.934215372322613, "1": 0.8256628651307353, "2": 0.8788927905803693}}, {"mods": [0, 1], "D": {"0": 81, "1": 34}, "Q": {"0": 0.8081698892786238, "1": 0.8063234640631504}}, {"mods": [0, 1, 2], "D": {"0": 847, "1": 439, "2": 319}, "Q": {"0": 0.38925879901530147, "1": 0.47256585286563746,