{"cfg": {"method": "RECD", "trace": "/Users/ckim48/Downloads/infocomsim/results/traces/trace_med_n60_s2.npz", "seed": 2, "rounds": 55, "r_v2v": 200.0, "cache_encoders": 4, "max_out": 3, "V": 50.0, "use_gat": true, "dataset": "fmnist", "phi_agg": 0.0}, "hist": {"acc": [0.09999999937911828, 0.1566666666418314, 0.26954999963442483, 0.3168333325535059, 0.343233331044515, 0.3620333321392536, 0.3811000004410744, 0.38821666737397514, 0.40576666717727977, 0.4220499999821186, 0.4259333319962025, 0.4366500002642473], "acc_round": [1, 5, 10, 15, 20, 25, 30, 35, 40, 45, 50, 55], "recv": [84, 58, 72, 76, 73, 74, 88, 108, 59, 92, 67, 99, 87, 58, 70, 63, 98, 57, 85, 63, 82, 85, 61, 67, 77, 106, 71, 92, 73, 98, 79, 58, 65, 64, 103, 49, 87, 72, 75, 82, 66, 82, 78, 101, 64, 98, 64, 92, 91, 70, 71, 65, 69, 66, 73], "succ": [84, 58, 72, 76, 73, 74, 88, 108, 59, 92, 67, 99, 87, 58, 70, 63, 98, 57, 85, 63, 82, 85, 61, 67, 77, 106, 71, 92, 73, 98, 79, 58, 65, 64, 103, 49, 87, 72, 75, 82, 66, 82, 78, 101, 64, 98, 64, 92, 91, 70, 71, 65, 69, 66, 73], "att": [87, 62, 74, 84, 79, 83, 89, 114, 61, 93, 70, 100, 87, 61, 78, 66, 102, 59, 86, 65, 82, 94, 62, 72, 78, 111, 73, 103, 74, 98, 85, 58, 67, 65, 107, 51, 88, 77, 77, 91, 67, 85, 80, 104, 64, 100, 69, 93, 94, 73, 72, 65, 77, 68, 79], "energy": [123.50028863555013, 47.626514300754614, 90.47894760597228, 71.09984564693073, 100.00636764958838, 97.93309586170854, 84.00970826333385, 143.09227985673635, 38.007199276766556, 108.99805302141819, 63.359876998794824, 102.07555016742768, 62.07223797284654, 53.89225644283094, 87.333425860205, 84.56607367397535, 182.2841121499524, 44.08900034694957, 110.22155714800522, 50.093870592223865, 110.52760038390167, 76.9110790080652, 49.35793003475363, 56.65333143844831, 85.0883054409126, 150.70679007959583, 48.649442517781424, 144.36482586774403, 62.69334628518366, 120.20417358197997, 64.5906389526492, 43.646795377815046, 49.12100123051553, 61.81834490794011, 179.97637891111611, 31.364233635032093, 109.86713977620647, 70.03151531024925, 92.41086431201549, 91.40092526462374, 77.79671833948073, 74.98218541728117, 74.75241494021988, 176.2701963438387, 56.4283881855677, 186.12347627616967, 45.75861400711625, 120.13031304137633, 71.36353744451183, 70.52741828602169, 59.499434130298255, 53.05425261367877, 101.32730692158002, 47.93274414714999, 90.4174678817181], "coverage": [0.39705882352941174, 0.5, 0.5955882352941176, 0.6838235294117647, 0.7573529411764706, 0.7794117647058824, 0.7867647058823529, 0.8308823529411765, 0.8382352941176471, 0.8529411764705882, 0.8676470588235294, 0.8970588235294118, 0.8970588235294118, 0.9044117647058824, 0.9264705882352942, 0.9338235294117647, 0.9632352941176471, 0.9632352941176471, 0.9779411764705882, 0.9779411764705882, 0.9779411764705882, 0.9852941176470589, 0.9852941176470589, 0.9852941176470589, 0.9852941176470589, 0.9852941176470589, 0.9852941176470589, 0.9852941176470589, 0.9852941176470589, 0.9852941176470589, 0.9926470588235294, 0.9926470588235294, 1.0, 1.0, 1.0, 1.0, 1.0, 1.0, 1.0, 1.0, 1.0, 1.0, 1.0, 1.0, 1.0, 1.0, 1.0, 1.0, 1.0, 1.0, 1.0, 1.0, 1.0, 1.0, 1.0], "staleness": [0.0, 0.25862068965517243, 0.4027777777777778, 0.7631578947368421, 0.9863013698630136, 1.1486486486486487, 1.4772727272727273, 1.1203703703703705, 0.8135593220338984, 1.5108695652173914, 1.462686567164179, 1.4848484848484849, 1.7241379310344827, 2.103448275862069, 1.7571428571428571, 1.6984126984126984, 1.6020408163265305, 1.3157894736842106, 1.7294117647058824, 1.873015873015873, 1.6585365853658536, 1.6470588235294117, 1.8688524590163935, 1.835820895522388, 1.5714285714285714, 1.7075471698113207, 1.704225352112676, 1.2717391304347827, 1.7123287671232876, 1.336734693877551, 1.5063291139240507, 1.8620689655172413, 1.9230769230769231, 1.34375, 1.058252427184466, 1.9183673469387754, 1.6896551724137931, 1.5277777777777777, 1.36, 1.524390243902439, 1.6666666666666667, 1.4146341463414633, 1.5897435897435896, 1.1287128712871286, 1.328125, 1.2959183673469388, 1.375, 1.315217391304348, 1.2747252747252746, 1.2285714285714286, 1.352112676056338, 1.1538461538461537, 1.2463768115942029, 1.5303030303030303, 1.178082191780822], "fail": [3, 4, 2, 8, 6, 9, 1, 6, 2, 1, 3, 1, 0, 3, 8, 3, 4, 2, 1, 2, 0, 9, 1, 5, 1, 5, 2, 11, 1, 0, 6, 0, 2, 1, 4, 2, 1, 5, 2, 9, 1, 3, 2, 3, 0, 2, 5, 1, 3, 3, 1, 0, 8, 2, 6], "recv_per_veh": [131.0, 63.0, 76.0, 49.0, 78.0, 43.0, 55.0, 36.0, 62.0, 107.0, 78.0, 40.0, 61.0, 50.0, 51.0, 64.0, 38.0, 24.0, 47.0, 55.0, 117.0, 67.0, 40.0, 70.0, 67.0, 80.0, 76.0, 63.0, 52.0, 71.0, 103.0, 32.0, 63.0, 48.0, 69.0, 39.0, 72.0, 38.0, 57.0, 34.0, 38.0, 48.0, 96.0, 31.0, 55.0, 31.0, 61.0, 37.0, 46.0, 52.0, 40.0, 48.0, 67.0, 42.0, 41.0, 48.0, 77.0, 56.0, 48.0, 61.0], "first_recv": {"0_2": 0, "1_2": 0, "2_0": 0, "3_1": 0, "3_0": 0, "3_2": 0, "4_1": 0, "5_1": 0, "5_2": 0, "6_1": 0, "6_2": 0, "7_1": 0, "8_2": 0, "8_1": 0, "9_2": 0, "9_1": 0, "10_2": 0, "14_0": 0, "14_2": 0, "15_1": 0, "15_2": 0, "17_1": 0, "17_0": 0, "19_0": 0, "19_1": 0, "21_2": 0, "22_2": 0, "23_1": 0, "23_0": 0, "26_1": 0, "26_2": 0, "27_2": 0, "27_1": 0, "30_2": 0, "35_2": 0, "36_2": 0, "36_1": 0, "37_2": 0, "37_1": 0, "42_2": 0, "43_0": 0, "43_1": 0, "44_0": 0, "47_2": 0, "49_1": 0, "50_1": 0, "52_1": 0, "55_2": 0, "56_2": 0, "57_1": 0, "57_2": 0, "58_2": 0, "59_0": 0, "59_1": 0, "0_1": 1, "2_1": 1, "4_2": 1, "10_1": 1, "11_2": 1, "15_0": 1, "16_0": 1, "24_2": 1, "25_2": 1, "28_0": 1, "29_0": 1, "44_2": 1, "46_2": 1, "55_1": 1, "0_0": 2, "12_2": 2, "13_1": 2, "13_0": 2, "20_2": 2, "20_1": 2, "30_1": 2, "33_0": 2, "33_2": 2, "45_1": 2, "48_0": 2, "49_2": 2, "54_2": 2, "7_0": 3, "16_2": 3, "25_1": 3, "29_2": 3, "31_2": 3, "32_1": 3, "38_2": 3, "41_1": 3, "41_2": 3, "51_0": 3, "53_2": 3, "54_1": 3, "5_0": 4, "8_0": 4, "28_2": 4, "28_1": 4, "34_2": 4, "38_1": 4, "49_0": 4, "53_1": 4, "55_0": 4, "58_0": 4, "2_2": 5, "11_0": 5, "47_1": 5, "29_1": 6, "12_1": 7, "12_0": 7, "18_0": 7, "34_0": 7, "40_2": 7, "53_0": 7, "40_1": 8, "39_1": 9, "48_1": 9, "34_1": 10, "42_0": 10, "14_1": 11, "31_1": 11, "46_0": 11, "51_2": 11, "58_1": 13, "39_0": 14, "40_0": 14, "52_0": 14, "46_1": 15, "27_0": 16, "35_0": 16, "47_0": 16, "57_0": 16, "25_0": 18, "36_0": 18, "54_0": 21, "31_0": 30, "10_0": 32}, "y_queue": [0.06833333333333334, 0.14, 0.17999999999999997, 0.21749999999999994, 0.22583333333333327, 0.27, 0.3219444444444445, 0.3294444444444445, 0.3966666666666666, 0.4116666666666666, 0.45499999999999985, 0.4222222222222222, 0.4233333333333333, 0.4658333333333333, 0.46666666666666656, 0.5022222222222221, 0.4874999999999998, 0.513611111111111, 0.4633333333333332, 0.491111111111111, 0.4766666666666665, 0.4844444444444443, 0.5144444444444443, 0.5052777777777776, 0.48333333333333317, 0.4438888888888888, 0.4727777777777776, 0.4919444444444442, 0.5216666666666665, 0.529722222222222, 0.5252777777777775, 0.5636111111111108, 0.5699999999999998, 0.5688888888888887, 0.5533333333333331, 0.6136111111111109, 0.6152777777777776, 0.6394444444444443, 0.6402777777777776, 0.6694444444444443, 0.7186111111111109, 0.7288888888888887, 0.7494444444444444, 0.7347222222222219, 0.7772222222222219, 0.7805555555555554, 0.7874999999999996, 0.7658333333333331, 0.7511111111111108, 0.7874999999999996, 0.8277777777777775, 0.8238888888888887, 0.8094444444444442, 0.8063888888888886, 0.8052777777777778],