{"cfg": {"method": "Mobility-Greedy", "trace": "/Users/ckim48/Downloads/infocomsim/results/traces/trace_med_n60_s2.npz", "seed": 2, "rounds": 55, "r_v2v": 200.0, "cache_encoders": 4, "max_out": 3, "V": 50.0, "use_gat": true, "dataset": "fmnist", "phi_agg": 0.0}, "hist": {"acc": [0.09964999929070473, 0.14511666658023994, 0.25791666669150193, 0.2994500007480383, 0.32698333288232484, 0.3490333341062069, 0.37415000001589455, 0.3802333335081736, 0.40158333331346513, 0.41703333308299384, 0.4374166622757912, 0.4419166679183642], "acc_round": [1, 5, 10, 15, 20, 25, 30, 35, 40, 45, 50, 55], "recv": [124, 115, 124, 104, 115, 110, 119, 133, 114, 125, 106, 105, 105, 114, 110, 103, 109, 107, 119, 106, 121, 114, 141, 94, 123, 142, 120, 122, 117, 136, 116, 114, 87, 129, 126, 132, 132, 108, 131, 106, 135, 111, 122, 126, 125, 123, 107, 133, 124, 107, 102, 128, 120, 115, 103], "succ": [124, 115, 124, 104, 115, 110, 119, 133, 114, 125, 106, 105, 105, 114, 110, 103, 109, 107, 119, 106, 121, 114, 141, 94, 123, 142, 120, 122, 117, 136, 116, 114, 87, 129, 126, 132, 132, 108, 131, 106, 135, 111, 122, 126, 125, 123, 107, 133, 124, 107, 102, 128, 120, 115, 103], "att": [139, 129, 134, 128, 130, 137, 125, 140, 123, 135, 122, 112, 127, 125, 128, 110, 122, 116, 128, 112, 128, 133, 146, 136, 125, 154, 130, 139, 124, 141, 141, 123, 119, 133, 150, 137, 146, 125, 138, 130, 136, 137, 124, 142, 131, 126, 113, 146, 148, 115, 129, 131, 127, 125, 118], "energy": [315.07988628933424, 217.90732752582986, 270.6476131866494, 197.1702963083969, 254.99475315957443, 251.87116871735554, 240.80585085715708, 238.67417435357999, 194.2813208944106, 260.97825772834176, 212.3693511618644, 169.9080864945433, 193.47369711189128, 237.62752538974715, 280.2499739299016, 218.54207149770215, 230.27369744537597, 194.33152813781044, 261.3759090098066, 165.54513092351453, 242.03716646578442, 210.3403550442152, 277.5538840024833, 243.1110618174874, 250.74628917082572, 286.7591151421803, 201.4751258792142, 297.0616125497132, 173.59248166603626, 240.7195105385516, 255.70566614139102, 243.19613878269382, 225.388338916985, 250.04902129283872, 296.0665603857009, 275.411221614777, 308.2985427924087, 221.51845332708265, 282.1050185725331, 217.59015667080902, 242.28998695519377, 224.43682315330423, 238.34302919754762, 284.7995646142097, 211.68020691328954, 254.56460094851172, 206.08836668654888, 326.2133864629201, 239.8538130589776, 211.4268978363702, 208.83816491725742, 210.01367470635054, 216.36747266933767, 183.52768323829292, 231.75533457894122], "coverage": [0.5220588235294118, 0.6691176470588235, 0.7867647058823529, 0.8235294117647058, 0.8382352941176471, 0.8529411764705882, 0.8676470588235294, 0.8970588235294118, 0.9044117647058824, 0.9117647058823529, 0.9411764705882353, 0.9558823529411765, 0.9558823529411765, 0.9632352941176471, 0.9632352941176471, 0.9632352941176471, 0.9705882352941176, 0.9779411764705882, 0.9852941176470589, 0.9852941176470589, 0.9926470588235294, 0.9926470588235294, 0.9926470588235294, 0.9926470588235294, 0.9926470588235294, 0.9926470588235294, 1.0, 1.0, 1.0, 1.0, 1.0, 1.0, 1.0, 1.0, 1.0, 1.0, 1.0, 1.0, 1.0, 1.0, 1.0, 1.0, 1.0, 1.0, 1.0, 1.0, 1.0, 1.0, 1.0, 1.0, 1.0, 1.0, 1.0, 1.0, 1.0], "staleness": [0.0, 0.30434782608695654, 0.7258064516129032, 0.9134615384615384, 0.8260869565217391, 1.0727272727272728, 1.26890756302521, 1.0451127819548873, 1.0701754385964912, 1.248, 1.1886792452830188, 1.4857142857142858, 1.8476190476190477, 1.7894736842105263, 1.5272727272727273, 1.3009708737864079, 1.3761467889908257, 1.5327102803738317, 1.8067226890756303, 1.5471698113207548, 1.7355371900826446, 1.6842105263157894, 1.7801418439716312, 1.7234042553191489, 1.4959349593495934, 1.4225352112676057, 1.6583333333333334, 1.5081967213114753, 1.4700854700854702, 1.6029411764705883, 1.4655172413793103, 1.4824561403508771, 1.1839080459770115, 1.3875968992248062, 1.5714285714285714, 1.4015151515151516, 1.4393939393939394, 1.037037037037037, 1.251908396946565, 1.5, 1.7185185185185186, 1.1261261261261262, 1.139344262295082, 0.8650793650793651, 1.016, 0.943089430894309, 0.9252336448598131, 1.300751879699248, 1.4596774193548387, 1.5981308411214954, 2.0588235294117645, 1.9375, 1.6166666666666667, 1.8956521739130434, 1.233009708737864], "fail": [15, 14, 10, 24, 15, 27, 6, 7, 9, 10, 16, 7, 22, 11, 18, 7, 13, 9, 9, 6, 7, 19, 5, 42, 2, 12, 10, 17, 7, 5, 25, 9, 32, 4, 24, 5, 14, 17, 7, 24, 1, 26, 2, 16, 6, 3, 6, 13, 24, 8, 27, 3, 7, 10, 15], "recv_per_veh": [204.0, 81.0, 113.0, 78.0, 133.0, 78.0, 69.0, 102.0, 102.0, 150.0, 106.0, 40.0, 102.0, 101.0, 70.0, 93.0, 68.0, 42.0, 82.0, 87.0, 181.0, 89.0, 55.0, 121.0, 103.0, 102.0, 118.0, 108.0, 103.0, 88.0, 150.0, 47.0, 105.0, 71.0, 94.0, 65.0, 99.0, 76.0, 88.0, 65.0, 61.0, 82.0, 137.0, 61.0, 82.0, 58.0, 80.0, 76.0, 110.0, 57.0, 61.0, 77.0, 116.0, 68.0, 82.0, 63.0, 95.0, 77.0, 82.0, 99.0], "first_recv": {"0_2": 0, "1_2": 0, "2_0": 0, "2_1": 0, "3_1": 0, "3_0": 0, "3_2": 0, "4_1": 0, "5_1": 0, "5_2": 0, "6_1": 0, "6_2": 0, "7_1": 0, "7_0": 0, "8_0": 0, "8_2": 0, "8_1": 0, "9_2": 0, "9_1": 0, "10_2": 0, "11_2": 0, "14_0": 0, "15_1": 0, "15_2": 0, "15_0": 0, "16_0": 0, "17_1": 0, "17_0": 0, "18_0": 0, "19_0": 0, "21_2": 0, "22_2": 0, "23_0": 0, "23_1": 0, "24_2": 0, "25_2": 0, "26_1": 0, "26_2": 0, "27_2": 0, "27_1": 0, "28_0": 0, "28_2": 0, "28_1": 0, "29_0": 0, "29_2": 0, "30_2": 0, "32_1": 0, "34_2": 0, "35_2": 0, "36_2": 0, "37_2": 0, "37_1": 0, "42_2": 0, "43_0": 0, "44_0": 0, "46_2": 0, "47_2": 0, "48_0": 0, "48_1": 0, "50_1": 0, "51_0": 0, "52_1": 0, "54_1": 0, "54_2": 0, "55_2": 0, "56_2": 0, "57_2": 0, "57_1": 0, "58_2": 0, "59_0": 0, "59_1": 0, "0_1": 1, "0_0": 1, "2_2": 1, "4_2": 1, "11_0": 1, "13_1": 1, "13_0": 1, "19_1": 1, "20_2": 1, "27_0": 1, "30_1": 1, "33_0": 1, "43_1": 1, "45_1": 1, "46_1": 1, "47_0": 1, "49_2": 1, "49_1": 1, "51_2": 1, "55_0": 1, "5_0": 2, "10_1": 2, "12_2": 2, "12_1": 2, "12_0": 2, "16_2": 2, "20_1": 2, "25_1": 2, "29_1": 2, "31_2": 2, "38_2": 2, "38_1": 2, "41_2": 2, "41_1": 2, "42_0": 2, "55_1": 2, "31_1": 3, "44_2": 3, "53_0": 3, "53_2": 3, "58_0": 3, "10_0": 4, "33_2": 4, "34_0": 5, "47_1": 5, "39_1": 6, "53_1": 6, "35_0": 7, "40_0": 7, "40_2": 7, "46_0": 7, "40_1": 8, "36_1": 9, "14_1": 10, "14_2": 10, "36_0": 10, "49_0": 10, "31_0": 11, "39_0": 11, "52_0": 13, "57_0": 16, "34_1": 17, "58_1": 18, "54_0": 20, "25_0": 26}, "y_queue": [], "z_queue": [], "acc_per_veh": [0.4569999873638153, 0.3540000021457672, 0.41600000858306885, 0.3499999940395355, 0.35199999809265137, 0.41499999165534973, 0.36000001430511475, 0.36000001430511475, 0.3240000009536743, 0.5400000214576721, 0.4560000002384186, 0.4740000069141388, 0.453000009059906, 0.4580000042915344, 0.5419999957084656, 0.5509999990463257, 0.5630000233650208, 0.4339999854564667, 0.34299999475479126, 0.4020000100135803, 0.2590000033378601, 0.296999990940094, 0.2630000114440918, 0.35899999737739563, 0.460999995470047, 0.4180000126361847, 0.3449999988079071, 0.5080000162124634, 0.4580000042915344, 0.42899999022483826, 0.5090000033378601, 0.41200000047683716, 0.5249999761581421, 0.5619999766349792, 0.5170000195503235, 0.6159999966621399, 0.5009999871253967, 0.5120000243186951, 0.4749999940395355, 0.5210000276565552, 0.3869999945163727, 0.32600000500679016, 0.44999998807907104, 0.5019999742507935, 0.3330000042915344, 0.3269999921321869, 0.550000011920929, 0.5519999861717224, 0.5320000052452087, 0.5609999895095825, 0.46299999952316284, 0.42800000309944153, 0.39399999380111694, 0.49000000953674316, 0.4490000009536743, 0.3880000114440918, 0.38600000739097595, 0.4749999940395355, 0.5210000276565552, 0.44999998807907104], "veh_meta": [{"mods": [0, 1, 2], "D": {"0": 250, "1": 127, "2": 20}, "Q": {"0": 0.9670472880708307, "1": 0.9610548694832559, "2": 0.4255326974455416}}, {"mods": [2], "D": {"2": 364}, "Q": {"2": 0.5101427560796826}}, {"mods": [0, 1, 2], "D": {"0": 70, "1": 67, "2": 93}, "Q": {"0": 0.9184688485276503, "1": 0.8061584257929147, "2": 0.9956980930654443}}, {"mods": [0, 1, 2], "D": {"0": 640,