{"cfg": {"method": "LRU-Random", "trace": "/Users/ckim48/Downloads/infocomsim/results/traces/trace_med_n60_s3.npz", "seed": 3, "rounds": 55, "r_v2v": 200.0, "cache_encoders": 4, "max_out": 3, "V": 50.0, "use_gat": true, "dataset": "fmnist", "phi_agg": 0.0}, "hist": {"acc": [0.1012166661520799, 0.15474999931951364, 0.2675666653861602, 0.33445000102122624, 0.3707666681458553, 0.384683333337307, 0.39746666625142096, 0.3999500001470248, 0.4118166675170263, 0.4223499983549118, 0.4304333341618379, 0.4547000005841255], "acc_round": [1, 5, 10, 15, 20, 25, 30, 35, 40, 45, 50, 55], "recv": [99, 104, 128, 99, 112, 109, 113, 138, 123, 125, 101, 122, 125, 127, 133, 123, 143, 125, 128, 112, 137, 106, 118, 121, 123, 130, 117, 144, 121, 132, 110, 117, 99, 139, 133, 121, 128, 108, 134, 126, 131, 126, 140, 138, 128, 142, 116, 138, 115, 122, 143, 123, 121, 99, 120], "succ": [99, 104, 128, 99, 112, 109, 113, 138, 123, 125, 101, 122, 125, 127, 133, 123, 143, 125, 128, 112, 137, 106, 118, 121, 123, 130, 117, 144, 121, 132, 110, 117, 99, 139, 133, 121, 128, 108, 134, 126, 131, 126, 140, 138, 128, 142, 116, 138, 115, 122, 143, 123, 121, 99, 120], "att": [124, 160, 163, 167, 169, 155, 168, 165, 168, 147, 159, 165, 156, 156, 156, 168, 165, 165, 165, 162, 165, 162, 165, 174, 162, 165, 162, 174, 171, 168, 171, 153, 150, 168, 171, 162, 165, 162, 162, 162, 171, 171, 168, 165, 171, 168, 177, 168, 159, 165, 168, 162, 159, 159, 165], "energy": [225.17224005513614, 281.0749066758682, 325.00415702016477, 261.9845313224874, 299.7426625597019, 290.7112343731671, 303.25645242922707, 322.5717342283126, 291.5643050878141, 326.90818028616764, 294.00674838607773, 269.71238309078666, 246.88477172661754, 279.71307571101704, 269.25163117867226, 317.4545633487662, 283.4469406922639, 305.58382842803724, 298.2164327565431, 281.61841007076373, 315.5229954986145, 238.4243004956685, 286.7912112613246, 362.11697007533945, 313.20466007153345, 311.1649888569232, 238.91094883283614, 299.2646244055064, 235.7065725341011, 259.4728041709417, 249.09426687879815, 253.22513664945782, 286.2784094452565, 275.6204063604878, 301.47615855705254, 269.76908770290567, 333.3211104590703, 215.67457114584016, 252.44094892335735, 248.83896821121738, 322.2244947428285, 310.53886859002506, 305.6315459502488, 285.1467651085188, 271.725626082273, 354.8415882028581, 287.2800031078941, 329.19936019008077, 243.14958766134058, 264.59278589654605, 308.9292028708182, 286.69501864323627, 279.1007348899198, 213.243729172358, 313.01596856372896], "coverage": [0.3722627737226277, 0.5985401459854015, 0.7883211678832117, 0.8248175182481752, 0.8905109489051095, 0.9124087591240876, 0.927007299270073, 0.9416058394160584, 0.948905109489051, 0.9708029197080292, 0.9781021897810219, 0.9854014598540146, 1.0, 1.0, 1.0, 1.0, 1.0, 1.0, 1.0, 1.0, 1.0, 1.0, 1.0, 1.0, 1.0, 1.0, 1.0, 1.0, 1.0, 1.0, 1.0, 1.0, 1.0, 1.0, 1.0, 1.0, 1.0, 1.0, 1.0, 1.0, 1.0, 1.0, 1.0, 1.0, 1.0, 1.0, 1.0, 1.0, 1.0, 1.0, 1.0, 1.0, 1.0, 1.0, 1.0], "staleness": [0.0, 0.28846153846153844, 0.625, 1.1717171717171717, 1.6696428571428572, 2.165137614678899, 2.814159292035398, 3.3840579710144927, 4.024390243902439, 4.136, 4.2772277227722775, 4.557377049180328, 4.8, 5.732283464566929, 5.774436090225564, 6.024390243902439, 6.825174825174825, 6.584, 7.1796875, 7.660714285714286, 7.854014598540146, 6.679245283018868, 9.432203389830509, 9.206611570247935, 10.390243902439025, 10.123076923076923, 10.965811965811966, 9.75, 10.396694214876034, 10.780303030303031, 11.00909090909091, 9.709401709401709, 11.717171717171718, 10.93525179856115, 9.789473684210526, 9.305785123966942, 10.8046875, 8.148148148148149, 8.694029850746269, 8.277777777777779, 8.931297709923664, 8.492063492063492, 8.914285714285715, 8.492753623188406, 8.0546875, 8.52112676056338, 11.163793103448276, 10.391304347826088, 10.339130434782609, 10.147540983606557, 10.839160839160838, 11.455284552845528, 9.809917355371901, 9.313131313131313, 12.075], "fail": [25, 56, 35, 68, 57, 46, 55, 27, 45, 22, 58, 43, 31, 29, 23, 45, 22, 40, 37, 50, 28, 56, 47, 53, 39, 35, 45, 30, 50, 36, 61, 36, 51, 29, 38, 41, 37, 54, 28, 36, 40, 45, 28, 27, 43, 26, 61, 30, 44, 43, 25, 39, 38, 60, 45], "recv_per_veh": [67.0, 38.0, 13.0, 38.0, 74.0, 59.0, 27.0, 113.0, 58.0, 28.0, 91.0, 47.0, 123.0, 116.0, 95.0, 94.0, 102.0, 123.0, 141.0, 63.0, 103.0, 133.0, 59.0, 125.0, 144.0, 118.0, 77.0, 56.0, 107.0, 86.0, 100.0, 109.0, 35.0, 99.0, 39.0, 79.0, 91.0, 92.0, 92.0, 128.0, 82.0, 106.0, 81.0, 107.0, 61.0, 61.0, 106.0, 93.0, 98.0, 96.0, 107.0, 44.0, 19.0, 109.0, 72.0, 78.0, 101.0, 96.0, 79.0, 108.0], "first_recv": {"0_2": 0, "1_1": 0, "1_0": 0, "3_1": 0, "4_2": 0, "7_0": 0, "8_2": 0, "9_1": 0, "10_1": 0, "12_2": 0, "12_0": 0, "15_1": 0, "16_2": 0, "17_1": 0, "18_2": 0, "18_0": 0, "21_1": 0, "21_2": 0, "22_2": 0, "23_1": 0, "23_0": 0, "26_0": 0, "26_1": 0, "26_2": 0, "27_0": 0, "27_1": 0, "29_1": 0, "31_2": 0, "32_1": 0, "33_0": 0, "34_1": 0, "36_1": 0, "37_1": 0, "37_2": 0, "38_2": 0, "39_0": 0, "41_2": 0, "42_2": 0, "43_1": 0, "43_2": 0, "46_2": 0, "47_2": 0, "50_0": 0, "54_0": 0, "54_2": 0, "55_2": 0, "56_1": 0, "57_1": 0, "58_2": 0, "58_1": 0, "59_0": 0, "4_1": 1, "5_0": 1, "5_1": 1, "7_2": 1, "7_1": 1, "10_2": 1, "18_1": 1, "19_2": 1, "19_0": 1, "20_2": 1, "20_0": 1, "23_2": 1, "24_0": 1, "25_2": 1, "28_2": 1, "28_1": 1, "28_0": 1, "29_2": 1, "30_0": 1, "30_2": 1, "35_2": 1, "38_1": 1, "39_1": 1, "39_2": 1, "41_1": 1, "44_2": 1, "46_1": 1, "50_2": 1, "55_1": 1, "59_1": 1, "59_2": 1, "2_0": 2, "6_1": 2, "10_0": 2, "11_0": 2, "13_2": 2, "13_1": 2, "15_2": 2, "24_1": 2, "24_2": 2, "25_1": 2, "29_0": 2, "30_1": 2, "31_1": 2, "33_2": 2, "33_1": 2, "36_2": 2, "40_2": 2, "42_0": 2, "45_2": 2, "47_1": 2, "47_0": 2, "48_0": 2, "49_1": 2, "51_0": 2, "52_0": 2, "56_2": 2, "12_1": 3, "13_0": 3, "35_1": 3, "49_2": 3, "57_2": 3, "14_2": 4, "14_0": 4, "17_2": 4, "17_0": 4, "19_1": 4, "40_0": 4, "50_1": 4, "51_1": 4, "53_2": 4, "11_2": 5, "36_0": 5, "53_1": 5, "40_1": 6, "46_0": 6, "8_0": 7, "41_0": 7, "16_1": 8, "3_0": 9, "21_0": 9, "34_0": 9, "48_1": 10, "48_2": 11, "16_0": 12, "25_0": 12}, "y_queue": [], "z_queue": [], "acc_per_veh": [0.32899999618530273, 0.5580000281333923, 0.4690000116825104, 0.43299999833106995, 0.43700000643730164, 0.5479999780654907, 0.5400000214576721, 0.4749999940395355, 0.3720000088214874, 0.3779999911785126, 0.5130000114440918, 0.38199999928474426, 0.5879999995231628, 0.4580000042915344, 0.4740000069141388, 0.46700000762939453, 0.3880000114440918, 0.4309999942779541, 0.6629999876022339, 0.4440000057220459, 0.4959999918937683, 0.5630000233650208, 0.31299999356269836, 0.44200000166893005, 0.5799999833106995, 0.46700000762939453, 0.515999972820282, 0.4000000059604645, 0.35600000619888306, 0.5109999775886536, 0.46799999475479126, 0.4189999997615814, 0.4410000145435333, 0.5709999799728394, 0.42500001192092896, 0.3050000071525574, 0.5329999923706055, 0.37700000405311584, 0.43700000643730164, 0.5699999928474426, 0.47600001096725464, 0.5699999928474426, 0.4429999887943268, 0.4320000112056732, 0.32199999690055847, 0.2930000126361847, 0.4819999933242798, 0.6439999938011169, 0.3659999966621399, 0.38100001215934753, 0.41499999165534973, 0.5410000085830688, 0.3580000102519989, 0.5529999732971191, 0.36000001430511475, 0.414000004529953, 0.39100000262260437, 0.4090000092983246, 0.40799999237060547, 0.4869999885559082], "veh_meta": [{"mods": [2], "D": {"2": 695}, "Q": {"2": 0.9229897602980341}}, {"mods": [0, 1], "D": {"0": 212, "1": 217}, "Q": {"0": 0.8168741187475117, "1": 0.854202103621524}}, {"mods": [0], "D": {"0": 368}, "Q": {"0": 0.9768464376345286}}, {"mods": [0, 1], "D": {"0": 58, "1": 115}, "Q": {"0": 0.9642108079627031, "1": 0.9202321711708069}}, {"mods": [1, 2], "D": {"1": 201, "2": 342}, "Q": {"1": 0.8925464203167389, "2": 0.8733379067293163}}, {"mods": [0, 1], "D": {"0": 165, "1": 219}, "Q": {"0": 0.9385855283568165, "1": 0.3264050206882338}}, {"mods": [1], "D": {"1": 312}, "Q": {"1": 0.9156163144252125}}, {"mods": [0, 1, 2], "D": {"0": 217,