{"cfg": {"method": "Mobility-Greedy", "trace": "/Users/ckim48/Downloads/infocomsim/results/traces/trace_med_n60_s1.npz", "seed": 1, "rounds": 55, "r_v2v": 100.0, "cache_encoders": 4, "max_out": 3, "V": 50.0, "use_gat": true}, "hist": {"acc": [0.10194999985396862, 0.17050000019371508, 0.28903333395719527, 0.3337666670481364, 0.3592166657249133, 0.37669999822974204, 0.38235000098745026, 0.3972166657447815, 0.4271666655937831, 0.43161666840314866, 0.43904999991257987, 0.4589833329121272], "acc_round": [1, 5, 10, 15, 20, 25, 30, 35, 40, 45, 50, 55], "recv": [79, 80, 89, 92, 74, 66, 73, 87, 71, 76, 79, 71, 62, 65, 63, 72, 85, 63, 73, 70, 85, 94, 88, 75, 62, 68, 55, 86, 77, 90, 79, 96, 70, 79, 71, 69, 71, 63, 82, 73, 77, 78, 79, 91, 87, 76, 61, 67, 64, 74, 65, 70, 77, 56, 77], "succ": [79, 80, 89, 92, 74, 66, 73, 87, 71, 76, 79, 71, 62, 65, 63, 72, 85, 63, 73, 70, 85, 94, 88, 75, 62, 68, 55, 86, 77, 90, 79, 96, 70, 79, 71, 69, 71, 63, 82, 73, 77, 78, 79, 91, 87, 76, 61, 67, 64, 74, 65, 70, 77, 56, 77], "att": [79, 84, 89, 92, 74, 76, 73, 90, 79, 78, 79, 71, 67, 67, 65, 77, 87, 63, 73, 74, 87, 94, 89, 82, 65, 69, 58, 86, 77, 90, 88, 96, 75, 79, 71, 69, 71, 63, 83, 77, 78, 82, 79, 92, 87, 80, 61, 69, 64, 75, 67, 72, 78, 57, 78], "energy": [68.01111549983344, 65.61036986258897, 68.40535025843425, 67.35738491805267, 62.981598084154086, 70.7531457651834, 64.36243825010986, 95.32859789452309, 75.88953097614352, 61.683496513672054, 72.11389307770627, 80.35185251020218, 82.01173181038104, 78.46649145400407, 65.96369610541792, 96.81870363596633, 93.57854230535636, 51.299689895950635, 59.886316182451765, 72.58220144823463, 84.0199975605967, 86.86391788642021, 98.6704117306059, 71.94268036945275, 59.023716202052675, 76.63828925392572, 52.3998036985535, 93.9490895657758, 55.92114706906979, 94.47705785510178, 69.81098303067304, 112.17572360081152, 65.84160862297261, 71.0406522551892, 62.727784304406704, 74.32665987286836, 70.91483507006343, 52.35125845045495, 85.38123685052359, 67.34941337363908, 74.49234866180424, 61.68658556958144, 67.20534035525372, 95.55218959158434, 86.17705458975965, 67.85092368609139, 47.357568893576236, 73.1480969707111, 65.04446011535335, 79.49931191652233, 74.05444828495894, 82.29531012733739, 76.0155292979537, 50.362877393151486, 66.64608915404533], "coverage": [0.4461538461538462, 0.5461538461538461, 0.6307692307692307, 0.6615384615384615, 0.7076923076923077, 0.7461538461538462, 0.7615384615384615, 0.7846153846153846, 0.8307692307692308, 0.8692307692307693, 0.9076923076923077, 0.9230769230769231, 0.9307692307692308, 0.9384615384615385, 0.9538461538461539, 0.9538461538461539, 0.9538461538461539, 0.9615384615384616, 0.9615384615384616, 0.9692307692307692, 0.9769230769230769, 0.9769230769230769, 0.9769230769230769, 0.9769230769230769, 0.9846153846153847, 0.9846153846153847, 0.9923076923076923, 0.9923076923076923, 0.9923076923076923, 0.9923076923076923, 0.9923076923076923, 0.9923076923076923, 0.9923076923076923, 1.0, 1.0, 1.0, 1.0, 1.0, 1.0, 1.0, 1.0, 1.0, 1.0, 1.0, 1.0, 1.0, 1.0, 1.0, 1.0, 1.0, 1.0, 1.0, 1.0, 1.0, 1.0], "staleness": [0.0, 0.2125, 0.2808988764044944, 0.532608695652174, 0.6891891891891891, 0.9545454545454546, 1.095890410958904, 1.1379310344827587, 1.0985915492957747, 0.881578947368421, 0.8227848101265823, 1.2535211267605635, 0.9354838709677419, 1.3846153846153846, 1.1111111111111112, 1.0, 1.411764705882353, 1.6825396825396826, 1.6575342465753424, 1.7571428571428571, 1.6, 1.5212765957446808, 1.3068181818181819, 1.2666666666666666, 1.8709677419354838, 0.8970588235294118, 1.3636363636363635, 1.6511627906976745, 1.4545454545454546, 1.3, 1.2531645569620253, 1.28125, 0.9714285714285714, 1.5063291139240507, 1.323943661971831, 1.2753623188405796, 1.3943661971830985, 1.253968253968254, 1.3170731707317074, 1.5616438356164384, 1.4155844155844155, 1.0128205128205128, 1.0506329113924051, 0.9120879120879121, 1.0, 0.9342105263157895, 1.0491803278688525, 1.3880597014925373, 1.140625, 1.135135135135135, 0.8461538461538461, 1.2285714285714286, 0.8441558441558441, 0.7857142857142857, 2.064935064935065], "fail": [0, 4, 0, 0, 0, 10, 0, 3, 8, 2, 0, 0, 5, 2, 2, 5, 2, 0, 0, 4, 2, 0, 1, 7, 3, 1, 3, 0, 0, 0, 9, 0, 5, 0, 0, 0, 0, 0, 1, 4, 1, 4, 0, 1, 0, 4, 0, 2, 0, 1, 2, 2, 1, 1, 1], "recv_per_veh": [17.0, 55.0, 41.0, 24.0, 46.0, 103.0, 81.0, 84.0, 29.0, 69.0, 62.0, 83.0, 83.0, 89.0, 50.0, 29.0, 63.0, 52.0, 54.0, 76.0, 50.0, 56.0, 41.0, 52.0, 68.0, 62.0, 93.0, 85.0, 79.0, 56.0, 25.0, 67.0, 33.0, 49.0, 51.0, 33.0, 39.0, 43.0, 45.0, 58.0, 93.0, 54.0, 74.0, 64.0, 71.0, 26.0, 48.0, 46.0, 91.0, 53.0, 65.0, 87.0, 42.0, 92.0, 67.0, 77.0, 40.0, 64.0, 60.0, 70.0], "first_recv": {"4_0": 0, "4_2": 0, "6_2": 0, "8_0": 0, "9_1": 0, "9_0": 0, "13_0": 0, "13_2": 0, "13_1": 0, "16_0": 0, "17_2": 0, "18_0": 0, "18_1": 0, "19_0": 0, "21_1": 0, "21_0": 0, "22_1": 0, "22_0": 0, "23_0": 0, "23_2": 0, "24_0": 0, "25_1": 0, "26_1": 0, "26_0": 0, "26_2": 0, "27_0": 0, "27_1": 0, "28_1": 0, "28_0": 0, "29_0": 0, "29_1": 0, "30_1": 0, "32_0": 0, "40_1": 0, "40_0": 0, "41_1": 0, "41_0": 0, "44_2": 0, "44_1": 0, "47_1": 0, "47_0": 0, "50_0": 0, "50_1": 0, "51_1": 0, "52_0": 0, "52_1": 0, "53_1": 0, "54_0": 0, "55_1": 0, "55_2": 0, "55_0": 0, "56_2": 0, "56_1": 0, "57_1": 0, "58_0": 0, "58_2": 0, "59_0": 0, "59_2": 0, "6_1": 1, "11_2": 1, "11_1": 1, "29_2": 1, "37_1": 1, "37_2": 1, "38_1": 1, "38_2": 1, "38_0": 1, "42_1": 1, "42_0": 1, "51_0": 1, "54_1": 1, "0_0": 2, "1_1": 2, "2_0": 2, "3_2": 2, "7_2": 2, "12_0": 2, "14_0": 2, "43_0": 2, "48_2": 2, "49_0": 2, "53_0": 2, "19_1": 3, "48_1": 3, "49_1": 3, "50_2": 3, "6_0": 4, "33_1": 4, "40_2": 4, "43_1": 4, "46_1": 4, "59_1": 4, "5_1": 5, "5_0": 5, "21_2": 5, "23_1": 5, "36_1": 5, "14_2": 6, "39_0": 6, "7_1": 7, "31_1": 7, "46_2": 7, "2_2": 8, "20_1": 8, "28_2": 8, "35_0": 8, "39_2": 8, "53_2": 8, "20_2": 9, "34_1": 9, "44_0": 9, "45_1": 9, "54_2": 9, "4_1": 10, "7_0": 10, "10_1": 10, "31_2": 10, "31_0": 10, "12_1": 11, "35_1": 11, "15_0": 12, "12_2": 13, "17_0": 14, "17_1": 14, "33_2": 17, "19_2": 19, "10_0": 20, "10_2": 24, "33_0": 26, "15_2": 33}, "y_queue": [], "z_queue": [], "acc_per_veh": [0.5370000004768372, 0.40799999237060547, 0.40799999237060547, 0.42100000381469727, 0.42899999022483826, 0.38199999928474426, 0.5879999995231628, 0.4359999895095825, 0.5120000243186951, 0.460999995470047, 0.6010000109672546, 0.3700000047683716, 0.45899999141693115, 0.46799999475479126, 0.4699999988079071, 0.38499999046325684, 0.47099998593330383, 0.35600000619888306, 0.6010000109672546, 0.5070000290870667, 0.46700000762939453, 0.46000000834465027, 0.6179999709129333, 0.46000000834465027, 0.4009999930858612, 0.36000001430511475, 0.4300000071525574, 0.5389999747276306, 0.5360000133514404, 0.5759999752044678, 0.49000000953674316, 0.4790000021457672, 0.35899999737739563, 0.36500000953674316, 0.3370000123977661, 0.42399999499320984, 0.38100001215934753, 0.5429999828338623, 0.5410000085830688, 0.3790000081062317, 0.4779999852180481, 0.5139999985694885, 0.48100000619888306, 0.46299999952316284, 0.36899998784065247, 0.460999995470047, 0.3330000042915344, 0.33399999141693115, 0.6439999938011169, 0.3779999911785126, 0.5199999809265137, 0.3540000021457672, 0.3140000104904175, 0.5360000133514404, 0.3409999907016754, 0.492000013589859, 0.49000000953674316, 0.5270000100135803, 0.5529999732971191, 0.5419999957084656], "veh_meta": [{"mods": [0], "D": {"0": 900}, "Q": {"0": 0.9296273342569894}}, {"mods": [1], "D": {"1": 205}, "Q": {"1": 0.5332603873270162}}, {"mods": [0, 2], "D": {"0": 160, "2": 280}, "Q": {"0": 0.9551798633198361, "2": 0.8836897573943958}}, {"mods": [2], "D": {"2": 60}, "Q": {"2": 0.8036362253500965}}, {"mods": [0, 1, 2], "D": {"0": 399, "1": 685, "2": 410}, "Q": {"0": 0.934215372322613, "1": 0.8256628651307353, "2": 0.8788927905803693}}, {"mods": [0, 1], "D": {"0": 81, "1": 34}, "Q": {"0": 0.8081698892786238, "1": 0.8063234640631504}}, {"mods": [0, 1, 2], "D": {"0": 847, "1": 439, "2": 319}, "Q": {"0": 0.38925879901530147,