{"cfg": {"method": "Mobility-Greedy", "trace": "/Users/ckim48/Downloads/infocomsim/results/traces/trace_high_n60_s1.npz", "seed": 1, "rounds": 55, "r_v2v": 200.0, "cache_encoders": 4, "max_out": 3, "V": 50.0, "use_gat": true, "dataset": "fmnist", "phi_agg": 0.0}, "hist": {"acc": [0.10064999995132287, 0.1543999998519818, 0.27153333375851313, 0.3274500002463659, 0.35361666480700177, 0.3861833306650321, 0.3934833325445652, 0.4068666651844978, 0.42811666429042816, 0.4196999986966451, 0.43546666502952575, 0.448299998541673], "acc_round": [1, 5, 10, 15, 20, 25, 30, 35, 40, 45, 50, 55], "recv": [117, 118, 126, 119, 134, 114, 110, 119, 122, 114, 92, 120, 109, 125, 108, 114, 125, 116, 132, 115, 115, 123, 126, 113, 105, 113, 117, 117, 102, 121, 121, 122, 123, 112, 131, 114, 113, 106, 127, 101, 130, 130, 128, 128, 120, 100, 97, 103, 121, 122, 116, 121, 124, 119, 118], "succ": [117, 118, 126, 119, 134, 114, 110, 119, 122, 114, 92, 120, 109, 125, 108, 114, 125, 116, 132, 115, 115, 123, 126, 113, 105, 113, 117, 117, 102, 121, 121, 122, 123, 112, 131, 114, 113, 106, 127, 101, 130, 130, 128, 128, 120, 100, 97, 103, 121, 122, 116, 121, 124, 119, 118], "att": [134, 125, 136, 132, 137, 135, 121, 132, 128, 125, 109, 122, 125, 131, 136, 123, 137, 116, 144, 136, 125, 140, 136, 139, 113, 132, 119, 128, 120, 130, 133, 123, 139, 132, 145, 123, 132, 117, 128, 131, 135, 159, 130, 140, 129, 120, 105, 117, 128, 133, 131, 127, 139, 124, 130], "energy": [305.58086034601695, 210.81699816334114, 281.56405278562585, 211.79562709788834, 274.9322886555535, 244.2073695565827, 227.88896654687733, 243.68944414606455, 245.16695563919407, 282.88927048543, 175.28282114641533, 284.3265605367501, 255.88503882644025, 334.4773821852738, 341.12523174159645, 260.95284512028763, 379.6575096181892, 224.9333319220718, 400.74051616023644, 282.8284563200013, 309.4012550273578, 339.974235839835, 347.16911344084764, 366.070114031705, 225.19758201388882, 302.25918130248203, 235.04318549753037, 303.4977605679793, 265.6395451323082, 295.7262978770064, 299.28160621698703, 257.0362060413195, 355.6345390639026, 299.46364404819735, 330.9918427210821, 247.19434397199421, 316.0235040980567, 221.11577318361248, 279.97259061072424, 250.33223468369917, 285.1920306651916, 330.89115933833864, 262.2305588742491, 293.39566987981027, 281.1022749571543, 276.6074679939645, 243.52098895660313, 280.4494469939894, 273.2515745706216, 302.1019811450049, 301.79047369642836, 266.9982617452862, 326.67112200217775, 260.51702195135863, 320.5258073913102], "coverage": [0.49230769230769234, 0.6307692307692307, 0.7538461538461538, 0.7769230769230769, 0.8461538461538461, 0.8769230769230769, 0.9153846153846154, 0.9307692307692308, 0.9384615384615385, 0.9538461538461539, 0.9692307692307692, 0.9769230769230769, 0.9769230769230769, 0.9846153846153847, 0.9923076923076923, 0.9923076923076923, 1.0, 1.0, 1.0, 1.0, 1.0, 1.0, 1.0, 1.0, 1.0, 1.0, 1.0, 1.0, 1.0, 1.0, 1.0, 1.0, 1.0, 1.0, 1.0, 1.0, 1.0, 1.0, 1.0, 1.0, 1.0, 1.0, 1.0, 1.0, 1.0, 1.0, 1.0, 1.0, 1.0, 1.0, 1.0, 1.0, 1.0, 1.0, 1.0], "staleness": [0.0, 0.3305084745762712, 0.5, 0.6050420168067226, 0.8134328358208955, 1.0087719298245614, 1.0727272727272728, 1.1596638655462186, 1.2704918032786885, 1.087719298245614, 1.4021739130434783, 1.4166666666666667, 1.4220183486238531, 1.512, 1.0925925925925926, 1.043859649122807, 0.928, 1.1896551724137931, 1.0227272727272727, 1.1043478260869566, 1.0782608695652174, 1.113821138211382, 1.0634920634920635, 1.0619469026548674, 1.0380952380952382, 1.0265486725663717, 1.1538461538461537, 0.9401709401709402, 0.8921568627450981, 1.1074380165289257, 1.1735537190082646, 1.1639344262295082, 1.2682926829268293, 1.3392857142857142, 1.4122137404580153, 1.1578947368421053, 1.2566371681415929, 1.0377358490566038, 1.188976377952756, 1.0693069306930694, 1.2923076923076924, 1.1153846153846154, 1.1171875, 1.1171875, 1.1833333333333333, 1.17, 1.2164948453608246, 1.3786407766990292, 1.1983471074380165, 1.3114754098360655, 1.293103448275862, 1.3471074380165289, 1.2338709677419355, 1.1260504201680672, 1.1440677966101696], "fail": [17, 7, 10, 13, 3, 21, 11, 13, 6, 11, 17, 2, 16, 6, 28, 9, 12, 0, 12, 21, 10, 17, 10, 26, 8, 19, 2, 11, 18, 9, 12, 1, 16, 20, 14, 9, 19, 11, 1, 30, 5, 29, 2, 12, 9, 20, 8, 14, 7, 11, 15, 6, 15, 5, 12], "recv_per_veh": [45.0, 122.0, 107.0, 69.0, 58.0, 152.0, 56.0, 76.0, 65.0, 121.0, 64.0, 180.0, 43.0, 97.0, 98.0, 60.0, 99.0, 117.0, 81.0, 124.0, 134.0, 102.0, 40.0, 41.0, 49.0, 87.0, 54.0, 108.0, 53.0, 94.0, 86.0, 78.0, 124.0, 58.0, 129.0, 133.0, 125.0, 64.0, 43.0, 52.0, 87.0, 123.0, 124.0, 57.0, 124.0, 146.0, 82.0, 38.0, 68.0, 50.0, 102.0, 119.0, 171.0, 117.0, 89.0, 75.0, 35.0, 72.0, 59.0, 85.0], "first_recv": {"0_0": 0, "1_1": 0, "3_2": 0, "4_0": 0, "5_1": 0, "7_1": 0, "8_0": 0, "9_1": 0, "11_2": 0, "13_0": 0, "13_2": 0, "13_1": 0, "14_2": 0, "16_0": 0, "17_2": 0, "18_0": 0, "18_1": 0, "19_1": 0, "20_2": 0, "20_1": 0, "21_1": 0, "21_0": 0, "22_1": 0, "23_0": 0, "23_2": 0, "24_0": 0, "25_1": 0, "26_2": 0, "27_0": 0, "27_1": 0, "28_1": 0, "29_0": 0, "30_1": 0, "32_0": 0, "34_1": 0, "35_0": 0, "36_1": 0, "37_1": 0, "38_1": 0, "39_0": 0, "41_0": 0, "41_1": 0, "42_1": 0, "44_2": 0, "44_1": 0, "45_1": 0, "48_2": 0, "49_0": 0, "49_1": 0, "50_0": 0, "50_1": 0, "51_0": 0, "51_1": 0, "52_1": 0, "52_0": 0, "53_1": 0, "54_1": 0, "55_1": 0, "55_2": 0, "55_0": 0, "56_2": 0, "57_1": 0, "58_2": 0, "58_0": 0, "4_1": 1, "6_2": 1, "7_2": 1, "10_1": 1, "10_0": 1, "11_1": 1, "12_0": 1, "19_2": 1, "22_0": 1, "29_1": 1, "39_2": 1, "40_0": 1, "40_1": 1, "44_0": 1, "47_0": 1, "48_1": 1, "59_2": 1, "59_0": 1, "2_0": 2, "6_1": 2, "19_0": 2, "26_1": 2, "28_0": 2, "31_0": 2, "31_1": 2, "33_1": 2, "35_1": 2, "38_2": 2, "38_0": 2, "40_2": 2, "42_0": 2, "43_0": 2, "47_1": 2, "56_1": 2, "23_1": 3, "33_2": 3, "33_0": 3, "4_2": 4, "7_0": 4, "12_1": 4, "15_0": 4, "15_2": 4, "17_0": 4, "21_2": 4, "43_1": 4, "46_2": 4, "6_0": 5, "10_2": 5, "28_2": 5, "59_1": 5, "5_0": 6, "31_2": 6, "37_2": 6, "46_1": 6, "50_2": 6, "26_0": 7, "54_2": 7, "29_2": 8, "2_2": 9, "14_0": 9, "53_2": 10, "53_0": 10, "9_0": 11, "17_1": 13, "12_2": 14, "54_0": 16}, "y_queue": [], "z_queue": [], "acc_per_veh": [0.5109999775886536, 0.42399999499320984, 0.35199999809265137, 0.37400001287460327, 0.43799999356269836, 0.4230000078678131, 0.5090000033378601, 0.4059999883174896, 0.4429999887943268, 0.3970000147819519, 0.6010000109672546, 0.460999995470047, 0.4740000069141388, 0.4490000009536743, 0.41100001335144043, 0.4020000100135803, 0.45899999141693115, 0.3479999899864197, 0.5559999942779541, 0.46799999475479126, 0.3970000147819519, 0.43799999356269836, 0.5339999794960022, 0.5099999904632568, 0.3779999911785126, 0.296999990940094, 0.46799999475479126, 0.5540000200271606, 0.6069999933242798, 0.6019999980926514, 0.48500001430511475, 0.4339999854564667, 0.3659999966621399, 0.35499998927116394, 0.33399999141693115, 0.38499999046325684, 0.3009999990463257, 0.5370000004768372, 0.5230000019073486, 0.3230000138282776, 0.3869999945163727, 0.46299999952316284, 0.4580000042915344, 0.49900001287460327, 0.34599998593330383, 0.5130000114440918, 0.41999998688697815, 0.335999995470047, 0.6520000100135803, 0.3190000057220459, 0.5479999780654907, 0.3409999907016754, 0.4009999930858612, 0.5440000295639038, 0.3409999907016754, 0.5149999856948853, 0.5690000057220459, 0.4690000116825104, 0.5139999985694885, 0.5289999842643738], "veh_meta": [{"mods": [0], "D": {"0": 900}, "Q": {"0": 0.9296273342569894}}, {"mods": [1], "D": {"1": 205}, "Q": {"1": 0.5332603873270162}}, {"mods": [0, 2], "D": {"0": 160, "2": 280}, "Q": {"0": 0.9551798633198361, "2": 0.8836897573943958}}, {"mods": [2], "D": {"2": 60}, "Q": {"2": 0.8036362253500965}}, {"mods": [0, 1, 2], "D": {"0": 399, "1": 685, "2": 410}, "Q": {"0": 0.934215372322613, "1": 0.8256628651307353, "2": 0.8788927905803693}}, {"mods": [0, 1], "D": {"0": 81, "1": 34}, "Q": {"0": 0.8081698892786238, "1": 0.8063234640631504}}, {"mods": [0, 1, 2], "D": {"0": 847, "1": 439, "2": 319},