{"cfg": {"method": "Mobility-Greedy", "trace": "/Users/ckim48/Downloads/infocomsim/results/traces/trace_med_n60_s1.npz", "seed": 1, "rounds": 55, "r_v2v": 300.0, "cache_encoders": 4, "max_out": 3, "V": 50.0, "use_gat": true}, "hist": {"acc": [0.10019999990860622, 0.14833333243926367, 0.2763166672239701, 0.32540000130732855, 0.356333331267039, 0.3777500030895074, 0.39784999961654344, 0.4163499988615513, 0.4336166645089785, 0.44455000112454096, 0.4602666661143303, 0.4691833332180977], "acc_round": [1, 5, 10, 15, 20, 25, 30, 35, 40, 45, 50, 55], "recv": [134, 123, 124, 122, 143, 109, 120, 121, 129, 116, 120, 113, 121, 130, 112, 122, 117, 136, 138, 119, 132, 123, 137, 117, 118, 109, 126, 130, 138, 139, 134, 142, 120, 126, 117, 138, 128, 123, 141, 132, 138, 102, 116, 118, 122, 110, 115, 125, 132, 132, 102, 117, 111, 118, 114], "succ": [134, 123, 124, 122, 143, 109, 120, 121, 129, 116, 120, 113, 121, 130, 112, 122, 117, 136, 138, 119, 132, 123, 137, 117, 118, 109, 126, 130, 138, 139, 134, 142, 120, 126, 117, 138, 128, 123, 141, 132, 138, 102, 116, 118, 122, 110, 115, 125, 132, 132, 102, 117, 111, 118, 114], "att": [157, 135, 160, 154, 153, 159, 145, 156, 146, 152, 137, 150, 161, 144, 161, 144, 165, 144, 163, 136, 154, 145, 148, 157, 138, 150, 135, 158, 151, 163, 163, 157, 160, 152, 155, 144, 148, 142, 162, 161, 157, 163, 135, 154, 141, 145, 131, 145, 156, 158, 159, 136, 163, 140, 150], "energy": [567.2837869450134, 384.52686001254847, 658.1351880503491, 551.9870965751661, 556.3818079079953, 582.4516430605898, 468.9834524197948, 550.3192079796776, 442.97435220759075, 603.5352985635616, 350.5923243698926, 563.1659020637671, 615.3843528710622, 533.0787726681586, 647.2993617615141, 553.6599434385471, 647.5112742992411, 517.9177835139066, 572.2893815356566, 435.35867067190173, 587.8501030215078, 523.7976895616956, 463.3458672459392, 581.6396196653515, 470.2433360667546, 561.4549783553458, 446.11763869752565, 627.1555219027965, 419.2987228733225, 692.1426084184192, 626.2294423948741, 571.8317301649719, 571.1936294559175, 572.2702855439125, 715.1208744883639, 520.5578471413907, 625.0886572786485, 434.0528077046422, 612.5423763549712, 566.7530204520333, 679.7819840606786, 629.3697739759193, 422.95741580395367, 528.289593585424, 480.36874329162964, 540.2825026751656, 436.9538926450953, 698.898736214279, 644.0643170609868, 668.8921708196028, 624.7022757952992, 543.5871868986611, 618.5144954026591, 442.2209520687781, 548.0500837668744], "coverage": [0.46923076923076923, 0.6, 0.7384615384615385, 0.7538461538461538, 0.7923076923076923, 0.8076923076923077, 0.8538461538461538, 0.8615384615384616, 0.8692307692307693, 0.9, 0.9384615384615385, 0.9384615384615385, 0.9461538461538461, 0.9461538461538461, 0.9461538461538461, 0.9538461538461539, 0.9538461538461539, 0.9538461538461539, 0.9615384615384616, 0.9615384615384616, 0.9615384615384616, 0.9615384615384616, 0.9692307692307692, 0.9692307692307692, 0.9692307692307692, 0.9692307692307692, 0.9769230769230769, 0.9769230769230769, 0.9769230769230769, 0.9769230769230769, 0.9769230769230769, 0.9769230769230769, 0.9769230769230769, 0.9769230769230769, 0.9769230769230769, 0.9769230769230769, 0.9769230769230769, 0.9769230769230769, 0.9846153846153847, 0.9846153846153847, 0.9846153846153847, 0.9846153846153847, 0.9846153846153847, 0.9846153846153847, 0.9846153846153847, 0.9846153846153847, 0.9846153846153847, 0.9846153846153847, 0.9846153846153847, 0.9846153846153847, 0.9846153846153847, 0.9846153846153847, 0.9923076923076923, 0.9923076923076923, 0.9923076923076923], "staleness": [0.0, 0.3333333333333333, 0.532258064516129, 0.6065573770491803, 0.7342657342657343, 0.8256880733944955, 0.7666666666666667, 1.0743801652892562, 1.0387596899224807, 0.8879310344827587, 0.8333333333333334, 0.9203539823008849, 1.0826446280991735, 1.0769230769230769, 1.0267857142857142, 1.1229508196721312, 1.0854700854700854, 0.9044117647058824, 1.0, 1.0252100840336134, 0.9772727272727273, 1.0731707317073171, 1.1532846715328466, 1.2564102564102564, 0.940677966101695, 0.963302752293578, 1.1349206349206349, 1.1846153846153846, 1.1231884057971016, 1.0287769784172662, 0.9477611940298507, 0.8450704225352113, 0.95, 1.0158730158730158, 1.0769230769230769, 1.1376811594202898, 0.9765625, 1.0, 0.8226950354609929, 1.0757575757575757, 0.8043478260869565, 0.8725490196078431, 0.9827586206896551, 0.9661016949152542, 0.9672131147540983, 0.8727272727272727, 0.7478260869565218, 0.896, 1.0151515151515151, 1.0075757575757576, 0.7450980392156863, 0.9316239316239316, 1.054054054054054, 0.9152542372881356, 1.0087719298245614], "fail": [23, 12, 36, 32, 10, 50, 25, 35, 17, 36, 17, 37, 40, 14, 49, 22, 48, 8, 25, 17, 22, 22, 11, 40, 20, 41, 9, 28, 13, 24, 29, 15, 40, 26, 38, 6, 20, 19, 21, 29, 19, 61, 19, 36, 19, 35, 16, 20, 24, 26, 57, 19, 52, 22, 36], "recv_per_veh": [24.0, 149.0, 83.0, 163.0, 29.0, 232.0, 76.0, 78.0, 55.0, 152.0, 25.0, 206.0, 51.0, 124.0, 68.0, 95.0, 184.0, 139.0, 48.0, 165.0, 201.0, 70.0, 20.0, 44.0, 79.0, 163.0, 66.0, 211.0, 33.0, 70.0, 98.0, 37.0, 130.0, 70.0, 202.0, 91.0, 150.0, 80.0, 57.0, 58.0, 64.0, 105.0, 148.0, 64.0, 135.0, 119.0, 90.0, 7.0, 101.0, 54.0, 46.0, 105.0, 86.0, 101.0, 88.0, 37.0, 39.0, 84.0, 64.0, 36.0], "first_recv": {"0_0": 0, "1_1": 0, "3_2": 0, "4_0": 0, "5_1": 0, "5_0": 0, "7_2": 0, "8_0": 0, "9_1": 0, "11_2": 0, "11_1": 0, "13_0": 0, "13_2": 0, "13_1": 0, "14_2": 0, "15_2": 0, "16_0": 0, "17_2": 0, "18_0": 0, "18_1": 0, "19_1": 0, "20_2": 0, "20_1": 0, "23_0": 0, "23_2": 0, "24_0": 0, "25_1": 0, "26_0": 0, "27_0": 0, "29_0": 0, "29_1": 0, "30_1": 0, "31_1": 0, "32_0": 0, "34_1": 0, "35_0": 0, "36_1": 0, "37_1": 0, "41_0": 0, "42_1": 0, "43_1": 0, "44_2": 0, "45_1": 0, "46_2": 0, "48_2": 0, "49_0": 0, "49_1": 0, "50_0": 0, "51_0": 0, "51_1": 0, "52_1": 0, "52_0": 0, "53_1": 0, "54_0": 0, "54_2": 0, "55_1": 0, "55_2": 0, "55_0": 0, "57_1": 0, "58_2": 0, "58_0": 0, "4_1": 1, "6_2": 1, "12_0": 1, "21_1": 1, "21_0": 1, "21_2": 1, "28_1": 1, "35_1": 1, "40_0": 1, "40_1": 1, "41_1": 1, "42_0": 1, "44_0": 1, "50_1": 1, "56_2": 1, "56_1": 1, "59_0": 1, "2_0": 2, "6_1": 2, "10_1": 2, "10_0": 2, "12_1": 2, "15_0": 2, "17_0": 2, "26_2": 2, "33_1": 2, "33_0": 2, "37_2": 2, "38_1": 2, "38_2": 2, "39_0": 2, "40_2": 2, "43_0": 2, "46_1": 2, "53_0": 2, "4_2": 3, "29_2": 3, "7_0": 4, "28_2": 4, "38_0": 4, "39_2": 4, "48_1": 4, "2_2": 5, "59_2": 5, "22_1": 6, "26_1": 6, "28_0": 6, "33_2": 6, "44_1": 6, "47_0": 6, "53_2": 7, "23_1": 8, "9_0": 9, "12_2": 9, "31_2": 9, "50_2": 9, "7_1": 10, "10_2": 10, "22_0": 10, "31_0": 10, "54_1": 10, "6_0": 12, "17_1": 15, "27_1": 18, "14_0": 22, "19_0": 26, "47_1": 38, "19_2": 52}, "y_queue": [], "z_queue": [], "acc_per_veh": [0.5899999737739563, 0.4359999895095825, 0.34200000762939453, 0.40299999713897705, 0.4350000023841858, 0.3959999978542328, 0.6549999713897705, 0.40799999237060547, 0.4620000123977661, 0.47699999809265137, 0.6589999794960022, 0.4020000100135803, 0.49000000953674316, 0.45399999618530273, 0.49300000071525574, 0.4189999997615814, 0.4440000057220459, 0.32899999618530273, 0.6060000061988831, 0.48100000619888306, 0.43700000643730164, 0.4880000054836273, 0.640999972820282, 0.4699999988079071, 0.38499999046325684, 0.3840000033378601, 0.45899999141693115, 0.5550000071525574, 0.5950000286102295, 0.6010000109672546, 0.46299999952316284, 0.5189999938011169, 0.3779999911785126, 0.2840000092983246, 0.36899998784065247, 0.4569999873638153, 0.31299999356269836, 0.5860000252723694, 0.5189999938011169, 0.42100000381469727, 0.48500001430511475, 0.5080000162124634, 0.460999995470047, 0.5180000066757202, 0.3630000054836273, 0.4959999918937683, 0.42100000381469727, 0.3400000035762787, 0.6629999876022339, 0.3619999885559082, 0.5600000023841858, 0.3700000047683716, 0.3930000066757202, 0.47099998593330383, 0.3659999966621399, 0.4950000047683716, 0.597000002861023, 0.4480000138282776, 0.5059999823570251, 0.6230000257492065], "veh_meta": [{"mods": [0], "D": {"0": 900}, "Q": {"0": 0.9296273342569894}}, {"mods": [1],