{"cfg": {"method": "Mobility-Greedy", "trace": "/Users/ckim48/Downloads/infocomsim/results/traces/trace_med_n60_s1.npz", "seed": 1, "rounds": 55, "r_v2v": 150.0, "cache_encoders": 4, "max_out": 3, "V": 50.0, "use_gat": true}, "hist": {"acc": [0.10023333330949148, 0.15873333277801674, 0.2751666660110156, 0.3234499990940094, 0.36139999851584437, 0.3766000022490819, 0.3788166662057241, 0.3931333358089129, 0.4116833304365476, 0.4260333334406217, 0.4441166671613852, 0.45708333402872087], "acc_round": [1, 5, 10, 15, 20, 25, 30, 35, 40, 45, 50, 55], "recv": [101, 99, 111, 105, 87, 101, 96, 116, 97, 101, 86, 90, 78, 91, 89, 96, 107, 92, 106, 92, 120, 110, 116, 96, 92, 94, 79, 111, 91, 119, 110, 121, 99, 95, 97, 104, 97, 79, 111, 105, 104, 93, 98, 100, 109, 101, 87, 97, 92, 107, 90, 98, 111, 88, 97], "succ": [101, 99, 111, 105, 87, 101, 96, 116, 97, 101, 86, 90, 78, 91, 89, 96, 107, 92, 106, 92, 120, 110, 116, 96, 92, 94, 79, 111, 91, 119, 110, 121, 99, 95, 97, 104, 97, 79, 111, 105, 104, 93, 98, 100, 109, 101, 87, 97, 92, 107, 90, 98, 111, 88, 97], "att": [111, 101, 119, 116, 87, 107, 97, 119, 99, 114, 95, 94, 88, 91, 104, 99, 110, 97, 109, 96, 121, 117, 121, 127, 98, 100, 88, 118, 106, 123, 131, 123, 123, 104, 99, 108, 99, 85, 113, 116, 115, 120, 98, 109, 111, 108, 91, 100, 105, 113, 113, 108, 112, 91, 99], "energy": [196.37211389620634, 111.08439296685128, 160.2798053130211, 134.39281392013038, 89.406946819521, 135.17603529528574, 109.24533031152335, 160.73979495066163, 113.58488308824519, 179.50133865611537, 112.85418808862008, 143.85839931480086, 121.57154588427878, 149.2702857457565, 179.2598240119784, 162.00414283596572, 171.0802474422946, 144.73124761225654, 147.35995357960513, 139.95304107416013, 210.3253210377989, 157.10525290095853, 190.59345645205184, 204.83757633759433, 148.4248710945145, 181.3495582245569, 121.23145967132595, 176.6925310311542, 117.19854522465006, 201.49131890957244, 192.15483133384402, 198.3404393970027, 190.39570650709658, 136.18992471855623, 137.56105297464475, 175.0962461311079, 139.63830052473782, 124.32783439228488, 180.60867782726496, 158.8680530138215, 200.06415097263837, 182.48045575792355, 120.17928151422258, 158.72375821640398, 161.21661784930774, 153.14349482343752, 107.50963257391935, 164.42254620897918, 189.7578927401678, 217.73411771657237, 214.9234497372126, 175.79462203485252, 154.76221841334538, 121.23561526067199, 165.36366960685217], "coverage": [0.4846153846153846, 0.6, 0.7153846153846154, 0.7307692307692307, 0.7923076923076923, 0.8769230769230769, 0.8923076923076924, 0.9076923076923077, 0.9461538461538461, 0.9615384615384616, 0.9615384615384616, 0.9769230769230769, 0.9769230769230769, 0.9846153846153847, 0.9846153846153847, 0.9923076923076923, 0.9923076923076923, 0.9923076923076923, 0.9923076923076923, 0.9923076923076923, 1.0, 1.0, 1.0, 1.0, 1.0, 1.0, 1.0, 1.0, 1.0, 1.0, 1.0, 1.0, 1.0, 1.0, 1.0, 1.0, 1.0, 1.0, 1.0, 1.0, 1.0, 1.0, 1.0, 1.0, 1.0, 1.0, 1.0, 1.0, 1.0, 1.0, 1.0, 1.0, 1.0, 1.0, 1.0], "staleness": [0.0, 0.29292929292929293, 0.5135135135135135, 0.7714285714285715, 0.8850574712643678, 1.316831683168317, 1.1145833333333333, 1.2155172413793103, 1.0206185567010309, 1.3564356435643565, 1.1162790697674418, 1.4222222222222223, 1.294871794871795, 1.5274725274725274, 1.2247191011235956, 1.1770833333333333, 1.1962616822429906, 1.315217391304348, 1.4150943396226414, 1.5978260869565217, 1.7583333333333333, 1.4454545454545455, 1.4051724137931034, 1.0104166666666667, 1.3804347826086956, 1.2872340425531914, 1.1898734177215189, 1.5405405405405406, 1.1868131868131868, 1.2352941176470589, 1.009090909090909, 1.0991735537190082, 1.3333333333333333, 1.4947368421052631, 1.268041237113402, 1.1826923076923077, 1.268041237113402, 1.1645569620253164, 1.1081081081081081, 1.2095238095238094, 1.0, 1.3440860215053763, 1.2346938775510203, 1.13, 0.9357798165137615, 0.9108910891089109, 0.7701149425287356, 1.3195876288659794, 1.423913043478261, 1.2523364485981308, 1.4222222222222223, 1.336734693877551, 1.3063063063063063, 1.3977272727272727, 1.6185567010309279], "fail": [10, 2, 8, 11, 0, 6, 1, 3, 2, 13, 9, 4, 10, 0, 15, 3, 3, 5, 3, 4, 1, 7, 5, 31, 6, 6, 9, 7, 15, 4, 21, 2, 24, 9, 2, 4, 2, 6, 2, 11, 11, 27, 0, 9, 2, 7, 4, 3, 13, 6, 23, 10, 1, 3, 2], "recv_per_veh": [22.0, 76.0, 55.0, 46.0, 75.0, 123.0, 88.0, 102.0, 43.0, 102.0, 60.0, 124.0, 99.0, 103.0, 61.0, 46.0, 85.0, 82.0, 65.0, 109.0, 91.0, 79.0, 53.0, 79.0, 78.0, 88.0, 74.0, 117.0, 75.0, 81.0, 39.0, 81.0, 64.0, 72.0, 101.0, 59.0, 70.0, 56.0, 46.0, 73.0, 100.0, 77.0, 99.0, 85.0, 101.0, 50.0, 77.0, 50.0, 111.0, 59.0, 70.0, 108.0, 62.0, 120.0, 88.0, 80.0, 55.0, 85.0, 75.0, 76.0], "first_recv": {"0_0": 0, "4_0": 0, "5_1": 0, "6_2": 0, "8_0": 0, "9_1": 0, "9_0": 0, "13_0": 0, "13_2": 0, "13_1": 0, "14_2": 0, "16_0": 0, "17_2": 0, "18_0": 0, "18_1": 0, "19_1": 0, "19_0": 0, "20_1": 0, "21_1": 0, "21_0": 0, "22_1": 0, "22_0": 0, "23_0": 0, "23_2": 0, "24_0": 0, "25_1": 0, "26_2": 0, "27_0": 0, "27_1": 0, "28_1": 0, "29_0": 0, "29_1": 0, "30_1": 0, "32_0": 0, "36_1": 0, "38_1": 0, "38_2": 0, "40_0": 0, "41_1": 0, "41_0": 0, "42_1": 0, "44_2": 0, "44_1": 0, "47_1": 0, "47_0": 0, "49_0": 0, "50_0": 0, "50_1": 0, "51_0": 0, "51_1": 0, "52_0": 0, "52_1": 0, "53_1": 0, "54_0": 0, "54_1": 0, "55_1": 0, "55_2": 0, "55_0": 0, "56_2": 0, "57_1": 0, "58_0": 0, "58_2": 0, "59_2": 0, "3_2": 1, "11_2": 1, "11_1": 1, "12_0": 1, "19_2": 1, "29_2": 1, "34_1": 1, "37_1": 1, "37_2": 1, "40_1": 1, "42_0": 1, "44_0": 1, "45_1": 1, "49_1": 1, "59_0": 1, "1_1": 2, "2_0": 2, "6_1": 2, "7_2": 2, "26_1": 2, "28_0": 2, "33_1": 2, "33_0": 2, "33_2": 2, "38_0": 2, "40_2": 2, "43_0": 2, "48_2": 2, "53_0": 2, "56_1": 2, "35_0": 3, "39_0": 3, "4_2": 4, "7_0": 4, "7_1": 4, "21_2": 4, "43_1": 4, "46_1": 4, "48_1": 4, "59_1": 4, "2_2": 5, "5_0": 5, "6_0": 5, "10_1": 5, "15_0": 5, "15_2": 5, "17_0": 5, "23_1": 5, "28_2": 5, "46_2": 5, "53_2": 5, "31_1": 6, "35_1": 6, "31_0": 7, "54_2": 7, "12_1": 8, "12_2": 8, "20_2": 8, "31_2": 8, "39_2": 8, "10_2": 9, "14_0": 9, "17_1": 11, "50_2": 11, "4_1": 13, "26_0": 15, "10_0": 20}, "y_queue": [], "z_queue": [], "acc_per_veh": [0.5419999957084656, 0.41499999165534973, 0.33500000834465027, 0.34299999475479126, 0.4050000011920929, 0.3959999978542328, 0.6069999933242798, 0.4009999930858612, 0.4690000116825104, 0.4480000138282776, 0.5830000042915344, 0.414000004529953, 0.3970000147819519, 0.4790000021457672, 0.4480000138282776, 0.33500000834465027, 0.460999995470047, 0.3499999940395355, 0.6269999742507935, 0.4269999861717224, 0.43299999833106995, 0.5019999742507935, 0.5609999895095825, 0.4790000021457672, 0.4050000011920929, 0.328000009059906, 0.47099998593330383, 0.5440000295639038, 0.6200000047683716, 0.5979999899864197, 0.5130000114440918, 0.453000009059906, 0.39800000190734863, 0.34599998593330383, 0.38600000739097595, 0.46700000762939453, 0.3199999928474426, 0.5630000233650208, 0.49399998784065247, 0.37599998712539673, 0.5289999842643738, 0.5410000085830688, 0.43799999356269836, 0.49900001287460327, 0.34200000762939453, 0.5260000228881836, 0.3889999985694885, 0.33000001311302185, 0.6359999775886536, 0.38199999928474426, 0.4869999885559082, 0.3880000114440918, 0.4169999957084656, 0.492000013589859, 0.3889999985694885, 0.4440000057220459, 0.5649999976158142, 0.492000013589859, 0.47699999809265137, 0.5230000019073486], "veh_meta": [{"mods": [0], "D": {"0": 900}, "Q": {"0": 0.9296273342569894}}, {"mods": [1], "D": {"1": 205}, "Q": {"1": 0.5332603873270162}}, {"mods": [0, 2], "D": {"0": 160, "2": 280}, "Q": {"0": 0.9551798633198361, "2": 0.8836897573943958}}, {"mods": [2], "D": {"2": 60}, "Q": {"2": 0.8036362253500965}}, {"mods": [0, 1, 2], "D": {"0": 399, "1": 685, "2": 410}, "Q": {"0": 0.934215372322613, "1": 0.8256628651307353, "2": 0.8788927905803693}}, {"mods": [0, 1], "D": {"0": 81, "1": 34}, "Q": {"0": 0.8081698892786238, "1": 0.8063234640631504}}, {"mods": [0, 1, 2], "D": {"0": 847, "1": 439, "2": 319}, "Q": {"0": 0.38925879901530147, "1": 0.47256585286563746,