{"cfg": {"method": "Mobility-Greedy", "trace": "/Users/ckim48/Downloads/infocomsim/results/traces/trace_low_n60_s1.npz", "seed": 1, "rounds": 55, "r_v2v": 200.0, "cache_encoders": 4, "max_out": 3, "V": 50.0, "use_gat": true, "dataset": "fmnist", "phi_agg": 0.0}, "hist": {"acc": [0.10339999968806902, 0.15384999923408033, 0.27278333393236004, 0.31998333260416983, 0.3443333342671394, 0.37286666631698606, 0.3768333335717519, 0.4018833339214325, 0.4103500003616015, 0.43326666702826816, 0.4506166671713193, 0.4599166666467985], "acc_round": [1, 5, 10, 15, 20, 25, 30, 35, 40, 45, 50, 55], "recv": [116, 119, 129, 114, 124, 105, 107, 122, 115, 103, 83, 108, 93, 104, 99, 117, 117, 112, 111, 93, 127, 111, 116, 103, 113, 108, 109, 107, 113, 123, 110, 124, 91, 113, 115, 96, 107, 92, 115, 107, 128, 98, 101, 110, 120, 122, 115, 137, 121, 131, 111, 104, 108, 110, 108], "succ": [116, 119, 129, 114, 124, 105, 107, 122, 115, 103, 83, 108, 93, 104, 99, 117, 117, 112, 111, 93, 127, 111, 116, 103, 113, 108, 109, 107, 113, 123, 110, 124, 91, 113, 115, 96, 107, 92, 115, 107, 128, 98, 101, 110, 120, 122, 115, 137, 121, 131, 111, 104, 108, 110, 108], "att": [136, 123, 133, 129, 126, 135, 124, 136, 122, 124, 97, 120, 108, 116, 124, 122, 135, 115, 131, 114, 138, 132, 123, 138, 127, 131, 117, 120, 123, 131, 142, 138, 128, 117, 127, 108, 131, 108, 131, 130, 130, 138, 112, 140, 130, 133, 126, 146, 144, 138, 140, 113, 122, 120, 128], "energy": [295.6304878371871, 183.88959072585257, 259.34135238630654, 201.3237895287007, 252.95651166975108, 261.72329533455303, 236.6205693011754, 278.06048494784307, 228.84626942909767, 317.49933749753336, 178.7784655741341, 268.71273536191364, 206.13358339824705, 268.8272812666742, 285.02904044067697, 297.52664557566635, 300.54429702325143, 229.85903410773903, 311.0434893745721, 216.84004324804494, 337.38034769364737, 292.2813224060658, 290.28262879376797, 276.5354366638527, 266.7494500236385, 266.3156449429485, 224.9370065387223, 287.2327970677804, 199.3240366951762, 276.3549164676779, 266.89081650596773, 280.1914321184881, 278.41768774521324, 233.10759505444358, 290.1480723423755, 219.3271637936615, 293.86675181117187, 188.7152773925347, 319.7750051744881, 275.1484774953613, 321.4684747436851, 343.1092574770131, 224.3658285682945, 327.2145435916544, 293.3393505180513, 338.1574862210749, 250.3799902232673, 349.0113530790946, 274.84500125268914, 297.89277601380047, 299.15700297986285, 203.54661618818744, 220.06005177593784, 220.0264389301171, 336.6202201027503], "coverage": [0.4846153846153846, 0.6384615384615384, 0.7692307692307693, 0.8, 0.8692307692307693, 0.8923076923076924, 0.9153846153846154, 0.9384615384615385, 0.9615384615384616, 0.9769230769230769, 0.9769230769230769, 0.9769230769230769, 0.9769230769230769, 0.9846153846153847, 0.9923076923076923, 0.9923076923076923, 0.9923076923076923, 0.9923076923076923, 0.9923076923076923, 0.9923076923076923, 0.9923076923076923, 0.9923076923076923, 0.9923076923076923, 0.9923076923076923, 1.0, 1.0, 1.0, 1.0, 1.0, 1.0, 1.0, 1.0, 1.0, 1.0, 1.0, 1.0, 1.0, 1.0, 1.0, 1.0, 1.0, 1.0, 1.0, 1.0, 1.0, 1.0, 1.0, 1.0, 1.0, 1.0, 1.0, 1.0, 1.0, 1.0, 1.0], "staleness": [0.0, 0.3445378151260504, 0.6201550387596899, 0.7192982456140351, 0.7903225806451613, 1.0571428571428572, 1.1495327102803738, 1.2622950819672132, 1.382608695652174, 1.087378640776699, 1.2048192771084338, 1.212962962962963, 1.3118279569892473, 1.4134615384615385, 1.1919191919191918, 1.2735042735042734, 1.1452991452991452, 1.0803571428571428, 1.2162162162162162, 1.10752688172043, 1.2677165354330708, 1.1441441441441442, 1.4482758620689655, 1.0776699029126213, 1.168141592920354, 0.9537037037037037, 0.8807339449541285, 1.205607476635514, 1.0973451327433628, 1.3008130081300813, 1.3454545454545455, 1.3790322580645162, 1.5054945054945055, 1.2831858407079646, 1.0608695652173914, 1.1354166666666667, 1.411214953271028, 1.25, 1.4869565217391305, 1.1962616822429906, 1.203125, 1.010204081632653, 0.9702970297029703, 0.8545454545454545, 1.0916666666666666, 0.9016393442622951, 0.8782608695652174, 0.9708029197080292, 1.0, 0.9847328244274809, 1.054054054054054, 1.2019230769230769, 1.2314814814814814, 1.1545454545454545, 1.2777777777777777], "fail": [20, 4, 4, 15, 2, 30, 17, 14, 7, 21, 14, 12, 15, 12, 25, 5, 18, 3, 20, 21, 11, 21, 7, 35, 14, 23, 8, 13, 10, 8, 32, 14, 37, 4, 12, 12, 24, 16, 16, 23, 2, 40, 11, 30, 10, 11, 11, 9, 23, 7, 29, 9, 14, 10, 20], "recv_per_veh": [59.0, 93.0, 85.0, 110.0, 54.0, 137.0, 80.0, 90.0, 57.0, 120.0, 35.0, 113.0, 64.0, 106.0, 65.0, 73.0, 79.0, 136.0, 57.0, 120.0, 168.0, 71.0, 48.0, 59.0, 71.0, 102.0, 52.0, 150.0, 84.0, 100.0, 107.0, 81.0, 72.0, 101.0, 117.0, 111.0, 50.0, 98.0, 53.0, 61.0, 91.0, 146.0, 124.0, 56.0, 117.0, 81.0, 61.0, 23.0, 89.0, 41.0, 72.0, 127.0, 156.0, 115.0, 71.0, 51.0, 56.0, 71.0, 87.0, 68.0], "first_recv": {"1_1": 0, "3_2": 0, "4_0": 0, "5_1": 0, "7_1": 0, "8_0": 0, "9_1": 0, "11_2": 0, "13_0": 0, "13_2": 0, "13_1": 0, "14_2": 0, "16_0": 0, "17_2": 0, "18_0": 0, "18_1": 0, "19_2": 0, "19_1": 0, "20_2": 0, "20_1": 0, "21_1": 0, "21_0": 0, "22_1": 0, "23_0": 0, "24_0": 0, "25_1": 0, "26_2": 0, "27_0": 0, "27_1": 0, "29_0": 0, "30_1": 0, "32_0": 0, "34_1": 0, "35_0": 0, "36_1": 0, "37_1": 0, "38_1": 0, "39_0": 0, "41_1": 0, "41_0": 0, "42_1": 0, "44_2": 0, "44_1": 0, "45_1": 0, "49_0": 0, "49_1": 0, "50_0": 0, "50_1": 0, "51_0": 0, "51_1": 0, "52_1": 0, "52_0": 0, "53_1": 0, "54_0": 0, "54_2": 0, "54_1": 0, "55_1": 0, "55_2": 0, "55_0": 0, "56_2": 0, "57_1": 0, "58_2": 0, "58_0": 0, "0_0": 1, "4_1": 1, "6_2": 1, "7_2": 1, "10_1": 1, "10_0": 1, "11_1": 1, "22_0": 1, "23_2": 1, "28_1": 1, "38_2": 1, "39_2": 1, "40_1": 1, "42_0": 1, "44_0": 1, "47_1": 1, "48_1": 1, "48_2": 1, "59_0": 1, "59_2": 1, "2_0": 2, "6_1": 2, "12_0": 2, "12_1": 2, "19_0": 2, "26_1": 2, "28_0": 2, "33_1": 2, "33_2": 2, "33_0": 2, "35_1": 2, "38_0": 2, "40_0": 2, "40_2": 2, "43_0": 2, "47_0": 2, "56_1": 2, "5_0": 3, "14_0": 3, "23_1": 3, "53_0": 3, "4_2": 4, "7_0": 4, "15_0": 4, "15_2": 4, "17_0": 4, "21_2": 4, "43_1": 4, "46_2": 4, "46_1": 4, "6_0": 5, "28_2": 5, "59_1": 5, "26_0": 6, "29_1": 6, "31_0": 6, "29_2": 7, "31_1": 7, "37_2": 7, "2_2": 8, "50_2": 8, "53_2": 8, "10_2": 9, "31_2": 9, "12_2": 13, "17_1": 14, "9_0": 24}, "y_queue": [], "z_queue": [], "acc_per_veh": [0.5830000042915344, 0.4620000123977661, 0.2919999957084656, 0.3959999978542328, 0.4309999942779541, 0.4390000104904175, 0.6069999933242798, 0.4269999861717224, 0.5120000243186951, 0.5130000114440918, 0.6069999933242798, 0.550000011920929, 0.41200000047683716, 0.43700000643730164, 0.49000000953674316, 0.3199999928474426, 0.4580000042915344, 0.32499998807907104, 0.593999981880188, 0.4009999930858612, 0.43299999833106995, 0.44999998807907104, 0.5410000085830688, 0.5180000066757202, 0.37599998712539673, 0.36800000071525574, 0.4390000104904175, 0.5370000004768372, 0.6119999885559082, 0.6140000224113464, 0.48100000619888306, 0.48399999737739563, 0.35199999809265137, 0.33899998664855957, 0.37299999594688416, 0.46799999475479126, 0.375, 0.5180000066757202, 0.49399998784065247, 0.38999998569488525, 0.47600001096725464, 0.48399999737739563, 0.4740000069141388, 0.4790000021457672, 0.33799999952316284, 0.5429999828338623, 0.42100000381469727, 0.3370000123977661, 0.5820000171661377, 0.328000009059906, 0.5299999713897705, 0.36899998784065247, 0.44600000977516174, 0.5690000057220459, 0.37599998712539673, 0.421999990940094, 0.5049999952316284, 0.4970000088214874, 0.460999995470047, 0.5400000214576721], "veh_meta": [{"mods": [0], "D": {"0": 900}, "Q": {"0": 0.9296273342569894}}, {"mods": [1], "D": {"1": 205}, "Q": {"1": 0.5332603873270162}}, {"mods": [0, 2], "D": {"0": 160, "2": 280}, "Q": {"0": 0.9551798633198361, "2": 0.8836897573943958}}, {"mods": [2], "D": {"2": 60}, "Q": {"2": 0.8036362253500965}}, {"mods": [0, 1, 2], "D": {"0": 399, "1": 685, "2": 410}, "Q": {"0": 0.934215372322613, "1": 0.8256628651307353, "2": 0.8788927905803693}}, {"mods": [0, 1], "D": {"0": 81, "1": 34},