{"cfg": {"method": "DFL-Gossip", "trace": "/Users/ckim48/Downloads/infocomsim/results/traces/trace_low_n60_s1.npz", "seed": 1, "rounds": 55, "r_v2v": 200.0, "cache_encoders": 4, "max_out": 3, "V": 50.0, "use_gat": true, "dataset": "fmnist", "phi_agg": 0.0}, "hist": {"acc": [0.09976666644215584, 0.14511666608353455, 0.27734999942282834, 0.3310833322505156, 0.3591333342095216, 0.3803333347042402, 0.3904500005145868, 0.4176666664580504, 0.43701666618386903, 0.453966664771239, 0.4621166676282883, 0.4709999993443489], "acc_round": [1, 5, 10, 15, 20, 25, 30, 35, 40, 45, 50, 55], "recv": [128, 128, 134, 116, 126, 117, 111, 131, 121, 114, 101, 111, 93, 115, 111, 121, 125, 121, 125, 109, 140, 125, 130, 128, 121, 121, 120, 124, 112, 134, 124, 132, 109, 117, 120, 109, 122, 103, 129, 115, 141, 120, 125, 122, 127, 133, 123, 142, 130, 139, 114, 101, 114, 122, 119], "succ": [128, 128, 134, 116, 126, 117, 111, 131, 121, 114, 101, 111, 93, 115, 111, 121, 125, 121, 125, 109, 140, 125, 130, 128, 121, 121, 120, 124, 112, 134, 124, 132, 109, 117, 120, 109, 122, 103, 129, 115, 141, 120, 125, 122, 127, 133, 123, 142, 130, 139, 114, 101, 114, 122, 119], "att": [150, 152, 142, 141, 152, 155, 140, 141, 149, 136, 126, 142, 129, 139, 137, 139, 150, 141, 146, 147, 149, 147, 134, 145, 150, 141, 143, 142, 148, 145, 151, 151, 144, 137, 143, 154, 148, 143, 149, 151, 157, 147, 145, 145, 148, 144, 156, 152, 157, 150, 151, 143, 131, 142, 149], "energy": [250.0083545267608, 237.21769185722223, 258.3035273077124, 205.4857510534444, 263.47163688998324, 264.1598672832525, 236.71531863952248, 242.23996222912027, 257.8420818880394, 233.32324119139355, 207.2310127569181, 241.39550771620154, 190.24979942294223, 270.08818294800034, 291.0719196870906, 256.1580331270145, 269.09173403102955, 252.55311902431885, 278.62476043755447, 226.84643621913963, 266.10625218034227, 222.04356483641865, 198.4164364151572, 218.61154403256276, 278.40739101094624, 222.78581752028313, 260.6399095354425, 272.35170939750753, 226.27406675408488, 244.55919511724187, 235.54036130579095, 246.29321095335908, 215.21618844452433, 252.97178779148194, 268.3816206404594, 286.3515140759268, 254.51473113444428, 229.23269813068598, 323.499918205268, 257.70051379656854, 316.95766070381717, 233.31577009618232, 207.3618767144189, 220.51383686382226, 239.96792798718928, 242.99494534732784, 269.856395112274, 247.17952011681504, 258.4100873254343, 259.84480718686814, 266.2063437617253, 229.3362605659644, 208.94415622883028, 257.70518411076876, 317.51320769479315], "coverage": [0.6461538461538462, 0.7461538461538462, 0.8153846153846154, 0.8307692307692308, 0.9230769230769231, 0.9384615384615385, 0.9384615384615385, 0.9615384615384616, 0.9769230769230769, 0.9923076923076923, 0.9923076923076923, 0.9923076923076923, 0.9923076923076923, 1.0, 1.0, 1.0, 1.0, 1.0, 1.0, 1.0, 1.0, 1.0, 1.0, 1.0, 1.0, 1.0, 1.0, 1.0, 1.0, 1.0, 1.0, 1.0, 1.0, 1.0, 1.0, 1.0, 1.0, 1.0, 1.0, 1.0, 1.0, 1.0, 1.0, 1.0, 1.0, 1.0, 1.0, 1.0, 1.0, 1.0, 1.0, 1.0, 1.0, 1.0, 1.0], "staleness": [0.0, 0.0, 0.0, 0.0, 0.0, 0.0, 0.0, 0.0, 0.0, 0.0, 0.0, 0.0, 0.0, 0.0, 0.0, 0.0, 0.0, 0.0, 0.0, 0.0, 0.0, 0.0, 0.0, 0.0, 0.0, 0.0, 0.0, 0.0, 0.0, 0.0, 0.0, 0.0, 0.0, 0.0, 0.0, 0.0, 0.0, 0.0, 0.0, 0.0, 0.0, 0.0, 0.0, 0.0, 0.0, 0.0, 0.0, 0.0, 0.0, 0.0, 0.0, 0.0, 0.0, 0.0, 0.0], "fail": [22, 24, 8, 25, 26, 38, 29, 10, 28, 22, 25, 31, 36, 24, 26, 18, 25, 20, 21, 38, 9, 22, 4, 17, 29, 20, 23, 18, 36, 11, 27, 19, 35, 20, 23, 45, 26, 40, 20, 36, 16, 27, 20, 23, 21, 11, 33, 10, 27, 11, 37, 42, 17, 20, 30], "recv_per_veh": [60.0, 71.0, 82.0, 72.0, 155.0, 74.0, 176.0, 165.0, 49.0, 119.0, 110.0, 87.0, 198.0, 148.0, 87.0, 75.0, 56.0, 146.0, 96.0, 157.0, 114.0, 105.0, 92.0, 134.0, 65.0, 87.0, 107.0, 150.0, 180.0, 171.0, 77.0, 107.0, 40.0, 126.0, 79.0, 92.0, 34.0, 116.0, 114.0, 101.0, 163.0, 134.0, 132.0, 60.0, 123.0, 64.0, 86.0, 107.0, 139.0, 87.0, 172.0, 132.0, 177.0, 180.0, 120.0, 116.0, 86.0, 69.0, 110.0, 134.0], "first_recv": {"0_0": 0, "3_2": 0, "4_0": 0, "4_1": 0, "6_0": 0, "6_1": 0, "6_2": 0, "8_0": 0, "9_1": 0, "13_0": 0, "13_1": 0, "13_2": 0, "14_2": 0, "14_0": 0, "16_0": 0, "17_0": 0, "17_1": 0, "17_2": 0, "18_0": 0, "18_1": 0, "19_2": 0, "19_1": 0, "19_0": 0, "20_2": 0, "21_0": 0, "21_1": 0, "22_0": 0, "22_1": 0, "23_0": 0, "23_1": 0, "23_2": 0, "24_0": 0, "25_1": 0, "26_0": 0, "26_1": 0, "26_2": 0, "27_0": 0, "27_1": 0, "28_1": 0, "28_0": 0, "29_0": 0, "30_1": 0, "32_0": 0, "34_1": 0, "35_0": 0, "36_1": 0, "37_1": 0, "38_0": 0, "38_1": 0, "38_2": 0, "40_0": 0, "40_1": 0, "40_2": 0, "41_0": 0, "41_1": 0, "42_0": 0, "42_1": 0, "44_0": 0, "44_1": 0, "44_2": 0, "45_1": 0, "47_0": 0, "47_1": 0, "49_0": 0, "49_1": 0, "50_0": 0, "50_1": 0, "50_2": 0, "51_1": 0, "52_1": 0, "52_0": 0, "53_0": 0, "53_1": 0, "53_2": 0, "54_0": 0, "54_1": 0, "55_0": 0, "55_1": 0, "55_2": 0, "57_1": 0, "58_2": 0, "59_0": 0, "59_1": 0, "59_2": 0, "1_1": 1, "5_0": 1, "5_1": 1, "7_2": 1, "10_0": 1, "11_1": 1, "11_2": 1, "12_0": 1, "29_1": 1, "48_1": 1, "51_0": 1, "56_1": 1, "56_2": 1, "2_0": 2, "20_1": 2, "33_0": 2, "33_1": 2, "33_2": 2, "35_1": 2, "39_0": 2, "43_0": 2, "58_0": 2, "39_2": 3, "48_2": 3, "4_2": 4, "7_0": 4, "7_1": 4, "12_1": 4, "15_0": 4, "15_2": 4, "21_2": 4, "29_2": 4, "31_0": 4, "43_1": 4, "46_2": 4, "46_1": 4, "10_2": 5, "28_2": 5, "9_0": 7, "37_2": 7, "54_2": 7, "2_2": 8, "31_1": 8, "10_1": 9, "31_2": 9, "12_2": 13}, "y_queue": [], "z_queue": [], "acc_per_veh": [0.5550000071525574, 0.4580000042915344, 0.3790000081062317, 0.3540000021457672, 0.44600000977516174, 0.35100001096725464, 0.5830000042915344, 0.33500000834465027, 0.4860000014305115, 0.47600001096725464, 0.6150000095367432, 0.49399998784065247, 0.41999998688697815, 0.5479999780654907, 0.5070000290870667, 0.39100000262260437, 0.4230000078678131, 0.39100000262260437, 0.6039999723434448, 0.414000004529953, 0.4399999976158142, 0.47699999809265137, 0.5989999771118164, 0.4790000021457672, 0.3880000114440918, 0.33399999141693115, 0.45100000500679016, 0.5400000214576721, 0.6269999742507935, 0.6190000176429749, 0.5019999742507935, 0.4449999928474426, 0.35199999809265137, 0.382999986410141, 0.38999998569488525, 0.46000000834465027, 0.38999998569488525, 0.5889999866485596, 0.46700000762939453, 0.36000001430511475, 0.5090000033378601, 0.5609999895095825, 0.4869999885559082, 0.5450000166893005, 0.3619999885559082, 0.5590000152587891, 0.4300000071525574, 0.3319999873638153, 0.5950000286102295, 0.3919999897480011, 0.5580000281333923, 0.4009999930858612, 0.4129999876022339, 0.5619999766349792, 0.38100001215934753, 0.5239999890327454, 0.5609999895095825, 0.5249999761581421, 0.46799999475479126, 0.5730000138282776], "veh_meta": [{"mods": [0], "D": {"0": 900}, "Q": {"0": 0.9296273342569894}}, {"mods": [1], "D": {"1": 205}, "Q": {"1": 0.5332603873270162}}, {"mods": [0, 2], "D": {"0": 160, "2": 280}, "Q": {"0": 0.9551798633198361, "2": 0.8836897573943958}}, {"mods": [2], "D": {"2": 60}, "Q": {"2": 0.8036362253500965}}, {"mods": [0, 1, 2], "D": {"0": 399, "1": 685, "2": 410}, "Q": {"0": 0.934215372322613, "1": 0.8256628651307353, "2": 0.8788927905803693}}, {"mods": [0, 1], "D": {"0": 81, "1": 34}, "Q": {"0": 0.8081698892786238, "1": 0.8063234640631504}}, {"mods": [0, 1, 2], "D": {"0": 847, "1": 439, "2": 319}, "Q": {"0": 0.38925879901530147, "1": 0.47256585286563746, "2": 0.3197180008106804}}, {"mods": [0, 1, 2], "D": {"0": 158, "1": 211, "2": 225}, "Q": {"0": 0.4887292794329691, "1": 0.4955725624825534, "2": 0.8627158262159224}}, {"mods": [0], "D": {"0": 450}, "Q": {"0": 0.8569425919479874}}, {"mods": [0, 1], "D": {"0": 324, "1": 125}, "Q": {"0": 0.9091829472648495, "1": 0.2886793049403587}}, {"mods": [0, 1, 2], "D": {"0": 798, "1": 510, "2": 968}, "Q": {"0": 0.8396517586946148, "1": 0.9913807641701791, "2": 0.9352055622353893}}, {"mods": [1, 2], "D": {"1": 81, "2": 53}, "Q": {"1": 0.37572243882391654, "2": 0.9331072575586984}}, {"mods": [0, 1, 2], "D": {"0": 280, "1": 296, "2": 242}, "Q": {"0": 0.44100047659911235, "1": 0.26872050992212765,