{"cfg": {"method": "Mobility-Greedy", "trace": "/Users/ckim48/Downloads/infocomsim/results/traces/trace_med_n60_s1.npz", "seed": 1, "rounds": 55, "r_v2v": 200.0, "cache_encoders": 8, "max_out": 3, "V": 50.0, "use_gat": true, "dataset": "fmnist"}, "hist": {"acc": [0.09918333316842715, 0.1490499995648861, 0.2624666670958201, 0.32546666587392487, 0.35390000020464263, 0.3686333333452543, 0.3832000012199084, 0.399099999666214, 0.40833333432674407, 0.43044999837875364, 0.45088333239157996, 0.46941666553417843], "acc_round": [1, 5, 10, 15, 20, 25, 30, 35, 40, 45, 50, 55], "recv": [114, 111, 124, 115, 121, 109, 105, 116, 113, 111, 95, 105, 94, 102, 97, 121, 107, 115, 125, 107, 126, 127, 128, 96, 115, 107, 100, 129, 104, 132, 120, 141, 106, 111, 109, 122, 106, 99, 143, 128, 125, 105, 100, 119, 113, 104, 102, 124, 118, 120, 106, 106, 110, 111, 108], "succ": [114, 111, 124, 115, 121, 109, 105, 116, 113, 111, 95, 105, 94, 102, 97, 121, 107, 115, 125, 107, 126, 127, 128, 96, 115, 107, 100, 129, 104, 132, 120, 141, 106, 111, 109, 122, 106, 99, 143, 128, 125, 105, 100, 119, 113, 104, 102, 124, 118, 120, 106, 106, 110, 111, 108], "att": [136, 113, 135, 127, 123, 133, 120, 135, 118, 130, 115, 120, 117, 111, 133, 129, 139, 117, 142, 111, 136, 136, 130, 139, 128, 126, 106, 135, 128, 138, 149, 145, 140, 119, 123, 127, 118, 107, 145, 147, 141, 138, 114, 134, 121, 123, 110, 131, 132, 127, 136, 119, 123, 117, 125], "energy": [304.9064675967598, 161.88568072390729, 259.9498547169914, 165.23596509329877, 242.61610537076947, 249.27398188130908, 194.13016925439618, 241.9845477787951, 205.81200200436584, 319.77851740659054, 185.26077022953362, 288.828357951222, 223.44894579119685, 263.4260993407512, 305.8630459885919, 285.89873869538684, 285.8843384370132, 234.72885895814233, 310.8918335967007, 214.7810989671518, 333.0620447400263, 300.5083507655901, 269.94457134083007, 287.228169272688, 307.85072167506615, 301.55985846097826, 192.99662135422255, 293.3718626272163, 219.6681557343372, 284.7632814965251, 297.10619319985915, 290.1953374743242, 296.6962261422916, 266.09102385639375, 283.93878447382355, 276.13554501690976, 258.7435743408064, 226.39360101414266, 373.5071108772485, 330.87237717741533, 375.7372615035491, 314.05435569135307, 219.9170744842009, 315.9583605867441, 233.88406146608529, 253.97271441774555, 177.46536006449526, 299.8952888406783, 280.94133540599756, 316.89343973756644, 306.65048632999765, 252.25746840526412, 235.5279034076604, 261.53256289170116, 319.5081096920973], "coverage": [0.5153846153846153, 0.6307692307692307, 0.7846153846153846, 0.7923076923076923, 0.8384615384615385, 0.8846153846153846, 0.9, 0.9153846153846154, 0.9538461538461539, 0.9769230769230769, 0.9769230769230769, 0.9769230769230769, 0.9846153846153847, 0.9923076923076923, 1.0, 1.0, 1.0, 1.0, 1.0, 1.0, 1.0, 1.0, 1.0, 1.0, 1.0, 1.0, 1.0, 1.0, 1.0, 1.0, 1.0, 1.0, 1.0, 1.0, 1.0, 1.0, 1.0, 1.0, 1.0, 1.0, 1.0, 1.0, 1.0, 1.0, 1.0, 1.0, 1.0, 1.0, 1.0, 1.0, 1.0, 1.0, 1.0, 1.0, 1.0], "staleness": [0.0, 0.35135135135135137, 0.5564516129032258, 0.7652173913043478, 0.9173553719008265, 0.9357798165137615, 0.9809523809523809, 1.1982758620689655, 1.1327433628318584, 1.2972972972972974, 1.1473684210526316, 1.2285714285714286, 1.425531914893617, 1.1666666666666667, 1.1237113402061856, 1.115702479338843, 1.3457943925233644, 1.173913043478261, 1.432, 1.2990654205607477, 1.4603174603174602, 1.4960629921259843, 1.4375, 1.375, 1.4521739130434783, 1.4485981308411215, 1.88, 1.310077519379845, 1.2596153846153846, 1.4924242424242424, 1.2583333333333333, 1.2695035460992907, 1.1981132075471699, 1.4324324324324325, 1.2477064220183487, 1.6967213114754098, 1.349056603773585, 1.2626262626262625, 1.4755244755244756, 1.2734375, 1.12, 0.9047619047619048, 0.91, 1.1764705882352942, 1.0353982300884956, 0.9519230769230769, 1.2156862745098038, 1.346774193548387, 1.2542372881355932, 0.975, 1.1037735849056605, 1.3867924528301887, 1.2545454545454546, 1.2252252252252251, 1.25], "fail": [22, 2, 11, 12, 2, 24, 15, 19, 5, 19, 20, 15, 23, 9, 36, 8, 32, 2, 17, 4, 10, 9, 2, 43, 13, 19, 6, 6, 24, 6, 29, 4, 34, 8, 14, 5, 12, 8, 2, 19, 16, 33, 14, 15, 8, 19, 8, 7, 14, 7, 30, 13, 13, 6, 17], "recv_per_veh": [26.0, 102.0, 81.0, 82.0, 69.0, 165.0, 90.0, 103.0, 49.0, 137.0, 42.0, 146.0, 83.0, 119.0, 63.0, 62.0, 108.0, 101.0, 68.0, 136.0, 126.0, 76.0, 57.0, 61.0, 71.0, 125.0, 77.0, 150.0, 61.0, 91.0, 71.0, 63.0, 92.0, 82.0, 123.0, 83.0, 99.0, 66.0, 56.0, 69.0, 80.0, 108.0, 128.0, 83.0, 125.0, 79.0, 84.0, 34.0, 116.0, 58.0, 78.0, 111.0, 73.0, 111.0, 82.0, 53.0, 59.0, 85.0, 82.0, 81.0], "first_recv": {"1_1": 0, "3_2": 0, "4_0": 0, "5_1": 0, "5_0": 0, "7_1": 0, "8_0": 0, "9_1": 0, "11_2": 0, "13_0": 0, "13_2": 0, "13_1": 0, "14_2": 0, "16_0": 0, "17_2": 0, "18_0": 0, "18_1": 0, "19_1": 0, "20_2": 0, "20_1": 0, "21_1": 0, "21_0": 0, "22_1": 0, "23_0": 0, "23_2": 0, "24_0": 0, "25_1": 0, "26_2": 0, "27_0": 0, "27_1": 0, "29_0": 0, "29_2": 0, "29_1": 0, "30_1": 0, "32_0": 0, "34_1": 0, "35_0": 0, "36_1": 0, "37_1": 0, "38_1": 0, "39_0": 0, "41_0": 0, "41_1": 0, "42_1": 0, "44_2": 0, "44_1": 0, "45_1": 0, "48_2": 0, "49_0": 0, "49_1": 0, "50_0": 0, "50_1": 0, "51_0": 0, "51_1": 0, "52_1": 0, "52_0": 0, "53_1": 0, "54_0": 0, "54_2": 0, "54_1": 0, "55_1": 0, "55_2": 0, "55_0": 0, "56_2": 0, "57_1": 0, "58_2": 0, "58_0": 0, "0_0": 1, "4_1": 1, "6_2": 1, "11_1": 1, "19_2": 1, "28_1": 1, "37_2": 1, "40_0": 1, "40_1": 1, "42_0": 1, "44_0": 1, "47_1": 1, "48_1": 1, "59_0": 1, "59_2": 1, "2_0": 2, "6_1": 2, "7_2": 2, "10_1": 2, "10_0": 2, "12_0": 2, "19_0": 2, "26_1": 2, "28_0": 2, "33_1": 2, "33_0": 2, "33_2": 2, "35_1": 2, "38_2": 2, "38_0": 2, "40_2": 2, "43_0": 2, "47_0": 2, "53_0": 2, "56_1": 2, "39_2": 3, "4_2": 4, "7_0": 4, "21_2": 4, "43_1": 4, "46_2": 4, "46_1": 4, "6_0": 5, "15_0": 5, "15_2": 5, "17_0": 5, "28_2": 5, "59_1": 5, "26_0": 6, "50_2": 6, "31_1": 7, "31_0": 7, "2_2": 8, "12_2": 8, "23_1": 8, "31_2": 8, "53_2": 8, "9_0": 9, "10_2": 9, "22_0": 9, "12_1": 12, "14_0": 13, "17_1": 14}, "y_queue": [], "z_queue": [], "acc_per_veh": [0.4699999988079071, 0.4269999861717224, 0.3440000116825104, 0.3970000147819519, 0.41499999165534973, 0.36500000953674316, 0.6399999856948853, 0.3490000069141388, 0.4569999873638153, 0.4490000009536743, 0.6079999804496765, 0.4869999885559082, 0.46000000834465027, 0.5709999799728394, 0.4399999976158142, 0.40799999237060547, 0.45399999618530273, 0.34200000762939453, 0.5960000157356262, 0.4129999876022339, 0.4410000145435333, 0.4580000042915344, 0.5649999976158142, 0.40799999237060547, 0.3840000033378601, 0.4480000138282776, 0.4650000035762787, 0.5770000219345093, 0.6299999952316284, 0.6029999852180481, 0.4909999966621399, 0.5, 0.41999998688697815, 0.4129999876022339, 0.3400000035762787, 0.46299999952316284, 0.41100001335144043, 0.5139999985694885, 0.5230000019073486, 0.38999998569488525, 0.5440000295639038, 0.5590000152587891, 0.47099998593330383, 0.5099999904632568, 0.3479999899864197, 0.5139999985694885, 0.4230000078678131, 0.32100000977516174, 0.6620000004768372, 0.37599998712539673, 0.5289999842643738, 0.38999998569488525, 0.4300000071525574, 0.5680000185966492, 0.4020000100135803, 0.5329999923706055, 0.5019999742507935, 0.48399999737739563, 0.4880000054836273, 0.574999988079071], "veh_meta": [{"mods": [0], "D": {"0": 900}, "Q": {"0": 0.9296273342569894}}, {"mods": [1], "D": {"1": 205}, "Q": {"1": 0.5332603873270162}}, {"mods": [0, 2], "D": {"0": 160, "2": 280}, "Q": {"0": 0.9551798633198361, "2": 0.8836897573943958}}, {"mods": [2], "D": {"2": 60}, "Q": {"2": 0.8036362253500965}}, {"mods": [0, 1, 2], "D": {"0": 399, "1": 685, "2": 410}, "Q": {"0": 0.934215372322613, "1": 0.8256628651307353, "2": 0.8788927905803693}}, {"mods": [0, 1], "D": {"0": 81, "1": 34}, "Q": {"0": 0.8081698892786238, "1": 0.8063234640631504}}, {"mods": [0, 1, 2], "D": {"0": 847, "1": 439, "2": 319}, "Q": {"0": 0.38925879901530147, "1": 0.47256585286563746, "2": 0.3197180008106804}}, {"mods": [0, 1, 2], "D": {"0": 158, "1": 211, "2": 225},