{"cfg": {"method": "LRU-Random", "trace": "/Users/ckim48/Downloads/infocomsim/results/traces/trace_med_n60_s1.npz", "seed": 1, "rounds": 55, "r_v2v": 100.0, "cache_encoders": 4, "max_out": 3, "V": 50.0, "use_gat": true}, "hist": {"acc": [0.09949999960760275, 0.16503333275516827, 0.2894833326339722, 0.33778333390752474, 0.3595000001291434, 0.38209999948740003, 0.38158332991103333, 0.39526666651169456, 0.41783333296577135, 0.4219333368043105, 0.43911666572093966, 0.4395000005761782], "acc_round": [1, 5, 10, 15, 20, 25, 30, 35, 40, 45, 50, 55], "recv": [79, 75, 101, 103, 86, 79, 84, 98, 95, 112, 92, 98, 84, 87, 77, 94, 107, 89, 103, 104, 110, 120, 108, 101, 80, 93, 68, 89, 86, 126, 106, 104, 104, 106, 101, 84, 90, 79, 93, 90, 97, 116, 93, 110, 97, 89, 79, 88, 92, 90, 82, 93, 103, 59, 111], "succ": [79, 75, 101, 103, 86, 79, 84, 98, 95, 112, 92, 98, 84, 87, 77, 94, 107, 89, 103, 104, 110, 120, 108, 101, 80, 93, 68, 89, 86, 126, 106, 104, 104, 106, 101, 84, 90, 79, 93, 90, 97, 116, 93, 110, 97, 89, 79, 88, 92, 90, 82, 93, 103, 59, 111], "att": [88, 97, 109, 112, 108, 96, 94, 131, 121, 122, 130, 120, 107, 104, 111, 108, 123, 132, 111, 117, 120, 120, 129, 117, 117, 102, 108, 117, 123, 135, 147, 117, 108, 126, 111, 111, 93, 90, 108, 108, 123, 123, 120, 132, 123, 114, 108, 102, 105, 111, 90, 114, 114, 105, 117], "energy": [85.72954846960087, 67.67633660787102, 84.99416947603554, 87.51383191020982, 98.41753962082691, 88.36235460209227, 93.48501504332675, 153.34368142845537, 125.6732702387457, 110.80927515577667, 123.63527099269037, 137.19776319504572, 102.81889685913879, 116.19403818827718, 112.02058824452064, 140.55399577087695, 126.67884683284638, 114.73326272678268, 88.57479580157255, 106.42348700175637, 118.94756465542244, 107.4950517793141, 138.91183485582079, 93.83630032416585, 100.19662413445609, 94.5450664757401, 97.87380487482383, 114.85240563828143, 106.06697484499676, 165.42934191546448, 119.75709381193654, 114.06771180387591, 87.45795403397943, 110.07354568948536, 109.4635588545828, 100.26075109877608, 83.7590693860766, 77.41250534129894, 108.31004090867, 84.86925870344459, 111.33104666644275, 79.94541999886754, 103.74401792344234, 114.62972818473926, 119.32680502802718, 88.33022490691575, 83.85876275719005, 91.55598776708761, 90.93801833574605, 100.3518729839385, 76.26439307756122, 116.11971884208545, 109.40317490358184, 86.16188798575233, 108.24105553090928], "coverage": [0.3769230769230769, 0.5, 0.6384615384615384, 0.6846153846153846, 0.7230769230769231, 0.7692307692307693, 0.7923076923076923, 0.8461538461538461, 0.8846153846153846, 0.9076923076923077, 0.9230769230769231, 0.9307692307692308, 0.9461538461538461, 0.9692307692307692, 0.9692307692307692, 0.9692307692307692, 0.9846153846153847, 0.9846153846153847, 0.9846153846153847, 0.9846153846153847, 0.9846153846153847, 0.9846153846153847, 0.9846153846153847, 0.9846153846153847, 0.9923076923076923, 0.9923076923076923, 1.0, 1.0, 1.0, 1.0, 1.0, 1.0, 1.0, 1.0, 1.0, 1.0, 1.0, 1.0, 1.0, 1.0, 1.0, 1.0, 1.0, 1.0, 1.0, 1.0, 1.0, 1.0, 1.0, 1.0, 1.0, 1.0, 1.0, 1.0, 1.0], "staleness": [0.0, 0.24, 0.49504950495049505, 0.9320388349514563, 1.244186046511628, 1.4177215189873418, 1.6785714285714286, 2.3469387755102042, 2.9473684210526314, 3.1964285714285716, 3.097826086956522, 3.7755102040816326, 4.404761904761905, 4.758620689655173, 5.662337662337662, 4.925531914893617, 6.242990654205608, 6.314606741573034, 6.184466019417476, 7.173076923076923, 8.318181818181818, 8.641666666666667, 7.842592592592593, 8.762376237623762, 9.475, 9.849462365591398, 11.558823529411764, 9.97752808988764, 10.0, 11.571428571428571, 9.452830188679245, 9.442307692307692, 10.365384615384615, 9.575471698113208, 10.613861386138614, 12.44047619047619, 9.777777777777779, 10.936708860759493, 10.35483870967742, 10.488888888888889, 12.711340206185566, 13.025862068965518, 10.827956989247312, 14.209090909090909, 13.68041237113402, 14.123595505617978, 15.544303797468354, 11.784090909090908, 10.315217391304348, 12.544444444444444, 10.536585365853659, 12.24731182795699, 14.87378640776699, 15.559322033898304, 16.72972972972973], "fail": [9, 22, 8, 9, 22, 17, 10, 33, 26, 10, 38, 22, 23, 17, 34, 14, 16, 43, 8, 13, 10, 0, 21, 16, 37, 9, 40, 28, 37, 9, 41, 13, 4, 20, 10, 27, 3, 11, 15, 18, 26, 7, 27, 22, 26, 25, 29, 14, 13, 21, 8, 21, 11, 46, 6], "recv_per_veh": [10.0, 30.0, 37.0, 38.0, 80.0, 58.0, 114.0, 94.0, 25.0, 48.0, 83.0, 65.0, 88.0, 83.0, 46.0, 33.0, 24.0, 63.0, 48.0, 80.0, 62.0, 78.0, 47.0, 64.0, 33.0, 37.0, 120.0, 54.0, 100.0, 73.0, 26.0, 109.0, 26.0, 59.0, 37.0, 32.0, 24.0, 62.0, 57.0, 55.0, 113.0, 45.0, 58.0, 45.0, 77.0, 30.0, 55.0, 50.0, 88.0, 53.0, 61.0, 63.0, 29.0, 112.0, 82.0, 99.0, 47.0, 63.0, 51.0, 107.0], "first_recv": {"4_1": 0, "8_0": 0, "9_1": 0, "13_1": 0, "13_2": 0, "13_0": 0, "17_2": 0, "17_1": 0, "17_0": 0, "18_1": 0, "19_0": 0, "21_0": 0, "21_1": 0, "22_1": 0, "22_0": 0, "23_0": 0, "23_2": 0, "24_0": 0, "25_1": 0, "26_0": 0, "27_0": 0, "27_1": 0, "28_1": 0, "29_1": 0, "29_0": 0, "30_1": 0, "32_0": 0, "38_1": 0, "38_2": 0, "40_0": 0, "40_1": 0, "40_2": 0, "44_2": 0, "44_0": 0, "47_1": 0, "47_0": 0, "54_0": 0, "54_1": 0, "55_0": 0, "55_2": 0, "55_1": 0, "56_1": 0, "56_2": 0, "57_1": 0, "58_0": 0, "58_2": 0, "59_2": 0, "59_1": 0, "59_0": 0, "4_0": 1, "4_2": 1, "6_2": 1, "26_2": 1, "28_0": 1, "29_2": 1, "37_1": 1, "37_2": 1, "41_0": 1, "41_1": 1, "44_1": 1, "50_1": 1, "50_0": 1, "51_1": 1, "51_0": 1, "52_1": 1, "0_0": 2, "1_1": 2, "2_0": 2, "3_2": 2, "6_1": 2, "7_2": 2, "11_1": 2, "12_0": 2, "16_0": 2, "23_1": 2, "26_1": 2, "38_0": 2, "42_0": 2, "42_1": 2, "43_0": 2, "48_2": 2, "53_2": 2, "53_0": 2, "6_0": 3, "11_2": 3, "48_1": 3, "49_0": 3, "50_2": 3, "53_1": 3, "19_1": 4, "34_1": 4, "43_1": 4, "46_1": 4, "46_2": 4, "5_0": 5, "5_1": 5, "21_2": 5, "28_2": 5, "36_1": 5, "49_1": 5, "9_0": 6, "14_0": 6, "18_0": 6, "7_1": 7, "14_2": 7, "31_1": 7, "31_2": 7, "33_2": 7, "33_1": 7, "39_0": 7, "19_2": 8, "20_1": 8, "20_2": 8, "35_0": 8, "39_2": 8, "45_1": 9, "52_0": 9, "54_2": 9, "10_1": 10, "10_0": 10, "35_1": 11, "10_2": 12, "15_2": 12, "2_2": 13, "12_2": 13, "31_0": 13, "7_0": 16, "12_1": 16, "33_0": 24, "15_0": 26}, "y_queue": [], "z_queue": [], "acc_per_veh": [0.6079999804496765, 0.35499998927116394, 0.3930000066757202, 0.328000009059906, 0.43299999833106995, 0.3799999952316284, 0.5960000157356262, 0.30300000309944153, 0.5059999823570251, 0.4350000023841858, 0.5699999928474426, 0.39399999380111694, 0.460999995470047, 0.3490000069141388, 0.44200000166893005, 0.37700000405311584, 0.44200000166893005, 0.3240000009536743, 0.5820000171661377, 0.4339999854564667, 0.414000004529953, 0.4350000023841858, 0.5009999871253967, 0.4090000092983246, 0.4020000100135803, 0.33899998664855957, 0.46000000834465027, 0.5450000166893005, 0.5379999876022339, 0.6489999890327454, 0.4779999852180481, 0.42899999022483826, 0.34700000286102295, 0.41499999165534973, 0.3179999887943268, 0.4620000123977661, 0.3930000066757202, 0.5440000295639038, 0.5389999747276306, 0.38600000739097595, 0.46799999475479126, 0.4580000042915344, 0.45899999141693115, 0.4620000123977661, 0.34700000286102295, 0.4230000078678131, 0.29600000381469727, 0.3370000123977661, 0.5149999856948853, 0.32199999690055847, 0.4740000069141388, 0.35600000619888306, 0.3700000047683716, 0.5120000243186951, 0.3869999945163727, 0.4880000054836273, 0.5350000262260437, 0.4959999918937683, 0.4300000071525574, 0.5199999809265137], "veh_meta": [{"mods": [0], "D": {"0": 900}, "Q": {"0": 0.9296273342569894}}, {"mods": [1], "D": {"1": 205}, "Q": {"1": 0.5332603873270162}}, {"mods": [0, 2], "D": {"0": 160, "2": 280}, "Q": {"0": 0.9551798633198361, "2": 0.8836897573943958}}, {"mods": [2], "D": {"2": 60}, "Q": {"2": 0.8036362253500965}}, {"mods": [0, 1, 2], "D": {"0": 399, "1": 685, "2": 410}, "Q": {"0": 0.934215372322613, "1": 0.8256628651307353, "2": 0.8788927905803693}}, {"mods": [0, 1], "D": {"0": 81, "1": 34}, "Q": {"0": 0.8081698892786238, "1": 0.8063234640631504}}, {"mods": [0, 1, 2], "D": {"0": 847, "1": 439,