{"cfg": {"method": "LRU-Random", "trace": "/Users/ckim48/Downloads/infocomsim/results/traces/trace_med_n60_s1.npz", "seed": 1, "rounds": 55, "r_v2v": 200.0, "cache_encoders": 6, "max_out": 3, "V": 50.0, "use_gat": true, "dataset": "fmnist"}, "hist": {"acc": [0.10179999992251396, 0.15753333220879237, 0.26488333257536095, 0.330449998130401, 0.33856666646897793, 0.36013333400090536, 0.3759499989449978, 0.3869999994834264, 0.39858333493272463, 0.40923333341876666, 0.41111666671931746, 0.4231333345174789], "acc_round": [1, 5, 10, 15, 20, 25, 30, 35, 40, 45, 50, 55], "recv": [99, 91, 124, 119, 122, 109, 110, 131, 132, 121, 118, 130, 107, 118, 127, 129, 133, 128, 148, 105, 136, 121, 134, 109, 133, 110, 110, 141, 99, 134, 132, 132, 124, 120, 134, 126, 120, 108, 153, 139, 128, 117, 104, 131, 132, 110, 103, 137, 133, 126, 115, 123, 128, 112, 134], "succ": [99, 91, 124, 119, 122, 109, 110, 131, 132, 121, 118, 130, 107, 118, 127, 129, 133, 128, 148, 105, 136, 121, 134, 109, 133, 110, 110, 141, 99, 134, 132, 132, 124, 120, 134, 126, 120, 108, 153, 139, 128, 117, 104, 131, 132, 110, 103, 137, 133, 126, 115, 123, 128, 112, 134], "att": [116, 140, 154, 157, 164, 170, 160, 167, 168, 156, 159, 168, 156, 162, 162, 168, 168, 171, 171, 171, 159, 150, 162, 165, 168, 153, 153, 165, 162, 168, 171, 165, 165, 159, 162, 162, 159, 159, 177, 177, 168, 165, 156, 168, 165, 159, 168, 168, 171, 150, 159, 165, 162, 168, 168], "energy": [201.7825461467721, 219.95080948364864, 317.18079205553283, 231.58652660725136, 319.35779327843636, 346.9894108490749, 299.6769050568625, 324.5725390188211, 328.87672718913484, 302.45214963276294, 271.62736900449744, 364.3780308564123, 289.93549089574145, 321.6207656324949, 293.52857697699187, 357.63204183793346, 340.20578484371305, 299.59609963379086, 338.37199560000926, 246.80519432338548, 324.44253168502354, 233.76479821533562, 314.8525571605188, 283.88056287391396, 357.6916135407628, 311.9095568831337, 285.8561818406006, 389.21323977780906, 250.07965512826365, 317.04484684956805, 307.7556881140491, 275.5282432072994, 306.50231372453396, 330.2447726446473, 289.4750504824873, 286.49647063352876, 260.5444335502917, 307.7401959057814, 363.0101868743763, 360.92809905023256, 347.4172066551963, 295.75702263077613, 259.2285610210883, 292.80551372690843, 316.4426033133312, 300.79080863912924, 256.09693111749596, 342.9588021624985, 342.74965270176915, 331.91733631967196, 304.00058715863656, 300.0946008089457, 282.83568115378625, 311.7922845103522, 360.1115032986271], "coverage": [0.5, 0.6384615384615384, 0.7846153846153846, 0.8538461538461538, 0.9076923076923077, 0.9230769230769231, 0.9307692307692308, 0.9615384615384616, 0.9692307692307692, 0.9692307692307692, 0.9769230769230769, 0.9769230769230769, 0.9769230769230769, 0.9846153846153847, 0.9846153846153847, 0.9846153846153847, 0.9846153846153847, 0.9846153846153847, 0.9846153846153847, 0.9923076923076923, 0.9923076923076923, 0.9923076923076923, 0.9923076923076923, 0.9923076923076923, 0.9923076923076923, 0.9923076923076923, 1.0, 1.0, 1.0, 1.0, 1.0, 1.0, 1.0, 1.0, 1.0, 1.0, 1.0, 1.0, 1.0, 1.0, 1.0, 1.0, 1.0, 1.0, 1.0, 1.0, 1.0, 1.0, 1.0, 1.0, 1.0, 1.0, 1.0, 1.0, 1.0], "staleness": [0.0, 0.3956043956043956, 0.7983870967741935, 1.3445378151260505, 1.6885245901639345, 2.385321100917431, 2.7818181818181817, 3.2061068702290076, 4.295454545454546, 4.950413223140496, 5.076271186440678, 6.3076923076923075, 6.570093457943925, 7.3559322033898304, 7.448818897637795, 7.6434108527131785, 7.887218045112782, 9.09375, 7.777027027027027, 8.838095238095239, 8.279411764705882, 9.066115702479339, 9.417910447761194, 8.954128440366972, 10.639097744360901, 9.236363636363636, 9.718181818181819, 11.092198581560284, 10.555555555555555, 12.119402985074627, 11.257575757575758, 10.825757575757576, 13.185483870967742, 10.833333333333334, 12.037313432835822, 13.928571428571429, 13.133333333333333, 15.37962962962963, 13.522875816993464, 13.568345323741006, 13.609375, 13.350427350427351, 12.76923076923077, 15.534351145038167, 14.742424242424242, 16.972727272727273, 17.097087378640776, 17.10948905109489, 16.55639097744361, 17.817460317460316, 17.930434782608696, 18.479674796747968, 17.375, 18.919642857142858, 18.388059701492537], "fail": [17, 49, 30, 38, 42, 61, 50, 36, 36, 35, 41, 38, 49, 44, 35, 39, 35, 43, 23, 66, 23, 29, 28, 56, 35, 43, 43, 24, 63, 34, 39, 33, 41, 39, 28, 36, 39, 51, 24, 38, 40, 48, 52, 37, 33, 49, 65, 31, 38, 24, 44, 42, 34, 56, 34], "recv_per_veh": [18.0, 39.0, 54.0, 46.0, 120.0, 57.0, 122.0, 118.0, 17.0, 75.0, 87.0, 77.0, 127.0, 117.0, 47.0, 34.0, 18.0, 95.0, 55.0, 141.0, 91.0, 104.0, 63.0, 112.0, 20.0, 44.0, 112.0, 69.0, 141.0, 117.0, 26.0, 109.0, 19.0, 87.0, 50.0, 59.0, 37.0, 94.0, 81.0, 67.0, 98.0, 56.0, 59.0, 74.0, 124.0, 43.0, 83.0, 51.0, 107.0, 55.0, 93.0, 54.0, 35.0, 110.0, 100.0, 100.0, 68.0, 43.0, 75.0, 133.0], "first_recv": {"3_2": 0, "4_2": 0, "5_0": 0, "6_1": 0, "7_1": 0, "9_0": 0, "9_1": 0, "13_0": 0, "13_2": 0, "13_1": 0, "16_0": 0, "17_2": 0, "17_0": 0, "17_1": 0, "18_1": 0, "19_1": 0, "19_0": 0, "20_2": 0, "21_0": 0, "21_1": 0, "22_0": 0, "23_1": 0, "23_2": 0, "23_0": 0, "26_2": 0, "26_1": 0, "27_0": 0, "28_1": 0, "35_0": 0, "37_2": 0, "37_1": 0, "38_1": 0, "38_2": 0, "38_0": 0, "39_0": 0, "40_2": 0, "41_0": 0, "41_1": 0, "42_0": 0, "42_1": 0, "44_1": 0, "44_2": 0, "45_1": 0, "47_1": 0, "48_2": 0, "49_0": 0, "49_1": 0, "50_0": 0, "51_1": 0, "52_0": 0, "53_1": 0, "53_0": 0, "53_2": 0, "54_2": 0, "55_0": 0, "55_1": 0, "55_2": 0, "56_1": 0, "56_2": 0, "57_1": 0, "58_2": 0, "58_0": 0, "59_0": 0, "59_2": 0, "59_1": 0, "0_0": 1, "4_0": 1, "6_2": 1, "6_0": 1, "11_2": 1, "11_1": 1, "12_1": 1, "19_2": 1, "25_1": 1, "29_2": 1, "34_1": 1, "40_1": 1, "44_0": 1, "48_1": 1, "50_1": 1, "51_0": 1, "52_1": 1, "54_1": 1, "2_0": 2, "10_0": 2, "12_0": 2, "20_1": 2, "22_1": 2, "24_0": 2, "27_1": 2, "29_1": 2, "30_1": 2, "32_0": 2, "33_2": 2, "33_0": 2, "35_1": 2, "36_1": 2, "39_2": 2, "40_0": 2, "43_0": 2, "50_2": 2, "54_0": 2, "1_1": 3, "4_1": 3, "5_1": 3, "8_0": 3, "10_1": 3, "10_2": 3, "28_0": 3, "28_2": 3, "47_0": 3, "7_2": 4, "7_0": 4, "18_0": 4, "21_2": 4, "31_2": 4, "46_1": 4, "46_2": 4, "15_2": 5, "31_0": 5, "14_2": 6, "2_2": 7, "14_0": 7, "31_1": 7, "33_1": 7, "12_2": 8, "26_0": 10, "43_1": 13, "29_0": 19, "15_0": 26}, "y_queue": [], "z_queue": [], "acc_per_veh": [0.5379999876022339, 0.3009999990463257, 0.35100001096725464, 0.27399998903274536, 0.41600000858306885, 0.3889999985694885, 0.5249999761581421, 0.29899999499320984, 0.4350000023841858, 0.4259999990463257, 0.5789999961853027, 0.460999995470047, 0.4050000011920929, 0.335999995470047, 0.4390000104904175, 0.2680000066757202, 0.46399998664855957, 0.3449999988079071, 0.5870000123977661, 0.44200000166893005, 0.3659999966621399, 0.4650000035762787, 0.515999972820282, 0.49900001287460327, 0.3889999985694885, 0.2590000033378601, 0.47600001096725464, 0.5009999871253967, 0.5690000057220459, 0.5590000152587891, 0.44200000166893005, 0.42399999499320984, 0.38600000739097595, 0.3479999899864197, 0.32199999690055847, 0.4259999990463257, 0.35600000619888306, 0.49000000953674316, 0.5149999856948853, 0.32600000500679016, 0.39800000190734863, 0.39100000262260437, 0.4480000138282776, 0.49900001287460327, 0.3540000021457672, 0.49900001287460327, 0.3720000088214874, 0.3400000035762787, 0.550000011920929, 0.28299999237060547, 0.5410000085830688, 0.3490000069141388, 0.4399999976158142, 0.46299999952316284, 0.3540000021457672, 0.37700000405311584, 0.4729999899864197, 0.44200000166893005, 0.47600001096725464, 0.42500001192092896], "veh_meta": [{"mods": [0], "D": {"0": 900}, "Q": {"0": 0.9296273342569894}}, {"mods": [1], "D": {"1": 205}, "Q": {"1": 0.5332603873270162}}, {"mods": [0, 2], "D": {"0": 160, "2": 280}, "Q": {"0": 0.9551798633198361, "2": 0.8836897573943958}}, {"mods": [2], "D": {"2": 60}, "Q": {"2": 0.8036362253500965}}, {"mods": [0, 1, 2], "D": {"0": 399, "1": 685, "2": 410}, "Q": {"0": 0.934215372322613, "1": 0.8256628651307353,