{"cfg": {"method": "RECD", "trace": "/Users/ckim48/Downloads/infocomsim/results/traces/trace_med_n60_s1.npz", "seed": 1, "rounds": 55, "r_v2v": 200.0, "cache_encoders": 4, "max_out": 3, "V": 5.0, "use_gat": true, "dataset": "fmnist"}, "hist": {"acc": [0.10159999982764324, 0.15318333320319652, 0.2825333351890246, 0.3363333324591319, 0.3660333332916101, 0.38233333254853885, 0.3995333323876063, 0.4093666652838389, 0.4280499999721845, 0.4378666674097379, 0.44538333217302956, 0.45296666423479715], "acc_round": [1, 5, 10, 15, 20, 25, 30, 35, 40, 45, 50, 55], "recv": [60, 63, 78, 90, 67, 65, 61, 88, 40, 83, 56, 79, 65, 69, 62, 66, 85, 53, 63, 52, 77, 74, 71, 77, 59, 81, 37, 83, 62, 81, 74, 65, 57, 55, 98, 44, 62, 46, 87, 79, 64, 68, 49, 97, 46, 78, 62, 91, 68, 69, 65, 52, 83, 61, 76], "succ": [60, 63, 78, 90, 67, 65, 61, 88, 40, 83, 56, 79, 65, 69, 62, 66, 85, 53, 63, 52, 77, 74, 71, 77, 59, 81, 37, 83, 62, 81, 74, 65, 57, 55, 98, 44, 62, 46, 87, 79, 64, 68, 49, 97, 46, 78, 62, 91, 68, 69, 65, 52, 83, 61, 76], "att": [60, 64, 79, 91, 68, 67, 62, 89, 40, 83, 63, 80, 68, 70, 65, 68, 99, 53, 73, 52, 77, 77, 72, 85, 63, 87, 37, 84, 64, 81, 74, 67, 59, 55, 103, 44, 67, 46, 87, 84, 65, 76, 49, 107, 46, 83, 64, 92, 71, 69, 67, 52, 86, 62, 76], "energy": [69.4646761767602, 42.407424313581714, 95.17460978820631, 66.14408488281862, 74.14389843587402, 76.09623608154786, 46.72469386896866, 118.94794050834723, 31.670023031784403, 96.44284490545107, 57.58035345035037, 118.06152640241714, 56.50858933975804, 114.58426624785551, 73.5453053832414, 76.31190619187002, 189.23551871337813, 35.55640708887915, 99.23369893817265, 35.03718313183135, 84.03172735774393, 70.41114901046816, 80.16992009594681, 84.47862216766654, 85.13690464079575, 150.06179257566987, 23.013760291311932, 98.4154007185003, 43.57365582298265, 116.17377275806001, 55.896725451539375, 77.48582989492441, 38.19260722033078, 42.56001618029215, 183.5303264398383, 25.368175214385705, 104.64498016377803, 30.465014711068598, 155.36028678927644, 73.85130416199641, 62.37424234185351, 98.62727329274745, 26.567913311122226, 200.96684826703728, 26.80192639813961, 75.18425202737937, 54.218030557352954, 177.6929349378027, 61.912910453056014, 63.76577439319196, 69.90182418232048, 33.90374908142195, 123.99983642786515, 56.670107222696195, 82.48849624293112], "coverage": [0.3153846153846154, 0.47692307692307695, 0.6692307692307692, 0.7076923076923077, 0.7692307692307693, 0.8153846153846154, 0.8307692307692308, 0.8769230769230769, 0.8923076923076924, 0.9153846153846154, 0.9384615384615385, 0.9692307692307692, 0.9769230769230769, 0.9769230769230769, 0.9846153846153847, 1.0, 1.0, 1.0, 1.0, 1.0, 1.0, 1.0, 1.0, 1.0, 1.0, 1.0, 1.0, 1.0, 1.0, 1.0, 1.0, 1.0, 1.0, 1.0, 1.0, 1.0, 1.0, 1.0, 1.0, 1.0, 1.0, 1.0, 1.0, 1.0, 1.0, 1.0, 1.0, 1.0, 1.0, 1.0, 1.0, 1.0, 1.0, 1.0, 1.0], "staleness": [0.0, 0.14285714285714285, 0.4358974358974359, 0.5444444444444444, 0.5223880597014925, 1.2153846153846153, 1.2295081967213115, 1.2386363636363635, 1.4, 1.3855421686746987, 1.5714285714285714, 2.0, 1.2769230769230768, 1.7536231884057971, 1.3064516129032258, 1.9848484848484849, 1.2352941176470589, 1.0188679245283019, 2.015873015873016, 2.1346153846153846, 1.7662337662337662, 2.1216216216216215, 2.676056338028169, 2.0259740259740258, 2.0508474576271185, 2.691358024691358, 2.189189189189189, 1.783132530120482, 2.3548387096774195, 1.0864197530864197, 2.027027027027027, 1.523076923076923, 1.4385964912280702, 1.509090909090909, 1.2142857142857142, 1.7045454545454546, 2.1774193548387095, 1.1521739130434783, 1.5057471264367817, 1.4683544303797469, 1.296875, 1.9558823529411764, 1.5918367346938775, 1.597938144329897, 1.7173913043478262, 1.7307692307692308, 1.6129032258064515, 1.5714285714285714, 1.3823529411764706, 1.5507246376811594, 1.4, 1.6923076923076923, 1.5903614457831325, 1.4918032786885247, 1.5], "fail": [0, 1, 1, 1, 1, 2, 1, 1, 0, 0, 7, 1, 3, 1, 3, 2, 14, 0, 10, 0, 0, 3, 1, 8, 4, 6, 0, 1, 2, 0, 0, 2, 2, 0, 5, 0, 5, 0, 0, 5, 1, 8, 0, 10, 0, 5, 2, 1, 3, 0, 2, 0, 3, 1, 0], "recv_per_veh": [13.0, 62.0, 44.0, 71.0, 60.0, 78.0, 70.0, 69.0, 19.0, 64.0, 46.0, 85.0, 46.0, 77.0, 54.0, 31.0, 55.0, 74.0, 38.0, 78.0, 78.0, 50.0, 34.0, 42.0, 42.0, 69.0, 52.0, 82.0, 48.0, 57.0, 32.0, 63.0, 38.0, 40.0, 66.0, 38.0, 49.0, 36.0, 28.0, 56.0, 56.0, 41.0, 49.0, 37.0, 66.0, 33.0, 48.0, 37.0, 68.0, 30.0, 44.0, 53.0, 33.0, 72.0, 60.0, 59.0, 34.0, 46.0, 37.0, 47.0], "first_recv": {"4_0": 0, "4_2": 0, "4_1": 0, "5_1": 0, "5_0": 0, "6_1": 0, "6_0": 0, "6_2": 0, "8_0": 0, "9_1": 0, "9_0": 0, "13_0": 0, "13_2": 0, "13_1": 0, "14_2": 0, "16_0": 0, "17_2": 0, "22_1": 0, "24_0": 0, "27_0": 0, "27_1": 0, "28_1": 0, "29_0": 0, "29_1": 0, "30_1": 0, "34_1": 0, "36_1": 0, "41_1": 0, "41_0": 0, "42_1": 0, "44_2": 0, "45_1": 0, "47_1": 0, "47_0": 0, "49_0": 0, "49_1": 0, "50_0": 0, "55_1": 0, "55_2": 0, "55_0": 0, "59_2": 0, "0_0": 1, "11_2": 1, "11_1": 1, "14_0": 1, "18_1": 1, "19_0": 1, "21_1": 1, "23_0": 1, "29_2": 1, "32_0": 1, "37_1": 1, "37_2": 1, "44_1": 1, "51_0": 1, "53_1": 1, "53_2": 1, "53_0": 1, "56_2": 1, "56_1": 1, "58_0": 1, "59_0": 1, "1_1": 2, "3_2": 2, "7_1": 2, "12_0": 2, "20_1": 2, "25_1": 2, "26_1": 2, "26_2": 2, "33_1": 2, "33_2": 2, "33_0": 2, "35_1": 2, "38_2": 2, "38_0": 2, "39_2": 2, "40_0": 2, "40_2": 2, "40_1": 2, "42_0": 2, "48_2": 2, "51_1": 2, "52_1": 2, "54_1": 2, "54_0": 2, "58_2": 2, "2_0": 3, "7_2": 3, "35_0": 3, "39_0": 3, "43_0": 3, "7_0": 4, "19_1": 4, "20_2": 4, "21_2": 4, "28_0": 4, "50_1": 4, "50_2": 4, "57_1": 4, "10_2": 5, "15_2": 5, "19_2": 5, "23_1": 5, "23_2": 5, "54_2": 5, "31_0": 6, "48_1": 6, "18_0": 7, "22_0": 7, "26_0": 7, "46_1": 7, "46_2": 7, "59_1": 7, "2_2": 8, "28_2": 8, "12_2": 9, "31_2": 9, "52_0": 9, "10_1": 10, "10_0": 10, "12_1": 10, "31_1": 11, "38_1": 11, "43_1": 11, "44_0": 11, "15_0": 12, "17_0": 14, "17_1": 15, "21_0": 15}, "y_queue": [0.07416666666666667, 0.13416666666666668, 0.14666666666666667, 0.18166666666666667, 0.21416666666666664, 0.24916666666666665, 0.2847222222222222, 0.28138888888888886, 0.33527777777777773, 0.3175, 0.33388888888888885, 0.30166666666666664, 0.3297222222222222, 0.3511111111111111, 0.3388888888888888, 0.3280555555555555, 0.30916666666666665, 0.34722222222222215, 0.3466666666666666, 0.37722222222222207, 0.31638888888888883, 0.32472222222222213, 0.32444444444444437, 0.3408333333333332, 0.36305555555555546, 0.38249999999999995, 0.4369444444444443, 0.406111111111111, 0.4116666666666666, 0.40777777777777763, 0.38805555555555554, 0.4027777777777776, 0.4074999999999998, 0.42416666666666664, 0.35194444444444434, 0.39805555555555544, 0.3930555555555555, 0.4291666666666666, 0.4097222222222222, 0.37083333333333324, 0.37277777777777765, 0.36833333333333323, 0.3780555555555555, 0.30555555555555547, 0.3555555555555554, 0.3477777777777777, 0.3491666666666666, 0.30055555555555546, 0.2905555555555554, 0.31999999999999984, 0.348611111111111, 0.381111111111111, 0.33638888888888885, 0.3547222222222221, 0.3444444444444443],