{"cfg": {"method": "RECD", "trace": "/Users/ckim48/Downloads/infocomsim/results/traces/trace_med_n60_s1.npz", "seed": 1, "rounds": 55, "r_v2v": 200.0, "cache_encoders": 4, "max_out": 3, "V": 200.0, "use_gat": true, "dataset": "fmnist"}, "hist": {"acc": [0.10084999973575275, 0.1551000005255143, 0.28486666778723396, 0.339283332725366, 0.3718666675190131, 0.38354999671379725, 0.3948000001410643, 0.4065166672070821, 0.4256000012159348, 0.4388166670997938, 0.44591666758060455, 0.4521999975045522], "acc_round": [1, 5, 10, 15, 20, 25, 30, 35, 40, 45, 50, 55], "recv": [60, 66, 81, 94, 70, 69, 67, 90, 45, 88, 57, 85, 68, 72, 66, 72, 92, 52, 69, 49, 87, 76, 66, 79, 58, 91, 48, 89, 65, 86, 75, 66, 59, 55, 98, 54, 70, 53, 104, 87, 64, 80, 49, 95, 47, 83, 63, 89, 78, 74, 69, 54, 88, 68, 82], "succ": [60, 66, 81, 94, 70, 69, 67, 90, 45, 88, 57, 85, 68, 72, 66, 72, 92, 52, 69, 49, 87, 76, 66, 79, 58, 91, 48, 89, 65, 86, 75, 66, 59, 55, 98, 54, 70, 53, 104, 87, 64, 80, 49, 95, 47, 83, 63, 89, 78, 74, 69, 54, 88, 68, 82], "att": [60, 67, 82, 97, 72, 72, 68, 90, 45, 88, 66, 87, 74, 73, 76, 74, 110, 53, 80, 50, 88, 81, 67, 90, 63, 100, 48, 89, 67, 86, 76, 68, 61, 55, 106, 54, 73, 53, 104, 93, 64, 89, 50, 106, 48, 87, 65, 90, 83, 74, 71, 54, 97, 70, 83], "energy": [69.4646761767602, 47.060492422019365, 97.6833778457073, 73.60618011190553, 88.99497913216247, 84.96717637889827, 54.316138517390534, 102.4997784829712, 35.5229402430022, 109.52655230356865, 66.32514710641381, 155.21587946557895, 65.78039515121723, 112.8731048332731, 112.98815822297459, 89.69863697261952, 201.15953205840293, 36.43919474497298, 112.58731080994018, 33.359481094517825, 108.72968803035099, 72.87401121370311, 67.7207806396838, 97.01842284387924, 86.37008317058395, 191.8299219720944, 37.53539246238566, 115.27944206946985, 45.72162859490523, 142.5801100059618, 59.79980780268032, 72.16385278919309, 40.44781616477989, 43.49348166427923, 188.8052528447105, 33.666663295403794, 108.29777961472415, 34.32070366264462, 224.5933538999359, 83.96516393593305, 59.93186308972372, 110.01788200358898, 31.867797636053186, 190.05638542474276, 28.882418106193064, 81.98921543131358, 54.571910761198154, 164.76854776522836, 76.5304860138406, 81.32706078818788, 81.67216676811286, 40.03165822479461, 160.5182916190277, 64.67307467946824, 102.0544549902802], "coverage": [0.3153846153846154, 0.4846153846153846, 0.6538461538461539, 0.7076923076923077, 0.7538461538461538, 0.7923076923076923, 0.7923076923076923, 0.8538461538461538, 0.8692307692307693, 0.8923076923076924, 0.9, 0.9307692307692308, 0.9538461538461539, 0.9615384615384616, 0.9692307692307692, 0.9846153846153847, 0.9846153846153847, 0.9846153846153847, 0.9846153846153847, 0.9846153846153847, 1.0, 1.0, 1.0, 1.0, 1.0, 1.0, 1.0, 1.0, 1.0, 1.0, 1.0, 1.0, 1.0, 1.0, 1.0, 1.0, 1.0, 1.0, 1.0, 1.0, 1.0, 1.0, 1.0, 1.0, 1.0, 1.0, 1.0, 1.0, 1.0, 1.0, 1.0, 1.0, 1.0, 1.0, 1.0], "staleness": [0.0, 0.15151515151515152, 0.43209876543209874, 0.5106382978723404, 0.5571428571428572, 1.1304347826086956, 1.0746268656716418, 1.3, 1.3777777777777778, 1.2613636363636365, 1.6842105263157894, 1.7294117647058824, 1.4705882352941178, 1.4861111111111112, 1.5303030303030303, 1.8472222222222223, 1.2282608695652173, 0.8076923076923077, 1.4202898550724639, 1.653061224489796, 1.3448275862068966, 1.8026315789473684, 2.0, 1.9240506329113924, 1.603448275862069, 2.1648351648351647, 2.375, 1.7415730337078652, 1.3846153846153846, 1.302325581395349, 1.6933333333333334, 1.5909090909090908, 1.2372881355932204, 1.6, 1.4387755102040816, 1.4444444444444444, 2.0, 2.0, 1.5961538461538463, 1.7701149425287357, 0.984375, 1.3, 2.020408163265306, 1.4947368421052631, 1.3829787234042554, 1.3734939759036144, 1.6984126984126984, 1.3707865168539326, 1.1923076923076923, 1.2027027027027026, 1.4057971014492754, 1.9444444444444444, 1.4772727272727273, 1.4411764705882353, 1.670731707317073], "fail": [0, 1, 1, 3, 2, 3, 1, 0, 0, 0, 9, 2, 6, 1, 10, 2, 18, 1, 11, 1, 1, 5, 1, 11, 5, 9, 0, 0, 2, 0, 1, 2, 2, 0, 8, 0, 3, 0, 0, 6, 0, 9, 1, 11, 1, 4, 2, 1, 5, 0, 2, 0, 9, 2, 1], "recv_per_veh": [13.0, 64.0, 45.0, 78.0, 68.0, 81.0, 72.0, 72.0, 20.0, 63.0, 39.0, 92.0, 41.0, 74.0, 56.0, 30.0, 60.0, 74.0, 42.0, 80.0, 88.0, 49.0, 39.0, 41.0, 41.0, 75.0, 44.0, 88.0, 54.0, 55.0, 34.0, 54.0, 37.0, 45.0, 82.0, 35.0, 53.0, 49.0, 36.0, 48.0, 60.0, 35.0, 58.0, 44.0, 69.0, 36.0, 53.0, 33.0, 92.0, 31.0, 49.0, 65.0, 27.0, 74.0, 65.0, 56.0, 38.0, 54.0, 34.0, 45.0], "first_recv": {"4_0": 0, "4_2": 0, "4_1": 0, "5_1": 0, "5_0": 0, "6_1": 0, "6_0": 0, "6_2": 0, "8_0": 0, "9_1": 0, "9_0": 0, "13_0": 0, "13_2": 0, "13_1": 0, "14_2": 0, "16_0": 0, "17_2": 0, "22_1": 0, "24_0": 0, "27_0": 0, "27_1": 0, "28_1": 0, "29_0": 0, "29_1": 0, "30_1": 0, "34_1": 0, "36_1": 0, "41_1": 0, "41_0": 0, "42_1": 0, "44_2": 0, "45_1": 0, "47_1": 0, "47_0": 0, "49_0": 0, "49_1": 0, "50_0": 0, "55_1": 0, "55_2": 0, "55_0": 0, "59_2": 0, "0_0": 1, "11_2": 1, "11_1": 1, "14_0": 1, "18_1": 1, "19_0": 1, "21_1": 1, "23_0": 1, "29_2": 1, "32_0": 1, "37_1": 1, "37_2": 1, "44_1": 1, "48_2": 1, "51_0": 1, "53_1": 1, "53_2": 1, "53_0": 1, "56_2": 1, "56_1": 1, "58_0": 1, "59_0": 1, "1_1": 2, "3_2": 2, "7_1": 2, "12_0": 2, "20_1": 2, "25_1": 2, "33_1": 2, "33_2": 2, "33_0": 2, "35_1": 2, "38_2": 2, "38_0": 2, "39_2": 2, "40_0": 2, "40_2": 2, "40_1": 2, "48_1": 2, "51_1": 2, "52_1": 2, "54_1": 2, "54_0": 2, "58_2": 2, "2_0": 3, "23_2": 3, "26_2": 3, "35_0": 3, "39_0": 3, "42_0": 3, "43_0": 3, "7_0": 4, "19_1": 4, "20_2": 4, "21_2": 4, "50_2": 4, "57_1": 4, "10_2": 5, "15_2": 5, "18_0": 5, "23_1": 5, "54_2": 5, "7_2": 7, "19_2": 7, "26_1": 7, "26_0": 7, "28_0": 7, "46_1": 7, "46_2": 7, "59_1": 7, "2_2": 8, "28_2": 8, "12_2": 9, "31_2": 9, "52_0": 9, "10_1": 10, "22_0": 11, "38_1": 11, "43_1": 11, "50_1": 11, "15_0": 12, "31_1": 12, "31_0": 12, "12_1": 13, "17_1": 14, "17_0": 15, "21_0": 15, "10_0": 20, "44_0": 20}, "y_queue": [0.07416666666666667, 0.13166666666666668, 0.14583333333333334, 0.18083333333333332, 0.2283333333333333, 0.25166666666666665, 0.28833333333333333, 0.29305555555555557, 0.3447222222222222, 0.33861111111111103, 0.3761111111111111, 0.35527777777777775, 0.3744444444444444, 0.38111111111111107, 0.38138888888888883, 0.3630555555555555, 0.3666666666666666, 0.4125, 0.43194444444444435, 0.47444444444444434, 0.41888888888888876, 0.42694444444444424, 0.46555555555555544, 0.493611111111111, 0.5269444444444443, 0.5069444444444443, 0.5613888888888887, 0.5155555555555553, 0.5130555555555554, 0.5158333333333331, 0.5127777777777777, 0.5358333333333332, 0.5444444444444442, 0.5766666666666664, 0.5324999999999999, 0.5574999999999998, 0.5730555555555553, 0.6213888888888887, 0.5961111111111108, 0.577222222222222, 0.6066666666666664, 0.6027777777777775, 0.6294444444444441, 0.5591666666666666, 0.5999999999999999, 0.5991666666666665, 0.5927777777777776, 0.5427777777777776, 0.5613888888888886, 0.5722222222222221, 0.582222222222222, 0.6219444444444442, 0.5688888888888887, 0.5819444444444442, 0.5549999999999997],