{"cfg": {"method": "Mobility-Greedy", "trace": "/Users/ckim48/Downloads/infocomsim/results/traces/trace_med_n60_s1.npz", "seed": 1, "rounds": 55, "r_v2v": 200.0, "cache_encoders": 6, "max_out": 3, "V": 50.0, "use_gat": true, "dataset": "fmnist"}, "hist": {"acc": [0.10118333312372367, 0.14408333227038383, 0.2671333326647679, 0.3306500012675921, 0.36001666511098546, 0.3765999992688497, 0.3843666655321916, 0.4031000023086866, 0.4147166659434636, 0.4446666652957598, 0.4545166686177254, 0.4706833337744077], "acc_round": [1, 5, 10, 15, 20, 25, 30, 35, 40, 45, 50, 55], "recv": [114, 111, 124, 115, 122, 109, 106, 116, 113, 111, 95, 105, 94, 102, 97, 121, 107, 115, 125, 107, 126, 127, 128, 95, 115, 107, 99, 129, 104, 132, 120, 141, 106, 111, 109, 122, 105, 99, 143, 128, 125, 105, 99, 119, 113, 103, 102, 124, 118, 120, 106, 106, 108, 110, 108], "succ": [114, 111, 124, 115, 122, 109, 106, 116, 113, 111, 95, 105, 94, 102, 97, 121, 107, 115, 125, 107, 126, 127, 128, 95, 115, 107, 99, 129, 104, 132, 120, 141, 106, 111, 109, 122, 105, 99, 143, 128, 125, 105, 99, 119, 113, 103, 102, 124, 118, 120, 106, 106, 108, 110, 108], "att": [136, 113, 135, 127, 123, 133, 120, 135, 118, 130, 115, 120, 117, 111, 133, 129, 139, 117, 142, 111, 136, 136, 131, 139, 128, 126, 106, 135, 128, 138, 149, 145, 140, 119, 123, 127, 117, 107, 145, 147, 141, 138, 114, 134, 121, 123, 110, 131, 132, 127, 136, 119, 123, 116, 125], "energy": [304.9064675967598, 161.88568072390729, 259.9498547169914, 164.23299635815627, 245.71492955795492, 249.27398188130908, 191.5165061995844, 241.1225375424168, 205.81200200436584, 320.8592998128419, 185.76025407006117, 289.5127463900351, 223.44894579119685, 263.4260993407512, 307.24475894067916, 285.89873869538684, 286.46624174853844, 234.72885895814233, 315.03318969822965, 220.89054984315663, 333.0620447400263, 297.33759858064775, 277.7496041786931, 287.04046816874353, 308.2027125783423, 301.7593846924752, 193.62266105529432, 293.3718626272163, 220.0627704459673, 284.7632814965251, 297.10619319985915, 289.731760880451, 298.2917574886015, 266.09102385639375, 283.49431863440003, 276.13554501690976, 258.2830817945617, 227.05132807779995, 373.44705224651966, 329.6073164293295, 373.2042344631242, 322.0576770843906, 220.54080227431382, 315.3465615991606, 236.88738030896903, 256.95170194395683, 177.46536006449526, 299.8952888406783, 280.94133540599756, 316.89343973756644, 306.65048632999765, 252.25746840526412, 237.439419792301, 261.00046404374194, 320.83488969728495], "coverage": [0.5153846153846153, 0.6307692307692307, 0.7846153846153846, 0.7923076923076923, 0.8384615384615385, 0.8846153846153846, 0.9, 0.9153846153846154, 0.9538461538461539, 0.9769230769230769, 0.9769230769230769, 0.9769230769230769, 0.9846153846153847, 0.9923076923076923, 1.0, 1.0, 1.0, 1.0, 1.0, 1.0, 1.0, 1.0, 1.0, 1.0, 1.0, 1.0, 1.0, 1.0, 1.0, 1.0, 1.0, 1.0, 1.0, 1.0, 1.0, 1.0, 1.0, 1.0, 1.0, 1.0, 1.0, 1.0, 1.0, 1.0, 1.0, 1.0, 1.0, 1.0, 1.0, 1.0, 1.0, 1.0, 1.0, 1.0, 1.0], "staleness": [0.0, 0.35135135135135137, 0.5403225806451613, 0.6434782608695652, 0.8278688524590164, 0.9174311926605505, 0.9905660377358491, 1.1637931034482758, 1.0442477876106195, 1.2702702702702702, 1.1578947368421053, 1.2380952380952381, 1.4680851063829787, 1.107843137254902, 1.092783505154639, 1.0578512396694215, 1.2897196261682242, 1.1217391304347826, 1.336, 1.205607476635514, 1.3412698412698412, 1.4330708661417322, 1.4453125, 1.2421052631578948, 1.373913043478261, 1.411214953271028, 1.7575757575757576, 1.2015503875968991, 1.1923076923076923, 1.3863636363636365, 1.1833333333333333, 1.1418439716312057, 1.1037735849056605, 1.2252252252252251, 1.128440366972477, 1.5245901639344261, 1.0095238095238095, 0.9595959595959596, 1.3776223776223777, 1.1484375, 0.944, 0.8666666666666667, 0.8181818181818182, 1.1260504201680672, 1.0176991150442478, 0.9805825242718447, 1.1568627450980393, 1.25, 1.2203389830508475, 0.9583333333333334, 1.1037735849056605, 1.2075471698113207, 1.0925925925925926, 1.0727272727272728, 1.1388888888888888], "fail": [22, 2, 11, 12, 1, 24, 14, 19, 5, 19, 20, 15, 23, 9, 36, 8, 32, 2, 17, 4, 10, 9, 3, 44, 13, 19, 7, 6, 24, 6, 29, 4, 34, 8, 14, 5, 12, 8, 2, 19, 16, 33, 15, 15, 8, 20, 8, 7, 14, 7, 30, 13, 15, 6, 17], "recv_per_veh": [26.0, 104.0, 80.0, 81.0, 69.0, 167.0, 90.0, 102.0, 49.0, 137.0, 44.0, 148.0, 84.0, 120.0, 63.0, 62.0, 110.0, 100.0, 66.0, 137.0, 125.0, 76.0, 57.0, 61.0, 71.0, 125.0, 77.0, 151.0, 61.0, 92.0, 71.0, 63.0, 89.0, 82.0, 126.0, 83.0, 97.0, 66.0, 56.0, 71.0, 81.0, 108.0, 126.0, 82.0, 129.0, 79.0, 85.0, 34.0, 121.0, 58.0, 77.0, 111.0, 73.0, 110.0, 84.0, 53.0, 59.0, 87.0, 83.0, 79.0], "first_recv": {"1_1": 0, "3_2": 0, "4_0": 0, "5_1": 0, "5_0": 0, "7_1": 0, "8_0": 0, "9_1": 0, "11_2": 0, "13_0": 0, "13_2": 0, "13_1": 0, "14_2": 0, "16_0": 0, "17_2": 0, "18_0": 0, "18_1": 0, "19_1": 0, "20_2": 0, "20_1": 0, "21_1": 0, "21_0": 0, "22_1": 0, "23_0": 0, "23_2": 0, "24_0": 0, "25_1": 0, "26_2": 0, "27_0": 0, "27_1": 0, "29_0": 0, "29_2": 0, "29_1": 0, "30_1": 0, "32_0": 0, "34_1": 0, "35_0": 0, "36_1": 0, "37_1": 0, "38_1": 0, "39_0": 0, "41_0": 0, "41_1": 0, "42_1": 0, "44_2": 0, "44_1": 0, "45_1": 0, "48_2": 0, "49_0": 0, "49_1": 0, "50_0": 0, "50_1": 0, "51_0": 0, "51_1": 0, "52_1": 0, "52_0": 0, "53_1": 0, "54_0": 0, "54_2": 0, "54_1": 0, "55_1": 0, "55_2": 0, "55_0": 0, "56_2": 0, "57_1": 0, "58_2": 0, "58_0": 0, "0_0": 1, "4_1": 1, "6_2": 1, "11_1": 1, "19_2": 1, "28_1": 1, "37_2": 1, "40_0": 1, "40_1": 1, "42_0": 1, "44_0": 1, "47_1": 1, "48_1": 1, "59_0": 1, "59_2": 1, "2_0": 2, "6_1": 2, "7_2": 2, "10_1": 2, "10_0": 2, "12_0": 2, "19_0": 2, "26_1": 2, "28_0": 2, "33_1": 2, "33_0": 2, "33_2": 2, "35_1": 2, "38_2": 2, "38_0": 2, "40_2": 2, "43_0": 2, "47_0": 2, "53_0": 2, "56_1": 2, "39_2": 3, "4_2": 4, "7_0": 4, "21_2": 4, "43_1": 4, "46_2": 4, "46_1": 4, "6_0": 5, "15_0": 5, "15_2": 5, "17_0": 5, "28_2": 5, "59_1": 5, "26_0": 6, "50_2": 6, "31_1": 7, "31_0": 7, "2_2": 8, "12_2": 8, "23_1": 8, "31_2": 8, "53_2": 8, "9_0": 9, "10_2": 9, "22_0": 9, "12_1": 12, "14_0": 13, "17_1": 14}, "y_queue": [], "z_queue": [], "acc_per_veh": [0.47999998927116394, 0.43700000643730164, 0.3449999988079071, 0.4050000011920929, 0.41600000858306885, 0.34299999475479126, 0.6520000100135803, 0.39399999380111694, 0.4970000088214874, 0.3840000033378601, 0.6159999966621399, 0.48100000619888306, 0.4399999976158142, 0.4009999930858612, 0.4560000002384186, 0.40299999713897705, 0.4740000069141388, 0.3479999899864197, 0.578000009059906, 0.4729999899864197, 0.45100000500679016, 0.4359999895095825, 0.5339999794960022, 0.5070000290870667, 0.4339999854564667, 0.4009999930858612, 0.48100000619888306, 0.5540000200271606, 0.5849999785423279, 0.6309999823570251, 0.4650000035762787, 0.4569999873638153, 0.39399999380111694, 0.375, 0.4320000112056732, 0.48399999737739563, 0.37700000405311584, 0.6050000190734863, 0.5529999732971191, 0.41499999165534973, 0.527999997138977, 0.515999972820282, 0.4830000102519989, 0.5370000004768372, 0.3490000069141388, 0.5170000195503235, 0.3700000047683716, 0.3269999921321869, 0.6489999890327454, 0.40700000524520874, 0.527999997138977, 0.36000001430511475, 0.3930000066757202, 0.5889999866485596, 0.3709999918937683, 0.5260000228881836, 0.5720000267028809, 0.5360000133514404, 0.48399999737739563, 0.6050000190734863], "veh_meta": [{"mods": [0], "D": {"0": 900}, "Q": {"0": 0.9296273342569894}}, {"mods": [1], "D": {"1": 205}, "Q": {"1": 0.5332603873270162}}, {"mods": [0, 2], "D": {"0": 160, "2": 280}, "Q": {"0": 0.9551798633198361, "2": 0.8836897573943958}}, {"mods": [2], "D": {"2": 60}, "Q": {"2": 0.8036362253500965}}, {"mods": [0, 1, 2], "D": {"0": 399, "1": 685, "2": 410}, "Q": {"0": 0.934215372322613, "1": 0.8256628651307353, "2": 0.8788927905803693}}, {"mods": [0, 1], "D": {"0": 81, "1": 34}, "Q": {"0": 0.8081698892786238, "1": 0.8063234640631504}}, {"mods": [0, 1, 2], "D": {"0": 847, "1": 439, "2": 319}, "Q": {"0": 0.38925879901530147, "1": 0.47256585286563746,