{"cfg": {"method": "RECD", "trace": "/Users/ckim48/Downloads/infocomsim/results/traces/trace_med_n60_s1.npz", "seed": 1, "rounds": 55, "r_v2v": 200.0, "cache_encoders": 4, "max_out": 3, "V": 20.0, "use_gat": true, "dataset": "fmnist"}, "hist": {"acc": [0.10004999972879887, 0.1583166666328907, 0.2929666668176651, 0.33750000074505804, 0.37326666712760925, 0.390899998943011, 0.3978000002602736, 0.40535000239809355, 0.42788333296775816, 0.44011666576067604, 0.44435000270605085, 0.4509333332379659], "acc_round": [1, 5, 10, 15, 20, 25, 30, 35, 40, 45, 50, 55], "recv": [60, 66, 79, 93, 71, 69, 68, 89, 44, 88, 61, 85, 65, 72, 66, 71, 94, 51, 68, 48, 89, 74, 68, 78, 56, 86, 43, 89, 62, 83, 73, 67, 58, 55, 96, 51, 68, 45, 101, 82, 64, 80, 50, 95, 43, 81, 64, 87, 68, 73, 66, 54, 89, 63, 75], "succ": [60, 66, 79, 93, 71, 69, 68, 89, 44, 88, 61, 85, 65, 72, 66, 71, 94, 51, 68, 48, 89, 74, 68, 78, 56, 86, 43, 89, 62, 83, 73, 67, 58, 55, 96, 51, 68, 45, 101, 82, 64, 80, 50, 95, 43, 81, 64, 87, 68, 73, 66, 54, 89, 63, 75], "att": [60, 67, 80, 95, 72, 71, 69, 89, 44, 88, 69, 86, 69, 73, 74, 73, 109, 51, 79, 49, 89, 79, 68, 87, 61, 93, 43, 90, 63, 83, 73, 69, 61, 55, 104, 51, 71, 45, 101, 87, 65, 87, 51, 106, 44, 85, 66, 88, 72, 73, 67, 54, 95, 64, 75], "energy": [69.4646761767602, 47.060492422019365, 95.65613633158998, 70.80211714024327, 77.39755098139655, 79.95336600849598, 55.19215222143003, 105.69199639274794, 34.588903519434716, 117.54330391518357, 62.83323212885305, 132.4602678601189, 57.913801491953144, 112.51460942817504, 93.95321174244353, 83.88214148521838, 191.5091117590761, 34.896087736109095, 108.1703772402162, 33.16458224386552, 99.21782948339931, 72.0062419237548, 74.6804623291457, 90.12858768118737, 76.91009350508544, 167.78261055669824, 34.324107081169416, 109.76524440334602, 43.345131417826764, 126.51096975555393, 58.911019408496884, 74.00124680887328, 41.33125443052513, 42.54851090193078, 187.51166995251506, 29.81981932403231, 101.12327603845269, 29.614814737622567, 208.82339143776073, 77.46507018624085, 64.87641306276464, 103.1597126738172, 33.9668491343936, 191.6420214148166, 25.820531636080382, 78.89660340967636, 54.95264331180078, 162.27668799380345, 62.58983821867261, 81.67420424822728, 64.2436793533141, 38.8343265993251, 149.97544614118752, 55.15211717210769, 79.52759731776058], "coverage": [0.3153846153846154, 0.4846153846153846, 0.6461538461538462, 0.6923076923076923, 0.7538461538461538, 0.7923076923076923, 0.8076923076923077, 0.8615384615384616, 0.8769230769230769, 0.9076923076923077, 0.9153846153846154, 0.9538461538461539, 0.9692307692307692, 0.9692307692307692, 0.9769230769230769, 0.9923076923076923, 0.9923076923076923, 0.9923076923076923, 0.9923076923076923, 0.9923076923076923, 1.0, 1.0, 1.0, 1.0, 1.0, 1.0, 1.0, 1.0, 1.0, 1.0, 1.0, 1.0, 1.0, 1.0, 1.0, 1.0, 1.0, 1.0, 1.0, 1.0, 1.0, 1.0, 1.0, 1.0, 1.0, 1.0, 1.0, 1.0, 1.0, 1.0, 1.0, 1.0, 1.0, 1.0, 1.0], "staleness": [0.0, 0.15151515151515152, 0.4430379746835443, 0.5053763440860215, 0.5492957746478874, 1.0869565217391304, 1.1470588235294117, 1.247191011235955, 1.3409090909090908, 1.2386363636363635, 1.8360655737704918, 1.7647058823529411, 1.3846153846153846, 1.8055555555555556, 1.7727272727272727, 2.2816901408450705, 1.4787234042553192, 1.1176470588235294, 1.6470588235294117, 1.8333333333333333, 1.6404494382022472, 1.662162162162162, 2.25, 1.935897435897436, 1.8214285714285714, 2.0232558139534884, 1.441860465116279, 1.7078651685393258, 1.8870967741935485, 1.3493975903614457, 1.7397260273972603, 1.3432835820895523, 1.2586206896551724, 1.5818181818181818, 1.46875, 1.6274509803921569, 1.838235294117647, 1.3111111111111111, 1.5346534653465347, 1.8902439024390243, 1.3125, 1.4625, 1.96, 1.6105263157894736, 1.3488372093023255, 1.1975308641975309, 1.5, 1.160919540229885, 1.1176470588235294, 1.2465753424657535, 1.8181818181818181, 1.8148148148148149, 1.5056179775280898, 1.5555555555555556, 1.2666666666666666], "fail": [0, 1, 1, 2, 1, 2, 1, 0, 0, 0, 8, 1, 4, 1, 8, 2, 15, 0, 11, 1, 0, 5, 0, 9, 5, 7, 0, 1, 1, 0, 0, 2, 3, 0, 8, 0, 3, 0, 0, 5, 1, 7, 1, 11, 1, 4, 2, 1, 4, 0, 1, 0, 6, 1, 0], "recv_per_veh": [13.0, 66.0, 47.0, 80.0, 65.0, 80.0, 76.0, 70.0, 21.0, 65.0, 44.0, 94.0, 43.0, 79.0, 56.0, 32.0, 62.0, 71.0, 40.0, 73.0, 87.0, 49.0, 35.0, 36.0, 42.0, 73.0, 44.0, 85.0, 56.0, 49.0, 34.0, 55.0, 38.0, 45.0, 81.0, 36.0, 52.0, 43.0, 34.0, 51.0, 63.0, 36.0, 56.0, 41.0, 70.0, 35.0, 50.0, 35.0, 81.0, 31.0, 44.0, 61.0, 29.0, 78.0, 66.0, 56.0, 33.0, 54.0, 35.0, 50.0], "first_recv": {"4_0": 0, "4_2": 0, "4_1": 0, "5_1": 0, "5_0": 0, "6_1": 0, "6_0": 0, "6_2": 0, "8_0": 0, "9_1": 0, "9_0": 0, "13_0": 0, "13_2": 0, "13_1": 0, "14_2": 0, "16_0": 0, "17_2": 0, "22_1": 0, "24_0": 0, "27_0": 0, "27_1": 0, "28_1": 0, "29_0": 0, "29_1": 0, "30_1": 0, "34_1": 0, "36_1": 0, "41_1": 0, "41_0": 0, "42_1": 0, "44_2": 0, "45_1": 0, "47_1": 0, "47_0": 0, "49_0": 0, "49_1": 0, "50_0": 0, "55_1": 0, "55_2": 0, "55_0": 0, "59_2": 0, "0_0": 1, "11_2": 1, "11_1": 1, "14_0": 1, "18_1": 1, "19_0": 1, "21_1": 1, "23_0": 1, "29_2": 1, "32_0": 1, "37_1": 1, "37_2": 1, "44_1": 1, "48_2": 1, "51_0": 1, "53_1": 1, "53_2": 1, "53_0": 1, "56_2": 1, "56_1": 1, "58_0": 1, "59_0": 1, "1_1": 2, "3_2": 2, "7_1": 2, "12_0": 2, "20_1": 2, "25_1": 2, "33_1": 2, "33_2": 2, "33_0": 2, "35_1": 2, "38_2": 2, "38_0": 2, "39_2": 2, "40_0": 2, "40_2": 2, "40_1": 2, "51_1": 2, "52_1": 2, "54_1": 2, "54_0": 2, "58_2": 2, "2_0": 3, "26_2": 3, "35_0": 3, "39_0": 3, "42_0": 3, "43_0": 3, "7_0": 4, "19_1": 4, "20_2": 4, "21_2": 4, "50_1": 4, "50_2": 4, "57_1": 4, "59_1": 4, "10_2": 5, "15_2": 5, "23_1": 5, "23_2": 5, "54_2": 5, "31_2": 6, "48_1": 6, "7_2": 7, "19_2": 7, "26_1": 7, "26_0": 7, "28_0": 7, "46_1": 7, "46_2": 7, "2_2": 8, "28_2": 8, "12_2": 9, "22_0": 9, "31_0": 9, "52_0": 9, "10_1": 10, "10_0": 11, "12_1": 11, "18_0": 11, "38_1": 11, "43_1": 11, "15_0": 12, "31_1": 12, "17_1": 14, "17_0": 15, "21_0": 15, "44_0": 20}, "y_queue": [0.07416666666666667, 0.13166666666666668, 0.14916666666666664, 0.18583333333333335, 0.22333333333333336, 0.25, 0.2763888888888889, 0.2875, 0.33916666666666667, 0.3244444444444444, 0.35694444444444434, 0.32416666666666666, 0.34694444444444444, 0.3472222222222222, 0.3541666666666666, 0.3422222222222222, 0.3258333333333333, 0.3677777777777777, 0.40166666666666656, 0.44194444444444436, 0.3722222222222221, 0.39833333333333326, 0.4158333333333333, 0.4302777777777777, 0.4666666666666665, 0.47111111111111104, 0.5238888888888888, 0.4838888888888887, 0.48555555555555535, 0.49555555555555536, 0.4924999999999999, 0.49999999999999983, 0.5049999999999999, 0.5277777777777776, 0.4627777777777776, 0.4869444444444443, 0.4824999999999998, 0.5316666666666664, 0.49277777777777754, 0.4791666666666665, 0.5024999999999998, 0.4983333333333332, 0.5194444444444443, 0.45194444444444426, 0.49944444444444414, 0.48694444444444424, 0.46583333333333315, 0.42305555555555535, 0.4283333333333331, 0.4269444444444442, 0.4527777777777776, 0.4991666666666665, 0.4577777777777777, 0.47111111111111087, 0.4466666666666664],