{"cfg": {"method": "DFL-Gossip", "trace": "/Users/ckim48/Downloads/infocomsim/results/traces/trace_med_n30_s1.npz", "seed": 1, "rounds": 55, "r_v2v": 200.0, "cache_encoders": 4, "max_out": 3, "V": 50.0, "use_gat": true, "dataset": "fmnist"}, "hist": {"acc": [0.0991666667163372, 0.15873333364725112, 0.2861666684349378, 0.33803333540757496, 0.36676666686932247, 0.38746666312217715, 0.4071666657924652, 0.40910000205039976, 0.4233000010251999, 0.43899999956289926, 0.44403333167235054, 0.45936666627724965], "acc_round": [1, 5, 10, 15, 20, 25, 30, 35, 40, 45, 50, 55], "recv": [42, 38, 63, 49, 41, 53, 48, 57, 59, 56, 61, 52, 43, 51, 41, 47, 46, 41, 54, 52, 43, 41, 53, 52, 50, 57, 49, 56, 39, 40, 47, 47, 41, 60, 59, 62, 63, 57, 60, 55, 64, 59, 53, 52, 38, 48, 32, 32, 41, 51, 51, 41, 34, 30, 40], "succ": [42, 38, 63, 49, 41, 53, 48, 57, 59, 56, 61, 52, 43, 51, 41, 47, 46, 41, 54, 52, 43, 41, 53, 52, 50, 57, 49, 56, 39, 40, 47, 47, 41, 60, 59, 62, 63, 57, 60, 55, 64, 59, 53, 52, 38, 48, 32, 32, 41, 51, 51, 41, 34, 30, 40], "att": [46, 45, 71, 66, 62, 58, 65, 63, 69, 66, 70, 66, 54, 57, 52, 55, 58, 56, 57, 62, 51, 45, 57, 62, 54, 62, 64, 63, 55, 49, 53, 60, 63, 74, 66, 66, 77, 72, 72, 71, 66, 64, 57, 62, 64, 58, 56, 44, 58, 57, 59, 59, 45, 47, 43], "energy": [85.34705410616401, 61.17916930022629, 133.79901913272172, 85.59228035972795, 92.34098949356851, 97.23605288894437, 110.53469875948751, 93.27408849342234, 105.23756733813542, 130.87153057130277, 124.72831926970397, 149.85846022853931, 122.92645087997268, 115.18846977401213, 94.1848151307882, 89.488760901019, 88.83437892142243, 94.92878899271416, 115.90367429519917, 107.89245574830963, 85.26503556740897, 76.7766450264152, 124.74071455779668, 133.99195078390449, 92.99576369259478, 118.55667471929998, 99.72550187173444, 124.71227820599006, 78.74484324739242, 74.07123225162145, 105.76145455201981, 131.77200942707287, 113.92427764833596, 144.51451006364888, 109.92897859375975, 117.66544661978054, 173.57102421070744, 156.6025553267044, 152.62574806929663, 133.5833772014867, 112.46733660146899, 95.39656431268112, 92.78880184747514, 113.2904758541991, 112.11780309129165, 131.55509300464897, 88.23945003158923, 54.58192428238249, 107.03677496931167, 106.12892918112578, 101.49575143992689, 77.17063472369803, 68.36807742329941, 70.96466621563769, 83.2025907041], "coverage": [0.5384615384615384, 0.5692307692307692, 0.7846153846153846, 0.8, 0.8615384615384616, 0.9076923076923077, 0.9230769230769231, 1.0, 1.0, 1.0, 1.0, 1.0, 1.0, 1.0, 1.0, 1.0, 1.0, 1.0, 1.0, 1.0, 1.0, 1.0, 1.0, 1.0, 1.0, 1.0, 1.0, 1.0, 1.0, 1.0, 1.0, 1.0, 1.0, 1.0, 1.0, 1.0, 1.0, 1.0, 1.0, 1.0, 1.0, 1.0, 1.0, 1.0, 1.0, 1.0, 1.0, 1.0, 1.0, 1.0, 1.0, 1.0, 1.0, 1.0, 1.0], "staleness": [0.0, 0.0, 0.0, 0.0, 0.0, 0.0, 0.0, 0.0, 0.0, 0.0, 0.0, 0.0, 0.0, 0.0, 0.0, 0.0, 0.0, 0.0, 0.0, 0.0, 0.0, 0.0, 0.0, 0.0, 0.0, 0.0, 0.0, 0.0, 0.0, 0.0, 0.0, 0.0, 0.0, 0.0, 0.0, 0.0, 0.0, 0.0, 0.0, 0.0, 0.0, 0.0, 0.0, 0.0, 0.0, 0.0, 0.0, 0.0, 0.0, 0.0, 0.0, 0.0, 0.0, 0.0, 0.0], "fail": [4, 7, 8, 17, 21, 5, 17, 6, 10, 10, 9, 14, 11, 6, 11, 8, 12, 15, 3, 10, 8, 4, 4, 10, 4, 5, 15, 7, 16, 9, 6, 13, 22, 14, 7, 4, 14, 15, 12, 16, 2, 5, 4, 10, 26, 10, 24, 12, 17, 6, 8, 18, 11, 17, 3], "recv_per_veh": [96.0, 137.0, 56.0, 69.0, 61.0, 31.0, 107.0, 67.0, 142.0, 75.0, 71.0, 156.0, 94.0, 42.0, 93.0, 139.0, 118.0, 128.0, 111.0, 58.0, 67.0, 62.0, 97.0, 96.0, 99.0, 49.0, 70.0, 100.0, 124.0, 76.0], "first_recv": {"0_0": 0, "0_2": 0, "1_1": 0, "1_2": 0, "3_0": 0, "3_2": 0, "4_2": 0, "6_0": 0, "6_1": 0, "6_2": 0, "7_2": 0, "8_0": 0, "11_1": 0, "11_2": 0, "12_2": 0, "13_0": 0, "14_2": 0, "16_0": 0, "16_1": 0, "16_2": 0, "18_2": 0, "20_2": 0, "23_1": 0, "24_0": 0, "24_1": 0, "24_2": 0, "25_0": 0, "26_2": 0, "27_1": 0, "27_2": 0, "27_0": 0, "28_0": 0, "28_2": 0, "29_0": 0, "29_1": 0, "9_2": 1, "25_1": 1, "8_2": 2, "8_1": 2, "10_0": 2, "10_1": 2, "12_1": 2, "14_1": 2, "15_1": 2, "15_2": 2, "17_1": 2, "17_2": 2, "18_1": 2, "19_0": 2, "20_0": 2, "21_0": 2, "23_2": 3, "2_2": 4, "5_1": 4, "15_0": 4, "17_0": 4, "9_1": 5, "18_0": 5, "21_1": 5, "10_2": 6, "7_1": 7, "9_0": 7, "22_0": 7, "22_1": 7, "22_2": 7}, "y_queue": [], "z_queue": [], "acc_per_veh": [0.4429999887943268, 0.44699999690055847, 0.39800000190734863, 0.3779999911785126, 0.3449999988079071, 0.42800000309944153, 0.5630000233650208, 0.35499998927116394, 0.6169999837875366, 0.47200000286102295, 0.4869999885559082, 0.41600000858306885, 0.31700000166893005, 0.40400001406669617, 0.5339999794960022, 0.5550000071525574, 0.4490000009536743, 0.515999972820282, 0.4569999873638153, 0.45399999618530273, 0.5220000147819519, 0.5260000228881836, 0.5220000147819519, 0.4690000116825104, 0.4909999966621399, 0.4339999854564667, 0.42800000309944153, 0.492000013589859, 0.39800000190734863, 0.46399998664855957], "veh_meta": [{"mods": [0, 2], "D": {"0": 514, "2": 798}, "Q": {"0": 0.8276859578168199, "2": 0.49476853410702387}}, {"mods": [1, 2], "D": {"1": 219, "2": 254}, "Q": {"1": 0.9601031393520297, "2": 0.8034759204422484}}, {"mods": [2], "D": {"2": 282}, "Q": {"2": 0.873393629309519}}, {"mods": [0, 2], "D": {"0": 33, "2": 36}, "Q": {"0": 0.9660434164087256, "2": 0.4656913895495027}}, {"mods": [2], "D": {"2": 189}, "Q": {"2": 0.8633876873043712}}, {"mods": [1], "D": {"1": 63}, "Q": {"1": 0.31329888969278097}}, {"mods": [0, 1, 2], "D": {"0": 786, "1": 546, "2": 1083}, "Q": {"0": 0.9469480776321255, "1": 0.9608684968126827, "2": 0.9309761565234789}}, {"mods": [1, 2], "D": {"1": 65, "2": 191}, "Q": {"1": 0.8352258552643103, "2": 0.9812241184927963}}, {"mods": [0, 1, 2], "D": {"0": 202, "1": 309, "2": 500}, "Q": {"0": 0.9382879532587274, "1": 0.9363417339040179, "2": 0.9472337052856812}}, {"mods": [0, 1, 2], "D": {"0": 245, "1": 160, "2": 47}, "Q": {"0": 0.9723055277501328, "1": 0.9112070068854516, "2": 0.9772818950648529}}, {"mods": [0, 1, 2], "D": {"0": 910, "1": 779, "2": 869}, "Q": {"0": 0.8980587614567556, "1": 0.35844664272040566, "2": 0.8330542816678924}}, {"mods": [1, 2], "D": {"1": 77, "2": 81}, "Q": {"1": 0.9113141207653813, "2": 0.33623887563817606}}, {"mods": [1, 2], "D": {"1": 280, "2": 23}, "Q": {"1": 0.8307646415830638, "2": 0.4574166281766623}}, {"mods": [0], "D": {"0": 104}, "Q": {"0": 0.2553248144714653}}, {"mods": [1, 2], "D": {"1": 300, "2": 476}, "Q": {"1": 0.8451593965215521, "2": 0.9574994940789158}}, {"mods": [0, 1, 2], "D": {"0": 60, "1": 161, "2": 209}, "Q": {"0": 0.47241501029848726, "1": 0.3151767767029149, "2": 0.41308073979007626}}, {"mods": [0, 1, 2], "D": {"0": 367, "1": 93, "2": 173}, "Q": {"0": 0.814509547790664, "1": 0.36168621199514905, "2": 0.8395496544855615}}, {"mods": [0, 1, 2], "D": {"0": 233, "1": 90, "2": 175}, "Q": {"0": 0.8419340584695549, "1": 0.3050535321994561, "2": 0.45744203558142266}}, {"mods": [0, 1, 2], "D": {"0": 235, "1": 369, "2": 343}, "Q": {"0": 0.9339632786184567, "1": 0.4324379441184276, "2": 0.997314792411335}}, {"mods": [0], "D": {"0": 434}, "Q": {"0": 0.9422979892376122}}, {"mods": [0, 2], "D": {"0": 195, "2": 136}, "Q": {"0": 0.9114829337739504, "2": 0.5136341870257433}}, {"mods": [0, 1], "D": {"0": 825, "1": 769}, "Q": {"0": 0.8006080762789616, "1": 0.5192327186711932}}, {"mods": [0, 1, 2], "D": {"0": 688, "1": 686, "2": 664}, "Q": {"0": 0.8091609259383772, "1": 0.808048521508957, "2": 0.5429622078023658}}, {"mods": [1, 2], "D": {"1": 129, "2": 253}, "Q": {"1": 0.8113076134981111, "2": 0.9247126793677128}}, {"mods": [0, 1, 2], "D": {"0": 151, "1": 665, "2": 210}, "Q": {"0": 0.47091883906358356, "1": 0.9846609919853306, "2": 0.4296154771154215}}, {"mods": [0, 1], "D": {"0": 211, "1": 98}, "Q": {"0": 0.40640322997372713, "1": 0.4404262866918307}}, {"mods": [2], "D": {"2": 219}, "Q": {"2": 0.966908999313727}}, {"mods": [0, 1, 2], "D": {"0": 35, "1": 87, "2": 200}, "Q": {"0": 0.9053354008305122, "1": 0.8108067916133719, "2": 0.8502645227601581}}, {"mods": [0, 2], "D": {"0": 227, "2": 244}, "Q": {"0": 0.9554802192379812, "2": 0.9854915997320787}}, {"mods": [0, 1], "D": {"0": 434, "1": 199},