{"cfg": {"method": "Mobility-Greedy", "trace": "/Users/ckim48/Downloads/infocomsim/results/traces/trace_med_n60_s1.npz", "seed": 1, "rounds": 55, "r_v2v": 200.0, "cache_encoders": 2, "max_out": 3, "V": 50.0, "use_gat": true, "dataset": "fmnist"}, "hist": {"acc": [0.10034999984006086, 0.1538499997307857, 0.2770499989390373, 0.3241499992708365, 0.35596666609247524, 0.3710166687766711, 0.3842333346605301, 0.4061499983072281, 0.4150833340982596, 0.43928333222866056, 0.45271666745344796, 0.4652999997138977], "acc_round": [1, 5, 10, 15, 20, 25, 30, 35, 40, 45, 50, 55], "recv": [114, 111, 126, 115, 121, 108, 106, 117, 113, 111, 95, 105, 93, 102, 97, 121, 108, 115, 125, 107, 126, 124, 127, 95, 114, 107, 99, 129, 104, 132, 120, 141, 107, 111, 108, 123, 105, 99, 143, 128, 125, 105, 98, 120, 113, 104, 101, 124, 119, 120, 108, 107, 111, 112, 107], "succ": [114, 111, 126, 115, 121, 108, 106, 117, 113, 111, 95, 105, 93, 102, 97, 121, 108, 115, 125, 107, 126, 124, 127, 95, 114, 107, 99, 129, 104, 132, 120, 141, 107, 111, 108, 123, 105, 99, 143, 128, 125, 105, 98, 120, 113, 104, 101, 124, 119, 120, 108, 107, 111, 112, 107], "att": [136, 113, 136, 127, 123, 133, 120, 135, 118, 130, 115, 120, 117, 111, 133, 129, 139, 117, 142, 110, 136, 133, 131, 139, 127, 126, 106, 135, 128, 138, 149, 145, 139, 119, 123, 128, 118, 107, 145, 147, 141, 138, 114, 134, 121, 123, 110, 131, 132, 127, 136, 119, 124, 118, 125], "energy": [304.9064675967598, 166.34592123484393, 255.6879359454697, 159.39204831703614, 244.28406251261598, 243.38640653170313, 190.27794317570343, 235.2193416933654, 205.81200200436584, 320.685453535678, 185.24712182609542, 288.4894187268047, 223.20936360934053, 263.4260993407512, 304.3626896117007, 285.89873869538684, 282.984085312674, 234.72885895814233, 314.8336699674039, 217.32168865254334, 332.40253557821836, 295.09098821506404, 279.839198375578, 287.07548072899533, 307.79914659705383, 304.8282928723607, 194.88340288141248, 294.0801629830178, 221.24706269728816, 284.0997455167492, 298.23674175544664, 290.50207501490763, 290.46234819582054, 262.46766425064874, 281.73562798050136, 279.69295080750044, 261.78621565983167, 225.55817839428096, 375.67803286653293, 323.8922015175028, 361.6796170072904, 313.57511805190336, 226.07366596887738, 316.84144476448876, 234.6145266863664, 253.7225943866226, 174.1533341208478, 294.5061200335495, 278.7571192082227, 314.69445222223925, 301.62951831420025, 248.60589310853337, 239.21224130282678, 265.4903766823791, 315.60688303228113], "coverage": [0.5153846153846153, 0.6307692307692307, 0.7923076923076923, 0.8, 0.8384615384615385, 0.8846153846153846, 0.9, 0.9153846153846154, 0.9538461538461539, 0.9769230769230769, 0.9769230769230769, 0.9769230769230769, 0.9846153846153847, 0.9923076923076923, 1.0, 1.0, 1.0, 1.0, 1.0, 1.0, 1.0, 1.0, 1.0, 1.0, 1.0, 1.0, 1.0, 1.0, 1.0, 1.0, 1.0, 1.0, 1.0, 1.0, 1.0, 1.0, 1.0, 1.0, 1.0, 1.0, 1.0, 1.0, 1.0, 1.0, 1.0, 1.0, 1.0, 1.0, 1.0, 1.0, 1.0, 1.0, 1.0, 1.0, 1.0], "staleness": [0.0, 0.3063063063063063, 0.42857142857142855, 0.4782608695652174, 0.6528925619834711, 0.8518518518518519, 0.839622641509434, 0.9487179487179487, 0.8141592920353983, 0.8108108108108109, 0.6842105263157895, 0.7714285714285715, 0.7741935483870968, 0.7745098039215687, 0.7628865979381443, 0.8842975206611571, 1.037037037037037, 0.9652173913043478, 1.168, 0.9532710280373832, 1.0714285714285714, 1.0161290322580645, 1.2283464566929134, 1.0105263157894737, 1.1754385964912282, 1.2710280373831775, 1.1818181818181819, 0.937984496124031, 1.0576923076923077, 1.1136363636363635, 0.9416666666666667, 0.8581560283687943, 0.897196261682243, 1.045045045045045, 0.9537037037037037, 1.2276422764227641, 0.7238095238095238, 0.7777777777777778, 0.965034965034965, 0.9453125, 0.832, 0.7238095238095238, 0.8469387755102041, 0.9333333333333333, 0.8584070796460177, 0.8942307692307693, 1.099009900990099, 1.0161290322580645, 0.9747899159663865, 0.7416666666666667, 1.0185185185185186, 0.9626168224299065, 0.963963963963964, 0.875, 1.0560747663551402], "fail": [22, 2, 10, 12, 2, 25, 14, 18, 5, 19, 20, 15, 24, 9, 36, 8, 31, 2, 17, 3, 10, 9, 4, 44, 13, 19, 7, 6, 24, 6, 29, 4, 32, 8, 15, 5, 13, 8, 2, 19, 16, 33, 16, 14, 8, 19, 9, 7, 13, 7, 28, 12, 13, 6, 18], "recv_per_veh": [25.0, 107.0, 81.0, 82.0, 72.0, 170.0, 100.0, 103.0, 52.0, 141.0, 44.0, 149.0, 83.0, 126.0, 64.0, 62.0, 114.0, 102.0, 72.0, 144.0, 127.0, 78.0, 56.0, 63.0, 72.0, 145.0, 78.0, 155.0, 63.0, 98.0, 73.0, 64.0, 88.0, 88.0, 132.0, 86.0, 103.0, 67.0, 56.0, 71.0, 85.0, 107.0, 131.0, 83.0, 132.0, 84.0, 92.0, 31.0, 116.0, 55.0, 70.0, 113.0, 73.0, 116.0, 84.0, 55.0, 58.0, 87.0, 84.0, 83.0], "first_recv": {"1_1": 0, "3_2": 0, "4_0": 0, "5_1": 0, "5_0": 0, "7_1": 0, "8_0": 0, "9_1": 0, "11_2": 0, "13_0": 0, "13_2": 0, "13_1": 0, "14_2": 0, "16_0": 0, "17_2": 0, "18_0": 0, "18_1": 0, "19_1": 0, "20_2": 0, "20_1": 0, "21_1": 0, "21_0": 0, "22_1": 0, "23_0": 0, "23_2": 0, "24_0": 0, "25_1": 0, "26_2": 0, "27_0": 0, "27_1": 0, "29_0": 0, "29_2": 0, "29_1": 0, "30_1": 0, "32_0": 0, "34_1": 0, "35_0": 0, "36_1": 0, "37_1": 0, "38_1": 0, "39_0": 0, "41_0": 0, "41_1": 0, "42_1": 0, "44_2": 0, "44_1": 0, "45_1": 0, "48_2": 0, "49_0": 0, "49_1": 0, "50_0": 0, "50_1": 0, "51_0": 0, "51_1": 0, "52_1": 0, "52_0": 0, "53_1": 0, "54_0": 0, "54_2": 0, "54_1": 0, "55_1": 0, "55_2": 0, "55_0": 0, "56_2": 0, "57_1": 0, "58_2": 0, "58_0": 0, "0_0": 1, "4_1": 1, "6_2": 1, "11_1": 1, "19_2": 1, "28_1": 1, "37_2": 1, "40_0": 1, "40_1": 1, "42_0": 1, "44_0": 1, "47_1": 1, "48_1": 1, "59_0": 1, "59_2": 1, "2_0": 2, "4_2": 2, "6_1": 2, "7_2": 2, "10_1": 2, "10_0": 2, "12_0": 2, "19_0": 2, "26_1": 2, "28_0": 2, "33_1": 2, "33_0": 2, "33_2": 2, "35_1": 2, "38_2": 2, "38_0": 2, "40_2": 2, "43_0": 2, "47_0": 2, "53_0": 2, "56_1": 2, "39_2": 3, "7_0": 4, "21_2": 4, "43_1": 4, "46_2": 4, "46_1": 4, "6_0": 5, "15_0": 5, "15_2": 5, "17_0": 5, "28_2": 5, "59_1": 5, "26_0": 6, "50_2": 6, "31_1": 7, "31_0": 7, "2_2": 8, "12_2": 8, "23_1": 8, "31_2": 8, "53_2": 8, "9_0": 9, "10_2": 9, "22_0": 9, "12_1": 12, "14_0": 13, "17_1": 14}, "y_queue": [], "z_queue": [], "acc_per_veh": [0.5659999847412109, 0.42399999499320984, 0.35100001096725464, 0.3659999966621399, 0.4449999928474426, 0.3880000114440918, 0.578000009059906, 0.3919999897480011, 0.4129999876022339, 0.3619999885559082, 0.6230000257492065, 0.4959999918937683, 0.4429999887943268, 0.49399998784065247, 0.5189999938011169, 0.37299999594688416, 0.47600001096725464, 0.3869999945163727, 0.5870000123977661, 0.4560000002384186, 0.4620000123977661, 0.4350000023841858, 0.5590000152587891, 0.4970000088214874, 0.3880000114440918, 0.375, 0.4490000009536743, 0.5249999761581421, 0.6200000047683716, 0.6320000290870667, 0.4729999899864197, 0.4749999940395355, 0.4259999990463257, 0.382999986410141, 0.3880000114440918, 0.4560000002384186, 0.3930000066757202, 0.6019999980926514, 0.5429999828338623, 0.3700000047683716, 0.5099999904632568, 0.46399998664855957, 0.45899999141693115, 0.46299999952316284, 0.3490000069141388, 0.5299999713897705, 0.41600000858306885, 0.3370000123977661, 0.6340000033378601, 0.3059999942779541, 0.5210000276565552, 0.3790000081062317, 0.3919999897480011, 0.5239999890327454, 0.375, 0.5149999856948853, 0.5860000252723694, 0.5090000033378601, 0.4339999854564667, 0.625], "veh_meta": [{"mods": [0], "D": {"0": 900}, "Q": {"0": 0.9296273342569894}}, {"mods": [1], "D": {"1": 205}, "Q": {"1": 0.5332603873270162}}, {"mods": [0, 2], "D": {"0": 160, "2": 280}, "Q": {"0": 0.9551798633198361, "2": 0.8836897573943958}}, {"mods": [2], "D": {"2": 60}, "Q": {"2": 0.8036362253500965}}, {"mods": [0, 1, 2], "D": {"0": 399, "1": 685, "2": 410}, "Q": {"0": 0.934215372322613, "1": 0.8256628651307353, "2": 0.8788927905803693}}, {"mods": [0, 1], "D": {"0": 81, "1": 34}, "Q": {"0": 0.8081698892786238, "1": 0.8063234640631504}}, {"mods": [0, 1, 2], "D": {"0": 847, "1": 439, "2": 319}, "Q": {"0": 0.38925879901530147, "1": 0.47256585286563746, "2": 0.3197180008106804}}, {"mods": [0, 1, 2], "D": {"0": 158, "1": 211,