{"cfg": {"method": "RECD", "trace": "/Users/ckim48/Downloads/infocomsim/results/traces/trace_med_n60_s1.npz", "seed": 1, "rounds": 55, "r_v2v": 300.0, "cache_encoders": 4, "max_out": 3, "V": 50.0, "use_gat": true}, "hist": {"acc": [0.10126666662593682, 0.1520166667799155, 0.28356666788458823, 0.3341333342095216, 0.3652666643261909, 0.38046666607260704, 0.39534999976555507, 0.4082500000794729, 0.42634999950726826, 0.43729999909798306, 0.44155000150203705, 0.4503166675567627], "acc_round": [1, 5, 10, 15, 20, 25, 30, 35, 40, 45, 50, 55], "recv": [67, 69, 86, 93, 73, 70, 73, 82, 34, 87, 70, 88, 69, 63, 67, 75, 91, 51, 83, 57, 86, 75, 72, 85, 63, 84, 44, 95, 64, 91, 72, 71, 65, 52, 93, 51, 74, 50, 113, 79, 66, 81, 49, 100, 45, 90, 66, 86, 78, 76, 70, 56, 84, 65, 79], "succ": [67, 69, 86, 93, 73, 70, 73, 82, 34, 87, 70, 88, 69, 63, 67, 75, 91, 51, 83, 57, 86, 75, 72, 85, 63, 84, 44, 95, 64, 91, 72, 71, 65, 52, 93, 51, 74, 50, 113, 79, 66, 81, 49, 100, 45, 90, 66, 86, 78, 76, 70, 56, 84, 65, 79], "att": [68, 69, 95, 93, 73, 79, 73, 87, 34, 90, 73, 95, 72, 66, 71, 78, 114, 51, 85, 58, 90, 77, 73, 90, 65, 103, 44, 99, 64, 95, 73, 72, 67, 52, 120, 51, 78, 50, 115, 81, 69, 87, 50, 106, 45, 102, 67, 89, 81, 78, 73, 57, 97, 66, 86], "energy": [159.32430714421503, 75.69097507762542, 252.9328087189502, 89.34668786092973, 83.1521778317658, 120.8245889947582, 96.91088142919072, 170.36271521225888, 37.049332326568155, 161.5756910234056, 100.10847562518194, 222.0625100600002, 80.35366593787099, 115.57151241136118, 120.38594386755292, 148.76707674968304, 312.5108735919056, 49.39693391173625, 161.18697905340034, 61.983960438330996, 164.3994841806504, 82.65989447332464, 138.95067777595702, 133.24559959893662, 142.82691834640718, 237.66678106162632, 35.40996671578055, 171.42032819014594, 52.28626765569242, 222.97155280328457, 74.17708035414158, 105.69495378779361, 64.46555406047396, 61.83851732956305, 356.7453464118888, 30.865445240707547, 140.37222731461907, 43.61749052222422, 323.342641205701, 78.76745221554273, 110.35884757614909, 125.9989114126871, 33.53121277955542, 239.31234136381224, 30.067935840438487, 204.7818856423157, 66.97797519322178, 225.04724516561163, 102.14381641739878, 138.64836226216806, 111.92808537298258, 75.74254883436275, 265.85937759829045, 78.05989708392718, 175.89906246071797], "coverage": [0.33076923076923076, 0.49230769230769234, 0.6692307692307692, 0.7307692307692307, 0.7538461538461538, 0.7846153846153846, 0.8076923076923077, 0.8384615384615385, 0.8461538461538461, 0.9, 0.9153846153846154, 0.9384615384615385, 0.9538461538461539, 0.9692307692307692, 0.9692307692307692, 0.9769230769230769, 0.9769230769230769, 0.9769230769230769, 0.9769230769230769, 0.9769230769230769, 0.9769230769230769, 0.9769230769230769, 0.9769230769230769, 0.9769230769230769, 0.9846153846153847, 0.9846153846153847, 0.9846153846153847, 0.9846153846153847, 0.9846153846153847, 0.9846153846153847, 0.9846153846153847, 0.9923076923076923, 0.9923076923076923, 0.9923076923076923, 1.0, 1.0, 1.0, 1.0, 1.0, 1.0, 1.0, 1.0, 1.0, 1.0, 1.0, 1.0, 1.0, 1.0, 1.0, 1.0, 1.0, 1.0, 1.0, 1.0, 1.0], "staleness": [0.0, 0.10144927536231885, 0.36046511627906974, 0.7096774193548387, 0.9315068493150684, 1.3, 1.2876712328767124, 1.2560975609756098, 1.0, 1.4252873563218391, 1.8714285714285714, 1.3522727272727273, 1.3478260869565217, 1.6507936507936507, 1.373134328358209, 1.3466666666666667, 1.5714285714285714, 0.9607843137254902, 1.2409638554216869, 2.0350877192982457, 1.802325581395349, 1.6933333333333334, 1.4861111111111112, 1.3764705882352941, 1.3968253968253967, 1.3214285714285714, 1.5227272727272727, 1.9157894736842105, 1.328125, 1.4505494505494505, 1.2777777777777777, 1.6056338028169015, 1.2, 1.3653846153846154, 1.4623655913978495, 1.588235294117647, 1.7972972972972974, 2.02, 1.575221238938053, 1.3544303797468353, 1.1515151515151516, 1.1728395061728396, 1.6938775510204083, 1.31, 1.2666666666666666, 1.4666666666666666, 1.8484848484848484, 1.302325581395349, 1.5897435897435896, 1.5263157894736843, 1.4714285714285715, 1.4821428571428572, 1.7619047619047619, 1.4923076923076923, 1.2658227848101267], "fail": [1, 0, 9, 0, 0, 9, 0, 5, 0, 3, 3, 7, 3, 3, 4, 3, 23, 0, 2, 1, 4, 2, 1, 5, 2, 19, 0, 4, 0, 4, 1, 1, 2, 0, 27, 0, 4, 0, 2, 2, 3, 6, 1, 6, 0, 12, 1, 3, 3, 2, 3, 1, 13, 1, 7], "recv_per_veh": [12.0, 70.0, 43.0, 110.0, 46.0, 97.0, 69.0, 66.0, 21.0, 75.0, 33.0, 110.0, 41.0, 77.0, 51.0, 47.0, 73.0, 116.0, 29.0, 74.0, 106.0, 56.0, 28.0, 32.0, 40.0, 88.0, 57.0, 94.0, 54.0, 54.0, 43.0, 58.0, 43.0, 37.0, 101.0, 39.0, 68.0, 53.0, 37.0, 48.0, 58.0, 37.0, 58.0, 30.0, 77.0, 57.0, 58.0, 21.0, 83.0, 34.0, 37.0, 56.0, 31.0, 77.0, 84.0, 48.0, 41.0, 59.0, 41.0, 44.0], "first_recv": {"3_2": 0, "4_1": 0, "4_2": 0, "5_1": 0, "5_0": 0, "6_1": 0, "6_2": 0, "7_2": 0, "8_0": 0, "9_1": 0, "9_0": 0, "13_0": 0, "13_2": 0, "13_1": 0, "15_2": 0, "16_0": 0, "17_2": 0, "22_1": 0, "24_0": 0, "27_0": 0, "27_1": 0, "28_1": 0, "29_0": 0, "30_1": 0, "34_1": 0, "36_1": 0, "37_1": 0, "41_0": 0, "41_1": 0, "42_1": 0, "44_2": 0, "45_1": 0, "46_2": 0, "47_1": 0, "49_0": 0, "49_1": 0, "50_0": 0, "51_1": 0, "51_0": 0, "55_1": 0, "55_2": 0, "55_0": 0, "59_2": 0, "0_0": 1, "10_2": 1, "11_2": 1, "11_1": 1, "19_0": 1, "21_1": 1, "21_2": 1, "23_0": 1, "29_2": 1, "29_1": 1, "32_0": 1, "37_2": 1, "44_1": 1, "48_2": 1, "53_1": 1, "53_2": 1, "53_0": 1, "56_2": 1, "56_1": 1, "58_0": 1, "59_0": 1, "1_1": 2, "7_1": 2, "12_0": 2, "12_1": 2, "15_0": 2, "17_0": 2, "20_1": 2, "20_2": 2, "25_1": 2, "26_2": 2, "31_2": 2, "33_2": 2, "33_1": 2, "35_1": 2, "38_2": 2, "38_0": 2, "39_2": 2, "40_0": 2, "40_2": 2, "52_1": 2, "54_2": 2, "54_1": 2, "58_2": 2, "2_0": 3, "19_1": 3, "23_2": 3, "35_0": 3, "39_0": 3, "42_0": 3, "43_0": 3, "54_0": 3, "7_0": 4, "57_1": 4, "59_1": 4, "4_0": 5, "14_2": 5, "18_1": 5, "44_0": 5, "23_1": 6, "26_1": 6, "48_1": 6, "2_2": 7, "19_2": 7, "26_0": 7, "46_1": 7, "28_0": 8, "12_2": 9, "22_0": 9, "28_2": 9, "38_1": 9, "40_1": 9, "50_2": 9, "52_0": 9, "10_1": 10, "10_0": 10, "6_0": 11, "17_1": 11, "43_1": 11, "31_1": 12, "31_0": 12, "47_0": 13, "50_1": 13, "21_0": 15, "18_0": 24, "14_0": 31, "33_0": 34}, "y_queue": [0.07250000000000001, 0.12833333333333335, 0.14416666666666664, 0.17416666666666664, 0.225, 0.24999999999999997, 0.29083333333333333, 0.3205555555555555, 0.39055555555555543, 0.34527777777777774, 0.3744444444444444, 0.3491666666666666, 0.37499999999999994, 0.37749999999999995, 0.398611111111111, 0.3908333333333333, 0.39472222222222214, 0.45388888888888884, 0.45388888888888884, 0.49722222222222207, 0.47611111111111104, 0.4922222222222221, 0.5413888888888888, 0.5555555555555554, 0.5791666666666665, 0.5827777777777776, 0.6269444444444443, 0.5861111111111109, 0.604722222222222, 0.6283333333333332, 0.6336111111111109, 0.6519444444444442, 0.6324999999999998, 0.6583333333333331, 0.6438888888888886, 0.658333333333333, 0.6549999999999997, 0.6755555555555552, 0.6474999999999997, 0.6580555555555553, 0.6811111111111108, 0.6611111111111108, 0.6877777777777775, 0.6211111111111108, 0.6724999999999997, 0.6499999999999997, 0.6408333333333331, 0.6191666666666664, 0.6299999999999997, 0.6399999999999997, 0.6794444444444442, 0.7347222222222219, 0.7230555555555552, 0.7355555555555554, 0.6888888888888887],