{"cfg": {"method": "DFL-Gossip", "trace": "/Users/ckim48/Downloads/infocomsim/results/traces/trace_med_n60_s1.npz", "seed": 1, "rounds": 55, "r_v2v": 150.0, "cache_encoders": 4, "max_out": 3, "V": 50.0, "use_gat": true}, "hist": {"acc": [0.10046666612227757, 0.16299999952316285, 0.28938333367307983, 0.33351666778326033, 0.36571666449308393, 0.3761833349863688, 0.3890500004092852, 0.4056000024080276, 0.4327833334604899, 0.44088333398103713, 0.45661666691303254, 0.4634333332379659], "acc_round": [1, 5, 10, 15, 20, 25, 30, 35, 40, 45, 50, 55], "recv": [102, 99, 113, 108, 88, 97, 100, 118, 100, 107, 95, 91, 83, 86, 98, 93, 109, 92, 113, 95, 127, 114, 121, 99, 88, 91, 86, 118, 102, 121, 108, 114, 111, 96, 99, 108, 96, 84, 115, 107, 116, 110, 102, 106, 112, 101, 98, 100, 96, 114, 94, 107, 111, 89, 99], "succ": [102, 99, 113, 108, 88, 97, 100, 118, 100, 107, 95, 91, 83, 86, 98, 93, 109, 92, 113, 95, 127, 114, 121, 99, 88, 91, 86, 118, 102, 121, 108, 114, 111, 96, 99, 108, 96, 84, 115, 107, 116, 110, 102, 106, 112, 101, 98, 100, 96, 114, 94, 107, 111, 89, 99], "att": [119, 118, 125, 122, 114, 123, 108, 130, 125, 120, 118, 106, 101, 117, 116, 113, 123, 119, 133, 123, 135, 127, 138, 131, 118, 104, 118, 134, 132, 140, 144, 132, 135, 120, 107, 127, 108, 105, 134, 138, 132, 126, 130, 123, 127, 117, 127, 115, 133, 121, 122, 133, 122, 120, 111], "energy": [162.52253687890246, 123.20682047494007, 158.66997119990117, 129.12828243048386, 110.76871616860333, 142.71694089395072, 125.69002713049062, 173.9408515270668, 138.28071137430612, 165.36337313486112, 135.36816496817397, 140.1790297063239, 132.12073758985525, 146.10417497167916, 177.136432196643, 156.23782541473372, 180.02297161481889, 151.74197691148163, 185.83180681363808, 145.52948947637205, 205.9557478809736, 151.1902878814592, 202.08459057794278, 185.1974951869766, 157.21671566021098, 144.28389782369732, 176.97532867498887, 193.28548269481323, 153.26215260475465, 209.5554970466619, 183.2986759620691, 165.8437860239829, 184.0044055889041, 146.31376469252427, 134.73961483959243, 196.82761795883616, 139.7722873721816, 134.44606608912142, 188.90924069985894, 178.64718087728852, 197.37086059953236, 158.5901759856124, 152.373809655633, 148.46006648544667, 164.2794829675044, 143.86327559644616, 148.1023969049318, 166.80856283524227, 187.58370956683336, 191.99588281021684, 190.7462031652533, 217.37749705482892, 169.5964380938029, 161.44453416124983, 127.612647950187], "coverage": [0.5538461538461539, 0.6538461538461539, 0.7615384615384615, 0.7846153846153846, 0.8307692307692308, 0.8692307692307693, 0.8846153846153846, 0.9153846153846154, 0.9615384615384616, 0.9769230769230769, 1.0, 1.0, 1.0, 1.0, 1.0, 1.0, 1.0, 1.0, 1.0, 1.0, 1.0, 1.0, 1.0, 1.0, 1.0, 1.0, 1.0, 1.0, 1.0, 1.0, 1.0, 1.0, 1.0, 1.0, 1.0, 1.0, 1.0, 1.0, 1.0, 1.0, 1.0, 1.0, 1.0, 1.0, 1.0, 1.0, 1.0, 1.0, 1.0, 1.0, 1.0, 1.0, 1.0, 1.0, 1.0], "staleness": [0.0, 0.0, 0.0, 0.0, 0.0, 0.0, 0.0, 0.0, 0.0, 0.0, 0.0, 0.0, 0.0, 0.0, 0.0, 0.0, 0.0, 0.0, 0.0, 0.0, 0.0, 0.0, 0.0, 0.0, 0.0, 0.0, 0.0, 0.0, 0.0, 0.0, 0.0, 0.0, 0.0, 0.0, 0.0, 0.0, 0.0, 0.0, 0.0, 0.0, 0.0, 0.0, 0.0, 0.0, 0.0, 0.0, 0.0, 0.0, 0.0, 0.0, 0.0, 0.0, 0.0, 0.0, 0.0], "fail": [17, 19, 12, 14, 26, 26, 8, 12, 25, 13, 23, 15, 18, 31, 18, 20, 14, 27, 20, 28, 8, 13, 17, 32, 30, 13, 32, 16, 30, 19, 36, 18, 24, 24, 8, 19, 12, 21, 19, 31, 16, 16, 28, 17, 15, 16, 29, 15, 37, 7, 28, 26, 11, 31, 12], "recv_per_veh": [28.0, 61.0, 70.0, 25.0, 122.0, 86.0, 113.0, 137.0, 42.0, 120.0, 119.0, 71.0, 135.0, 112.0, 83.0, 50.0, 62.0, 95.0, 64.0, 147.0, 85.0, 118.0, 101.0, 105.0, 72.0, 63.0, 169.0, 105.0, 216.0, 112.0, 42.0, 158.0, 36.0, 84.0, 79.0, 61.0, 56.0, 62.0, 76.0, 90.0, 129.0, 75.0, 97.0, 97.0, 112.0, 43.0, 70.0, 104.0, 123.0, 105.0, 104.0, 116.0, 53.0, 169.0, 120.0, 160.0, 56.0, 73.0, 74.0, 135.0], "first_recv": {"0_0": 0, "4_0": 0, "4_1": 0, "6_1": 0, "6_0": 0, "6_2": 0, "8_0": 0, "9_0": 0, "9_1": 0, "13_0": 0, "13_1": 0, "13_2": 0, "16_0": 0, "17_0": 0, "17_1": 0, "17_2": 0, "18_0": 0, "18_1": 0, "19_1": 0, "19_0": 0, "21_0": 0, "21_1": 0, "22_0": 0, "22_1": 0, "23_0": 0, "23_1": 0, "23_2": 0, "24_0": 0, "25_1": 0, "26_0": 0, "26_1": 0, "26_2": 0, "27_0": 0, "27_1": 0, "28_0": 0, "28_1": 0, "29_0": 0, "29_1": 0, "30_1": 0, "32_0": 0, "36_1": 0, "38_0": 0, "38_1": 0, "38_2": 0, "41_0": 0, "41_1": 0, "44_0": 0, "44_1": 0, "44_2": 0, "47_1": 0, "47_0": 0, "49_1": 0, "49_0": 0, "50_0": 0, "50_1": 0, "50_2": 0, "51_1": 0, "52_0": 0, "52_1": 0, "53_0": 0, "53_1": 0, "53_2": 0, "54_0": 0, "54_1": 0, "55_0": 0, "55_1": 0, "55_2": 0, "57_1": 0, "58_2": 0, "59_0": 0, "59_1": 0, "59_2": 0, "11_1": 1, "11_2": 1, "12_0": 1, "19_2": 1, "29_2": 1, "37_1": 1, "37_2": 1, "42_0": 1, "42_1": 1, "45_1": 1, "51_0": 1, "56_1": 1, "56_2": 1, "1_1": 2, "2_0": 2, "3_2": 2, "5_0": 2, "7_2": 2, "33_0": 2, "33_1": 2, "33_2": 2, "40_0": 2, "40_1": 2, "40_2": 2, "43_0": 2, "48_1": 2, "58_0": 2, "35_0": 3, "39_0": 3, "48_2": 3, "7_0": 4, "7_1": 4, "21_2": 4, "34_1": 4, "43_1": 4, "46_1": 4, "4_2": 5, "15_0": 5, "15_2": 5, "28_2": 5, "46_2": 5, "5_1": 6, "31_0": 6, "14_0": 7, "14_2": 7, "20_1": 7, "54_2": 7, "2_2": 8, "12_1": 8, "12_2": 8, "20_2": 8, "31_1": 8, "31_2": 8, "10_2": 9, "39_2": 9, "10_0": 10, "10_1": 10, "35_1": 10}, "y_queue": [], "z_queue": [], "acc_per_veh": [0.5400000214576721, 0.4259999990463257, 0.42800000309944153, 0.3149999976158142, 0.44600000977516174, 0.3569999933242798, 0.6240000128746033, 0.4180000126361847, 0.5329999923706055, 0.5180000066757202, 0.5879999995231628, 0.43799999356269836, 0.4350000023841858, 0.4880000054836273, 0.4490000009536743, 0.35899999737739563, 0.47099998593330383, 0.3659999966621399, 0.5429999828338623, 0.49000000953674316, 0.4269999861717224, 0.42399999499320984, 0.6480000019073486, 0.4970000088214874, 0.40700000524520874, 0.3630000054836273, 0.44999998807907104, 0.5600000023841858, 0.5770000219345093, 0.6209999918937683, 0.4909999966621399, 0.44699999690055847, 0.3970000147819519, 0.39100000262260437, 0.36800000071525574, 0.4309999942779541, 0.3700000047683716, 0.5320000052452087, 0.5239999890327454, 0.33899998664855957, 0.42899999022483826, 0.5019999742507935, 0.40400001406669617, 0.4959999918937683, 0.3479999899864197, 0.515999972820282, 0.42899999022483826, 0.33000001311302185, 0.6650000214576721, 0.38199999928474426, 0.5210000276565552, 0.3840000033378601, 0.35899999737739563, 0.5630000233650208, 0.3540000021457672, 0.4620000123977661, 0.4819999933242798, 0.5199999809265137, 0.5600000023841858, 0.6039999723434448], "veh_meta": [{"mods": [0], "D": {"0": 900}, "Q": {"0": 0.9296273342569894}}, {"mods": [1], "D": {"1": 205}, "Q": {"1": 0.5332603873270162}}, {"mods": [0, 2], "D": {"0": 160, "2": 280}, "Q": {"0": 0.9551798633198361, "2": 0.8836897573943958}}, {"mods": [2], "D": {"2": 60}, "Q": {"2": 0.8036362253500965}}, {"mods": [0, 1, 2], "D": {"0": 399, "1": 685, "2": 410}, "Q": {"0": 0.934215372322613, "1": 0.8256628651307353, "2": 0.8788927905803693}}, {"mods": [0, 1], "D": {"0": 81, "1": 34}, "Q": {"0": 0.8081698892786238, "1": 0.8063234640631504}}, {"mods": [0, 1, 2], "D": {"0": 847, "1": 439, "2": 319}, "Q": {"0": 0.38925879901530147, "1": 0.47256585286563746, "2": 0.3197180008106804}}, {"mods": [0, 1, 2], "D": {"0": 158, "1": 211, "2": 225}, "Q": {"0": 0.4887292794329691, "1": 0.4955725624825534, "2": 0.8627158262159224}}, {"mods": [0], "D": {"0": 450}, "Q": {"0": 0.8569425919479874}}, {"mods": [0, 1], "D": {"0": 324, "1": 125}, "Q": {"0": 0.9091829472648495, "1": 0.2886793049403587}}, {"mods": [0, 1, 2], "D": {"0": 798, "1": 510, "2": 968}, "Q": {"0": 0.8396517586946148, "1": 0.9913807641701791, "2": 0.9352055622353893}}, {"mods": [1, 2], "D": {"1": 81, "2": 53}, "Q": {"1": 0.37572243882391654, "2": 0.9331072575586984}}, {"mods": [0, 1, 2], "D": {"0": 280, "1": 296, "2": 242}, "Q": {"0": 0.44100047659911235, "1": 0.26872050992212765, "2": 0.9687442404816223}}, {"mods": [0, 1, 2], "D": {"0": 98, "1": 317, "2": 209}, "Q": {"0": 0.540250511976777, "1": 0.8136019061195368,