{"cfg": {"method": "RECD", "trace": "/Users/ckim48/Downloads/infocomsim/results/traces/trace_med_n60_s1.npz", "seed": 1, "rounds": 55, "r_v2v": 100.0, "cache_encoders": 4, "max_out": 3, "V": 50.0, "use_gat": true}, "hist": {"acc": [0.10016666625936826, 0.17174999962250392, 0.2995666652917862, 0.348699997117122, 0.3792333314816157, 0.39990000054240227, 0.40505000079671544, 0.41794999688863754, 0.4372500017285347, 0.4377666672070821, 0.45113333115975063, 0.4534666657447815], "acc_round": [1, 5, 10, 15, 20, 25, 30, 35, 40, 45, 50, 55], "recv": [38, 52, 57, 87, 58, 49, 64, 67, 38, 71, 52, 53, 58, 42, 50, 54, 72, 49, 54, 48, 65, 68, 48, 71, 46, 58, 37, 65, 52, 55, 57, 54, 55, 38, 78, 45, 45, 43, 60, 59, 43, 67, 51, 76, 36, 63, 55, 57, 56, 62, 51, 51, 56, 39, 67], "succ": [38, 52, 57, 87, 58, 49, 64, 67, 38, 71, 52, 53, 58, 42, 50, 54, 72, 49, 54, 48, 65, 68, 48, 71, 46, 58, 37, 65, 52, 55, 57, 54, 55, 38, 78, 45, 45, 43, 60, 59, 43, 67, 51, 76, 36, 63, 55, 57, 56, 62, 51, 51, 56, 39, 67], "att": [38, 55, 57, 87, 63, 49, 65, 67, 39, 71, 52, 54, 63, 42, 52, 54, 72, 49, 54, 48, 66, 68, 50, 71, 50, 58, 37, 65, 56, 59, 62, 56, 55, 38, 78, 45, 45, 44, 60, 64, 45, 67, 52, 80, 36, 63, 59, 57, 58, 63, 51, 53, 56, 47, 68], "energy": [20.236637072834416, 28.279954750124812, 32.181343154007074, 58.30643854696634, 46.33408767020761, 26.13892236563079, 43.18884541114209, 49.934732893556514, 23.702882360585114, 46.84935405046462, 28.246838048282108, 43.64107818748796, 45.056204060230954, 27.56953267924067, 37.72804299739677, 46.32209120307544, 56.58415959796089, 26.169378178847087, 30.484235178826633, 30.14051088821484, 43.32199598673365, 44.72334850007889, 24.266543591409892, 40.465382507386614, 30.75020196377669, 48.01204447950211, 17.193918607948728, 52.11818028443363, 33.445289781765084, 41.07200288653482, 41.126016575924275, 36.046534641616994, 29.936624609411208, 17.300376102873567, 66.82502274251186, 26.927055897970085, 28.794588714380758, 24.0025501030398, 42.31817371135397, 43.720624968532164, 25.010640802165625, 37.170557018218055, 28.11206771750944, 72.88066629539556, 16.891935434832703, 38.56455543671162, 36.466513064749286, 37.95140968551863, 34.43542008598875, 47.39634738522767, 35.35580279925878, 30.93313732445691, 41.41100980921322, 27.514730818246903, 48.09501992302212], "coverage": [0.23076923076923078, 0.34615384615384615, 0.5076923076923077, 0.5461538461538461, 0.6230769230769231, 0.6461538461538462, 0.6615384615384615, 0.7153846153846154, 0.7538461538461538, 0.8, 0.8153846153846154, 0.8384615384615385, 0.8846153846153846, 0.8923076923076924, 0.9076923076923077, 0.9384615384615385, 0.9538461538461539, 0.9538461538461539, 0.9692307692307692, 0.9692307692307692, 0.9692307692307692, 0.9692307692307692, 0.9769230769230769, 0.9769230769230769, 0.9769230769230769, 0.9769230769230769, 0.9769230769230769, 0.9923076923076923, 0.9923076923076923, 0.9923076923076923, 0.9923076923076923, 0.9923076923076923, 0.9923076923076923, 0.9923076923076923, 0.9923076923076923, 0.9923076923076923, 0.9923076923076923, 0.9923076923076923, 1.0, 1.0, 1.0, 1.0, 1.0, 1.0, 1.0, 1.0, 1.0, 1.0, 1.0, 1.0, 1.0, 1.0, 1.0, 1.0, 1.0], "staleness": [0.0, 0.11538461538461539, 0.07017543859649122, 0.40229885057471265, 0.6724137931034483, 0.6938775510204082, 1.140625, 1.1194029850746268, 0.9736842105263158, 1.1971830985915493, 1.0192307692307692, 1.2830188679245282, 1.0862068965517242, 2.0238095238095237, 1.8, 1.8703703703703705, 1.5555555555555556, 1.9795918367346939, 1.5925925925925926, 1.6875, 1.7384615384615385, 1.75, 1.875, 1.4647887323943662, 1.826086956521739, 1.3793103448275863, 1.6216216216216217, 1.5384615384615385, 1.2692307692307692, 1.1818181818181819, 1.543859649122807, 1.4814814814814814, 1.0727272727272728, 1.0526315789473684, 1.0384615384615385, 1.1333333333333333, 2.2222222222222223, 1.069767441860465, 2.1333333333333333, 1.7796610169491525, 1.441860465116279, 2.2238805970149254, 2.5686274509803924, 1.7894736842105263, 1.6388888888888888, 1.4126984126984128, 1.509090909090909, 1.5614035087719298, 1.3214285714285714, 1.403225806451613, 1.4705882352941178, 1.8235294117647058, 1.1785714285714286, 1.2307692307692308, 1.671641791044776], "fail": [0, 3, 0, 0, 5, 0, 1, 0, 1, 0, 0, 1, 5, 0, 2, 0, 0, 0, 0, 0, 1, 0, 2, 0, 4, 0, 0, 0, 4, 4, 5, 2, 0, 0, 0, 0, 0, 1, 0, 5, 2, 0, 1, 4, 0, 0, 4, 0, 2, 1, 0, 2, 0, 8, 1], "recv_per_veh": [12.0, 45.0, 31.0, 22.0, 34.0, 57.0, 68.0, 57.0, 18.0, 49.0, 44.0, 50.0, 51.0, 61.0, 42.0, 21.0, 46.0, 42.0, 36.0, 58.0, 42.0, 32.0, 21.0, 28.0, 41.0, 52.0, 50.0, 59.0, 59.0, 42.0, 17.0, 59.0, 23.0, 36.0, 36.0, 15.0, 30.0, 34.0, 34.0, 38.0, 60.0, 31.0, 45.0, 35.0, 50.0, 18.0, 38.0, 32.0, 65.0, 26.0, 37.0, 53.0, 25.0, 61.0, 45.0, 56.0, 20.0, 48.0, 29.0, 36.0], "first_recv": {"4_2": 0, "6_2": 0, "8_0": 0, "9_1": 0, "9_0": 0, "13_0": 0, "13_2": 0, "13_1": 0, "16_0": 0, "17_2": 0, "22_1": 0, "22_0": 0, "24_0": 0, "27_0": 0, "27_1": 0, "29_0": 0, "29_1": 0, "30_1": 0, "41_1": 0, "41_0": 0, "44_2": 0, "47_1": 0, "47_0": 0, "50_0": 0, "53_2": 0, "55_1": 0, "55_2": 0, "55_0": 0, "56_1": 0, "59_2": 0, "11_2": 1, "11_1": 1, "19_0": 1, "29_2": 1, "32_0": 1, "37_1": 1, "37_2": 1, "38_1": 1, "38_2": 1, "50_2": 1, "53_1": 1, "53_0": 1, "56_2": 1, "58_0": 1, "59_0": 1, "0_0": 2, "1_1": 2, "3_2": 2, "6_1": 2, "7_2": 2, "12_0": 2, "25_1": 2, "26_2": 2, "26_1": 2, "28_1": 2, "38_0": 2, "42_1": 2, "44_1": 2, "48_2": 2, "48_1": 2, "49_1": 2, "51_1": 2, "51_0": 2, "54_1": 2, "54_0": 2, "58_2": 2, "2_0": 3, "4_0": 3, "42_0": 3, "43_0": 3, "50_1": 3, "4_1": 4, "18_1": 4, "18_0": 4, "19_1": 4, "19_2": 4, "33_1": 4, "34_1": 4, "40_2": 4, "49_0": 4, "57_1": 4, "5_1": 5, "23_0": 5, "36_1": 5, "14_2": 6, "23_1": 6, "5_0": 7, "23_2": 7, "28_0": 7, "40_0": 7, "46_1": 7, "46_2": 7, "54_2": 7, "2_2": 8, "14_0": 8, "20_1": 8, "28_2": 8, "39_2": 8, "20_2": 9, "35_0": 9, "39_0": 9, "40_1": 9, "45_1": 9, "52_0": 9, "10_1": 10, "10_0": 10, "6_0": 11, "12_1": 11, "35_1": 11, "10_2": 12, "15_2": 12, "26_0": 12, "31_1": 12, "31_2": 12, "31_0": 12, "12_2": 13, "17_1": 14, "43_1": 14, "17_0": 15, "21_1": 15, "21_2": 15, "21_0": 15, "33_2": 16, "33_0": 16, "7_0": 18, "7_1": 18, "44_0": 22, "15_0": 27, "59_1": 27, "52_1": 38}, "y_queue": [0.08333333333333334, 0.15250000000000002, 0.18416666666666665, 0.2283333333333333, 0.26916666666666667, 0.325, 0.3663888888888888, 0.38777777777777783, 0.4327777777777778, 0.4113888888888888, 0.4591666666666666, 0.4877777777777777, 0.513611111111111, 0.5358333333333333, 0.5438888888888889, 0.5380555555555555, 0.4983333333333332, 0.5099999999999999, 0.5388888888888889, 0.5852777777777776, 0.5699999999999998, 0.578611111111111, 0.6133333333333331, 0.614722222222222, 0.6558333333333332, 0.6824999999999998, 0.7374999999999998, 0.7169444444444444, 0.7191666666666664, 0.7383333333333331, 0.744722222222222, 0.7505555555555554, 0.7269444444444443, 0.7863888888888886, 0.7224999999999997, 0.7374999999999997, 0.7888888888888885, 0.8222222222222219, 0.8180555555555552, 0.8238888888888887, 0.8469444444444443, 0.8374999999999997, 0.8349999999999997, 0.7949999999999997, 0.8249999999999997, 0.7955555555555551, 0.8030555555555552, 0.7930555555555553, 0.8266666666666664, 0.8091666666666664, 0.8508333333333332, 0.8772222222222218, 0.8641666666666664, 0.9022222222222221, 0.8402777777777775],