{"cfg": {"method": "LRU-Random", "trace": "/Users/ckim48/Downloads/infocomsim/results/traces/trace_med_n60_s1.npz", "seed": 1, "rounds": 55, "r_v2v": 300.0, "cache_encoders": 4, "max_out": 3, "V": 50.0, "use_gat": true}, "hist": {"acc": [0.10121666627625624, 0.14386666665474573, 0.26070000069836774, 0.32498333243032296, 0.3517499988277753, 0.3657833330333233, 0.384066670636336, 0.3902333329121272, 0.39828333432475727, 0.4141499976317088, 0.420066666106383, 0.4350999961296717], "acc_round": [1, 5, 10, 15, 20, 25, 30, 35, 40, 45, 50, 55], "recv": [102, 108, 125, 103, 119, 110, 101, 108, 128, 117, 107, 130, 110, 129, 129, 123, 133, 129, 143, 107, 120, 110, 125, 131, 115, 104, 123, 127, 122, 123, 127, 132, 113, 119, 130, 124, 134, 111, 134, 125, 151, 117, 107, 115, 121, 139, 115, 125, 136, 131, 118, 119, 120, 111, 121], "succ": [102, 108, 125, 103, 119, 110, 101, 108, 128, 117, 107, 130, 110, 129, 129, 123, 133, 129, 143, 107, 120, 110, 125, 131, 115, 104, 123, 127, 122, 123, 127, 132, 113, 119, 130, 124, 134, 111, 134, 125, 151, 117, 107, 115, 121, 139, 115, 125, 136, 131, 118, 119, 120, 111, 121], "att": [130, 165, 173, 174, 179, 179, 180, 179, 180, 177, 174, 176, 174, 177, 174, 174, 174, 177, 177, 177, 177, 171, 174, 177, 177, 174, 171, 174, 177, 177, 177, 180, 174, 174, 180, 174, 177, 177, 180, 180, 180, 180, 180, 174, 177, 177, 177, 177, 177, 174, 174, 174, 174, 180, 180], "energy": [411.672207625958, 524.1472641344438, 731.3207253831168, 679.631356327323, 719.5218567605973, 687.0683932230131, 628.6076070412323, 630.7983756961318, 608.2729664799881, 578.4498603708811, 554.2645001459605, 676.7314970364387, 586.9066917134896, 642.9806760196501, 598.7376028812927, 630.1108982924588, 655.3506547741974, 620.6700627670532, 552.8032689270162, 577.2078374866218, 634.3492765255969, 499.6904889402534, 541.0067598721932, 517.6175347075972, 504.85319647514643, 497.6798572150188, 566.8092022691683, 585.0103043675022, 471.7510662749001, 615.0539828202739, 570.9454144856129, 668.4995227681331, 572.6217707971582, 551.5396796691799, 619.9026717334141, 559.1320639929143, 745.3734579997177, 575.4157588854544, 631.8409843088435, 583.8968627152234, 675.4583757822979, 627.2357943362347, 533.4382460349008, 545.9496456214969, 643.1142487378337, 620.8929814904836, 499.35590006861173, 614.266141838019, 616.5880534889376, 616.5114939337233, 539.1223468057037, 620.3232000584928, 551.2507483583955, 562.7315685150852, 582.2743966050804], "coverage": [0.3769230769230769, 0.6384615384615384, 0.8615384615384616, 0.9076923076923077, 0.9384615384615385, 0.9538461538461539, 0.9692307692307692, 0.9846153846153847, 0.9923076923076923, 0.9923076923076923, 0.9923076923076923, 1.0, 1.0, 1.0, 1.0, 1.0, 1.0, 1.0, 1.0, 1.0, 1.0, 1.0, 1.0, 1.0, 1.0, 1.0, 1.0, 1.0, 1.0, 1.0, 1.0, 1.0, 1.0, 1.0, 1.0, 1.0, 1.0, 1.0, 1.0, 1.0, 1.0, 1.0, 1.0, 1.0, 1.0, 1.0, 1.0, 1.0, 1.0, 1.0, 1.0, 1.0, 1.0, 1.0, 1.0], "staleness": [0.0, 0.2962962962962963, 0.744, 1.3009708737864079, 1.7226890756302522, 2.2454545454545456, 2.6633663366336635, 3.0555555555555554, 3.265625, 3.547008547008547, 3.8130841121495327, 4.553846153846154, 4.245454545454545, 4.930232558139535, 5.271317829457364, 5.4227642276422765, 6.225563909774436, 6.271317829457364, 7.405594405594406, 7.542056074766355, 6.641666666666667, 6.863636363636363, 7.184, 8.610687022900763, 9.365217391304348, 8.009615384615385, 7.829268292682927, 9.11023622047244, 8.87704918032787, 9.739837398373984, 8.291338582677165, 9.666666666666666, 9.106194690265486, 9.495798319327731, 9.523076923076923, 8.830645161290322, 10.037313432835822, 10.153153153153154, 9.746268656716419, 9.352, 8.85430463576159, 10.247863247863247, 10.009345794392523, 10.704347826086957, 9.066115702479339, 10.62589928057554, 10.91304347826087, 12.008, 11.882352941176471, 11.778625954198473, 12.23728813559322, 11.260504201680673, 10.583333333333334, 10.18918918918919, 11.256198347107437], "fail": [28, 57, 48, 71, 60, 69, 79, 71, 52, 60, 67, 46, 64, 48, 45, 51, 41, 48, 34, 70, 57, 61, 49, 46, 62, 70, 48, 47, 55, 54, 50, 48, 61, 55, 50, 50, 43, 66, 46, 55, 29, 63, 73, 59, 56, 38, 62, 52, 41, 43, 56, 55, 54, 69, 59], "recv_per_veh": [14.0, 42.0, 58.0, 40.0, 125.0, 55.0, 114.0, 109.0, 12.0, 48.0, 115.0, 94.0, 124.0, 107.0, 59.0, 58.0, 24.0, 117.0, 45.0, 109.0, 108.0, 110.0, 55.0, 104.0, 16.0, 50.0, 91.0, 71.0, 135.0, 97.0, 39.0, 110.0, 23.0, 66.0, 41.0, 41.0, 27.0, 83.0, 79.0, 85.0, 138.0, 44.0, 42.0, 42.0, 132.0, 30.0, 68.0, 59.0, 90.0, 55.0, 105.0, 63.0, 27.0, 139.0, 130.0, 107.0, 74.0, 31.0, 80.0, 109.0], "first_recv": {"1_1": 0, "3_2": 0, "4_1": 0, "5_1": 0, "6_2": 0, "6_1": 0, "7_1": 0, "9_1": 0, "10_1": 0, "13_1": 0, "13_2": 0, "14_0": 0, "15_2": 0, "17_1": 0, "17_0": 0, "18_0": 0, "18_1": 0, "20_2": 0, "20_1": 0, "21_1": 0, "22_0": 0, "23_2": 0, "26_1": 0, "26_0": 0, "28_1": 0, "30_1": 0, "31_1": 0, "32_0": 0, "33_0": 0, "36_1": 0, "37_2": 0, "38_1": 0, "38_0": 0, "42_1": 0, "44_2": 0, "44_1": 0, "45_1": 0, "46_2": 0, "47_1": 0, "48_2": 0, "49_0": 0, "52_0": 0, "53_0": 0, "53_2": 0, "54_1": 0, "57_1": 0, "58_0": 0, "58_2": 0, "59_1": 0, "0_0": 1, "4_2": 1, "6_0": 1, "11_1": 1, "11_2": 1, "12_0": 1, "12_1": 1, "13_0": 1, "16_0": 1, "22_1": 1, "23_0": 1, "25_1": 1, "27_1": 1, "27_0": 1, "29_1": 1, "29_2": 1, "33_2": 1, "35_0": 1, "40_0": 1, "40_2": 1, "40_1": 1, "41_1": 1, "44_0": 1, "49_1": 1, "50_1": 1, "50_2": 1, "51_1": 1, "51_0": 1, "52_1": 1, "54_2": 1, "54_0": 1, "55_1": 1, "55_0": 1, "55_2": 1, "2_0": 2, "4_0": 2, "7_2": 2, "7_0": 2, "8_0": 2, "10_0": 2, "14_2": 2, "15_0": 2, "17_2": 2, "19_1": 2, "19_2": 2, "21_0": 2, "21_2": 2, "23_1": 2, "24_0": 2, "26_2": 2, "28_2": 2, "28_0": 2, "29_0": 2, "37_1": 2, "41_0": 2, "43_0": 2, "46_1": 2, "47_0": 2, "48_1": 2, "50_0": 2, "53_1": 2, "59_2": 2, "59_0": 2, "19_0": 3, "33_1": 3, "35_1": 3, "39_2": 3, "39_0": 3, "42_0": 3, "2_2": 4, "5_0": 4, "31_2": 4, "56_2": 4, "10_2": 5, "34_1": 5, "12_2": 6, "31_0": 6, "9_0": 7, "56_1": 7, "38_2": 8, "43_1": 11}, "y_queue": [], "z_queue": [], "acc_per_veh": [0.574999988079071, 0.3230000138282776, 0.3779999911785126, 0.23899999260902405, 0.4309999942779541, 0.3479999899864197, 0.6119999885559082, 0.3230000138282776, 0.46000000834465027, 0.39899998903274536, 0.6029999852180481, 0.382999986410141, 0.40299999713897705, 0.44699999690055847, 0.4440000057220459, 0.3889999985694885, 0.44200000166893005, 0.3409999907016754, 0.6069999933242798, 0.4189999997615814, 0.4020000100135803, 0.41499999165534973, 0.5519999861717224, 0.4169999957084656, 0.41999998688697815, 0.39500001072883606, 0.4580000042915344, 0.5099999904632568, 0.5830000042915344, 0.6010000109672546, 0.5189999938011169, 0.48399999737739563, 0.4169999957084656, 0.29499998688697815, 0.28700000047683716, 0.39399999380111694, 0.2770000100135803, 0.45100000500679016, 0.5329999923706055, 0.33899998664855957, 0.5019999742507935, 0.4650000035762787, 0.41499999165534973, 0.5299999713897705, 0.35199999809265137, 0.5009999871253967, 0.335999995470047, 0.3330000042915344, 0.5239999890327454, 0.30799999833106995, 0.4970000088214874, 0.3199999928474426, 0.4129999876022339, 0.4830000102519989, 0.3790000081062317, 0.4339999854564667, 0.4399999976158142, 0.4970000088214874, 0.5479999780654907, 0.5139999985694885], "veh_meta": [{"mods": [0], "D": {"0": 900}, "Q": {"0": 0.9296273342569894}}, {"mods": [1], "D": {"1": 205}, "Q": {"1": 0.5332603873270162}}, {"mods": [0, 2], "D": {"0": 160, "2": 280}, "Q": {"0": 0.9551798633198361, "2": 0.8836897573943958}}, {"mods": [2], "D": {"2": 60}, "Q": {"2": 0.8036362253500965}}, {"mods": [0, 1, 2], "D": {"0": 399, "1": 685, "2": 410}, "Q": {"0": 0.934215372322613, "1": 0.8256628651307353, "2": 0.8788927905803693}}, {"mods": [0, 1], "D": {"0": 81, "1": 34}, "Q": {"0": 0.8081698892786238, "1": 0.8063234640631504}}, {"mods": [0, 1, 2], "D": {"0": 847, "1": 439, "2": 319}, "Q": {"0": 0.38925879901530147, "1": 0.47256585286563746, "2": 0.3197180008106804}}, {"mods": [0, 1, 2], "D": {"0": 158, "1": 211, "2": 225},