{"cfg": {"method": "RECD", "trace": "/Users/ckim48/Downloads/infocomsim/results/traces/trace_med_n60_s1.npz", "seed": 1, "rounds": 55, "r_v2v": 200.0, "cache_encoders": 4, "max_out": 3, "V": 100.0, "use_gat": true, "dataset": "fmnist"}, "hist": {"acc": [0.1000666664292415, 0.15921666622161865, 0.28961666524410246, 0.33885000000397364, 0.3664833334585031, 0.388433334728082, 0.39580000067750615, 0.4063333322604497, 0.42408333023389183, 0.43498333394527433, 0.4475666657090187, 0.4535333340366681], "acc_round": [1, 5, 10, 15, 20, 25, 30, 35, 40, 45, 50, 55], "recv": [60, 66, 81, 94, 70, 69, 67, 89, 46, 88, 57, 84, 67, 72, 67, 72, 92, 52, 69, 48, 90, 76, 69, 78, 58, 91, 46, 88, 65, 85, 75, 66, 59, 55, 98, 52, 69, 49, 104, 87, 64, 80, 50, 94, 47, 83, 65, 88, 76, 73, 69, 54, 89, 67, 82], "succ": [60, 66, 81, 94, 70, 69, 67, 89, 46, 88, 57, 84, 67, 72, 67, 72, 92, 52, 69, 48, 90, 76, 69, 78, 58, 91, 46, 88, 65, 85, 75, 66, 59, 55, 98, 52, 69, 49, 104, 87, 64, 80, 50, 94, 47, 83, 65, 88, 76, 73, 69, 54, 89, 67, 82], "att": [60, 67, 82, 97, 72, 72, 69, 89, 46, 88, 66, 86, 73, 73, 74, 74, 110, 53, 80, 50, 90, 81, 70, 89, 63, 100, 46, 88, 67, 85, 76, 68, 61, 55, 106, 52, 72, 49, 104, 93, 64, 89, 51, 105, 48, 87, 67, 89, 80, 73, 71, 54, 97, 69, 82], "energy": [69.4646761767602, 47.060492422019365, 97.6833778457073, 73.60618011190553, 88.99497913216247, 84.96717637889827, 56.12784011303126, 101.94831447150942, 35.59676430524143, 109.52655230356865, 66.32514710641381, 145.80044910187553, 65.22306420001425, 112.8731048332731, 104.34930913550218, 89.69863697261952, 201.15953205840293, 36.43919474497298, 115.37905721292894, 33.69085440832541, 110.29654251691242, 73.49010728387518, 80.83400372068384, 94.66903875382144, 86.6445910505846, 190.6398928962177, 37.121432609462445, 107.74597808539936, 45.72162859490523, 140.06249695550144, 59.79980780268032, 71.35575397566241, 40.44781616477989, 43.49348166427923, 189.54867308763022, 31.365177519847514, 108.1999894445336, 32.58965357448718, 222.83768786676504, 83.96516393593305, 59.72562992571989, 110.01788200358898, 33.09521645854112, 190.95315354986008, 28.882418106193064, 81.9990751513133, 55.96337551365037, 167.13809191187562, 70.83468215627381, 80.11390102239612, 81.67216676811286, 40.03165822479461, 158.66176670869353, 63.26616236817846, 91.43331785420858], "coverage": [0.3153846153846154, 0.4846153846153846, 0.6538461538461539, 0.7076923076923077, 0.7538461538461538, 0.7923076923076923, 0.7923076923076923, 0.8538461538461538, 0.8692307692307693, 0.8923076923076924, 0.9, 0.9307692307692308, 0.9538461538461539, 0.9615384615384616, 0.9692307692307692, 0.9846153846153847, 0.9846153846153847, 0.9846153846153847, 0.9846153846153847, 0.9846153846153847, 1.0, 1.0, 1.0, 1.0, 1.0, 1.0, 1.0, 1.0, 1.0, 1.0, 1.0, 1.0, 1.0, 1.0, 1.0, 1.0, 1.0, 1.0, 1.0, 1.0, 1.0, 1.0, 1.0, 1.0, 1.0, 1.0, 1.0, 1.0, 1.0, 1.0, 1.0, 1.0, 1.0, 1.0, 1.0], "staleness": [0.0, 0.15151515151515152, 0.43209876543209874, 0.5106382978723404, 0.5571428571428572, 1.1304347826086956, 1.1492537313432836, 1.202247191011236, 1.5, 1.2045454545454546, 1.6491228070175439, 1.7023809523809523, 1.3582089552238805, 1.4583333333333333, 1.507462686567164, 1.8472222222222223, 1.2282608695652173, 0.8076923076923077, 1.565217391304348, 1.9583333333333333, 1.5888888888888888, 1.8026315789473684, 2.1594202898550723, 1.935897435897436, 1.8620689655172413, 2.318681318681319, 2.3043478260869565, 1.8522727272727273, 1.6923076923076923, 1.2588235294117647, 1.76, 1.6363636363636365, 1.2542372881355932, 1.6, 1.489795918367347, 1.4230769230769231, 1.9275362318840579, 1.7142857142857142, 1.5576923076923077, 1.7701149425287357, 1.0, 1.3125, 1.98, 1.627659574468085, 1.3829787234042554, 1.4216867469879517, 1.7384615384615385, 1.2840909090909092, 1.2236842105263157, 1.2876712328767124, 1.4202898550724639, 1.9444444444444444, 1.5056179775280898, 1.7313432835820894, 1.4268292682926829], "fail": [0, 1, 1, 3, 2, 3, 2, 0, 0, 0, 9, 2, 6, 1, 7, 2, 18, 1, 11, 2, 0, 5, 1, 11, 5, 9, 0, 0, 2, 0, 1, 2, 2, 0, 8, 0, 3, 0, 0, 6, 0, 9, 1, 11, 1, 4, 2, 1, 4, 0, 2, 0, 8, 2, 0], "recv_per_veh": [13.0, 66.0, 48.0, 80.0, 68.0, 82.0, 75.0, 71.0, 20.0, 63.0, 38.0, 93.0, 41.0, 78.0, 56.0, 30.0, 60.0, 74.0, 42.0, 78.0, 88.0, 49.0, 39.0, 42.0, 41.0, 75.0, 45.0, 87.0, 54.0, 55.0, 34.0, 55.0, 37.0, 45.0, 82.0, 35.0, 52.0, 48.0, 36.0, 47.0, 62.0, 37.0, 58.0, 40.0, 67.0, 36.0, 54.0, 33.0, 91.0, 31.0, 49.0, 65.0, 27.0, 75.0, 65.0, 55.0, 40.0, 54.0, 36.0, 48.0], "first_recv": {"4_0": 0, "4_2": 0, "4_1": 0, "5_1": 0, "5_0": 0, "6_1": 0, "6_0": 0, "6_2": 0, "8_0": 0, "9_1": 0, "9_0": 0, "13_0": 0, "13_2": 0, "13_1": 0, "14_2": 0, "16_0": 0, "17_2": 0, "22_1": 0, "24_0": 0, "27_0": 0, "27_1": 0, "28_1": 0, "29_0": 0, "29_1": 0, "30_1": 0, "34_1": 0, "36_1": 0, "41_1": 0, "41_0": 0, "42_1": 0, "44_2": 0, "45_1": 0, "47_1": 0, "47_0": 0, "49_0": 0, "49_1": 0, "50_0": 0, "55_1": 0, "55_2": 0, "55_0": 0, "59_2": 0, "0_0": 1, "11_2": 1, "11_1": 1, "14_0": 1, "18_1": 1, "19_0": 1, "21_1": 1, "23_0": 1, "29_2": 1, "32_0": 1, "37_1": 1, "37_2": 1, "44_1": 1, "48_2": 1, "51_0": 1, "53_1": 1, "53_2": 1, "53_0": 1, "56_2": 1, "56_1": 1, "58_0": 1, "59_0": 1, "1_1": 2, "3_2": 2, "7_1": 2, "12_0": 2, "20_1": 2, "25_1": 2, "33_1": 2, "33_2": 2, "33_0": 2, "35_1": 2, "38_2": 2, "38_0": 2, "39_2": 2, "40_0": 2, "40_2": 2, "40_1": 2, "48_1": 2, "51_1": 2, "52_1": 2, "54_1": 2, "54_0": 2, "58_2": 2, "2_0": 3, "23_2": 3, "26_2": 3, "35_0": 3, "39_0": 3, "42_0": 3, "43_0": 3, "7_0": 4, "19_1": 4, "20_2": 4, "21_2": 4, "50_2": 4, "57_1": 4, "10_2": 5, "15_2": 5, "18_0": 5, "23_1": 5, "54_2": 5, "7_2": 7, "19_2": 7, "26_1": 7, "26_0": 7, "28_0": 7, "46_1": 7, "46_2": 7, "59_1": 7, "2_2": 8, "28_2": 8, "12_2": 9, "31_2": 9, "52_0": 9, "10_1": 10, "22_0": 11, "38_1": 11, "43_1": 11, "50_1": 11, "15_0": 12, "31_1": 12, "31_0": 12, "12_1": 13, "17_1": 14, "17_0": 15, "21_0": 15, "10_0": 20, "44_0": 20}, "y_queue": [0.07416666666666667, 0.13166666666666668, 0.14583333333333334, 0.18083333333333332, 0.2283333333333333, 0.25166666666666665, 0.2866666666666667, 0.29305555555555557, 0.3447222222222222, 0.33861111111111103, 0.3761111111111111, 0.3577777777777778, 0.3769444444444444, 0.3861111111111111, 0.3863888888888889, 0.3680555555555556, 0.37166666666666665, 0.4174999999999999, 0.4377777777777777, 0.4802777777777777, 0.40861111111111104, 0.41444444444444434, 0.4477777777777777, 0.4766666666666665, 0.5149999999999999, 0.4930555555555554, 0.5519444444444442, 0.5152777777777776, 0.513611111111111, 0.5188888888888886, 0.5174999999999998, 0.5413888888888887, 0.5444444444444443, 0.5766666666666664, 0.5230555555555553, 0.5533333333333331, 0.5691666666666665, 0.6163888888888887, 0.5911111111111109, 0.5641666666666664, 0.5936111111111108, 0.5897222222222219, 0.6111111111111109, 0.5474999999999998, 0.5888888888888887, 0.5874999999999997, 0.5730555555555553, 0.5336111111111108, 0.5522222222222221, 0.5627777777777775, 0.5727777777777776, 0.6124999999999998, 0.5574999999999998, 0.5683333333333331, 0.528333333333333],