{"cfg": {"method": "RECD", "trace": "/Users/ckim48/Downloads/infocomsim/results/traces/trace_med_n60_s1.npz", "seed": 1, "rounds": 55, "r_v2v": 200.0, "cache_encoders": 2, "max_out": 3, "V": 50.0, "use_gat": true}, "hist": {"acc": [0.10124999980131785, 0.15964999931554, 0.29453333218892414, 0.3369499996304512, 0.37013333290815353, 0.3840333350002766, 0.39791666467984516, 0.4120833322405815, 0.4283166686693827, 0.4422000005841255, 0.4508833348751068, 0.45516666521628696], "acc_round": [1, 5, 10, 15, 20, 25, 30, 35, 40, 45, 50, 55], "recv": [60, 65, 80, 95, 73, 70, 65, 90, 45, 88, 55, 83, 66, 68, 64, 70, 95, 51, 70, 48, 87, 75, 67, 78, 61, 90, 47, 87, 64, 84, 75, 66, 58, 53, 96, 54, 66, 49, 104, 85, 63, 78, 51, 95, 45, 80, 64, 89, 74, 75, 70, 55, 88, 63, 80], "succ": [60, 65, 80, 95, 73, 70, 65, 90, 45, 88, 55, 83, 66, 68, 64, 70, 95, 51, 70, 48, 87, 75, 67, 78, 61, 90, 47, 87, 64, 84, 75, 66, 58, 53, 96, 54, 66, 49, 104, 85, 63, 78, 51, 95, 45, 80, 64, 89, 74, 75, 70, 55, 88, 63, 80], "att": [60, 66, 81, 97, 74, 73, 68, 91, 45, 88, 64, 85, 72, 69, 73, 72, 111, 51, 81, 48, 87, 80, 68, 89, 65, 100, 47, 88, 66, 84, 75, 68, 60, 53, 104, 54, 69, 49, 104, 90, 63, 87, 52, 106, 46, 84, 66, 90, 78, 75, 72, 55, 93, 64, 80], "energy": [69.4646761767602, 45.82698544079655, 92.11903295797777, 72.80038633690016, 89.67693320257466, 80.47698831114862, 51.985005211889394, 104.66170528628784, 36.50626412665634, 110.97488323329398, 64.47911002273972, 143.61241584474274, 63.61743538907211, 97.70845061090596, 104.30973632410488, 84.62677214540675, 192.7758978495765, 34.13168278178277, 114.78148357761148, 32.395694380704036, 107.49270691666146, 73.58798634030478, 69.84164221126699, 95.16767789150298, 87.02310532269688, 187.29503472003515, 37.775244016484805, 114.33704984870806, 45.67777245619776, 135.03443389978614, 62.56077033027224, 70.85503101160805, 40.204277514729014, 41.662223584929706, 185.87460136171626, 32.72779760670507, 101.7464716504512, 33.010570848276096, 218.38495732280637, 81.29385650938345, 59.82721560743852, 106.91970212541824, 36.08581889947998, 188.8246370662954, 27.915520293214158, 78.73573982447677, 54.29087189475111, 158.32470667118028, 70.36790865522552, 80.81297160333982, 81.64190271017556, 41.05052056783279, 149.94480101076073, 57.22344711528673, 93.98016916262092], "coverage": [0.3153846153846154, 0.47692307692307695, 0.6461538461538462, 0.7076923076923077, 0.7538461538461538, 0.7846153846153846, 0.7846153846153846, 0.8461538461538461, 0.8615384615384616, 0.8923076923076924, 0.9, 0.9230769230769231, 0.9461538461538461, 0.9538461538461539, 0.9615384615384616, 0.9769230769230769, 0.9769230769230769, 0.9769230769230769, 0.9769230769230769, 0.9769230769230769, 0.9923076923076923, 0.9923076923076923, 0.9923076923076923, 0.9923076923076923, 1.0, 1.0, 1.0, 1.0, 1.0, 1.0, 1.0, 1.0, 1.0, 1.0, 1.0, 1.0, 1.0, 1.0, 1.0, 1.0, 1.0, 1.0, 1.0, 1.0, 1.0, 1.0, 1.0, 1.0, 1.0, 1.0, 1.0, 1.0, 1.0, 1.0, 1.0], "staleness": [0.0, 0.13846153846153847, 0.3875, 0.3684210526315789, 0.4931506849315068, 0.9571428571428572, 0.8, 0.8888888888888888, 0.8666666666666667, 0.625, 1.1090909090909091, 1.3614457831325302, 0.7121212121212122, 0.9705882352941176, 0.984375, 1.2714285714285714, 1.0210526315789474, 0.5490196078431373, 1.6571428571428573, 1.625, 1.1954022988505748, 1.5066666666666666, 1.626865671641791, 1.4487179487179487, 1.2459016393442623, 1.5444444444444445, 1.9148936170212767, 1.367816091954023, 1.140625, 1.130952380952381, 1.4266666666666667, 1.803030303030303, 0.9482758620689655, 1.5660377358490567, 1.34375, 1.3518518518518519, 1.5, 0.9183673469387755, 1.4711538461538463, 1.5176470588235293, 0.8412698412698413, 1.0256410256410255, 1.392156862745098, 1.1789473684210525, 1.2222222222222223, 1.0, 1.359375, 1.101123595505618, 0.6216216216216216, 1.2133333333333334, 1.7714285714285714, 1.3454545454545455, 1.1931818181818181, 1.4126984126984128, 1.45], "fail": [0, 1, 1, 2, 1, 3, 3, 1, 0, 0, 9, 2, 6, 1, 9, 2, 16, 0, 11, 0, 0, 5, 1, 11, 4, 10, 0, 1, 2, 0, 0, 2, 2, 0, 8, 0, 3, 0, 0, 5, 0, 9, 1, 11, 1, 4, 2, 1, 4, 0, 2, 0, 5, 1, 0], "recv_per_veh": [13.0, 66.0, 48.0, 70.0, 69.0, 84.0, 72.0, 68.0, 21.0, 66.0, 43.0, 93.0, 43.0, 75.0, 55.0, 33.0, 61.0, 75.0, 41.0, 77.0, 83.0, 46.0, 37.0, 39.0, 43.0, 76.0, 46.0, 90.0, 57.0, 53.0, 34.0, 61.0, 39.0, 47.0, 81.0, 36.0, 54.0, 46.0, 34.0, 51.0, 64.0, 37.0, 60.0, 41.0, 70.0, 37.0, 56.0, 32.0, 90.0, 30.0, 50.0, 69.0, 30.0, 77.0, 66.0, 56.0, 35.0, 55.0, 37.0, 48.0], "first_recv": {"4_0": 0, "4_2": 0, "4_1": 0, "5_1": 0, "5_0": 0, "6_1": 0, "6_0": 0, "6_2": 0, "8_0": 0, "9_1": 0, "9_0": 0, "13_0": 0, "13_2": 0, "13_1": 0, "14_2": 0, "16_0": 0, "17_2": 0, "22_1": 0, "24_0": 0, "27_0": 0, "27_1": 0, "28_1": 0, "29_0": 0, "29_1": 0, "30_1": 0, "34_1": 0, "36_1": 0, "41_1": 0, "41_0": 0, "42_1": 0, "44_2": 0, "45_1": 0, "47_1": 0, "47_0": 0, "49_0": 0, "49_1": 0, "50_0": 0, "55_1": 0, "55_2": 0, "55_0": 0, "59_2": 0, "0_0": 1, "11_2": 1, "11_1": 1, "18_1": 1, "19_0": 1, "21_1": 1, "23_0": 1, "29_2": 1, "32_0": 1, "37_1": 1, "37_2": 1, "44_1": 1, "48_2": 1, "51_0": 1, "53_1": 1, "53_2": 1, "53_0": 1, "56_2": 1, "56_1": 1, "58_0": 1, "59_0": 1, "1_1": 2, "3_2": 2, "7_1": 2, "12_0": 2, "20_1": 2, "25_1": 2, "33_1": 2, "33_2": 2, "33_0": 2, "35_1": 2, "38_2": 2, "38_0": 2, "39_2": 2, "40_0": 2, "40_2": 2, "40_1": 2, "48_1": 2, "51_1": 2, "52_1": 2, "54_1": 2, "54_0": 2, "58_2": 2, "2_0": 3, "23_2": 3, "26_2": 3, "35_0": 3, "39_0": 3, "42_0": 3, "43_0": 3, "57_1": 3, "7_0": 4, "19_1": 4, "20_2": 4, "21_2": 4, "50_2": 4, "59_1": 4, "10_2": 5, "15_2": 5, "23_1": 5, "54_2": 5, "7_2": 7, "19_2": 7, "26_1": 7, "26_0": 7, "28_2": 7, "28_0": 7, "46_1": 7, "46_2": 7, "2_2": 8, "14_0": 8, "12_2": 9, "22_0": 9, "31_2": 9, "52_0": 9, "10_1": 10, "38_1": 11, "43_1": 11, "50_1": 11, "15_0": 12, "31_1": 12, "31_0": 12, "12_1": 13, "17_1": 14, "17_0": 15, "21_0": 15, "10_0": 20, "44_0": 20, "18_0": 24}, "y_queue": [0.07416666666666667, 0.13333333333333333, 0.14916666666666664, 0.17916666666666667, 0.22083333333333333, 0.25249999999999995, 0.2941666666666667, 0.2997222222222222, 0.3511111111111111, 0.3377777777777778, 0.37277777777777776, 0.3594444444444444, 0.3849999999999999, 0.3799999999999999, 0.3886111111111111, 0.3738888888888889, 0.3638888888888888, 0.4002777777777777, 0.4244444444444443, 0.4619444444444443, 0.4061111111111111, 0.4177777777777777, 0.4577777777777777, 0.476111111111111, 0.5105555555555554, 0.5083333333333333, 0.5580555555555553, 0.5194444444444443, 0.5188888888888887, 0.5263888888888887, 0.5194444444444443, 0.5311111111111109, 0.5294444444444443, 0.549722222222222, 0.5113888888888887, 0.5352777777777776, 0.546111111111111, 0.5888888888888887, 0.559722222222222, 0.5338888888888887, 0.5624999999999999, 0.5658333333333332, 0.5880555555555553, 0.5183333333333332, 0.5588888888888887, 0.5611111111111109, 0.5436111111111109, 0.4958333333333332, 0.5047222222222221, 0.5049999999999998, 0.522222222222222, 0.5647222222222221, 0.5274999999999997, 0.5402777777777776, 0.5186111111111108],