{"cfg": {"method": "LRU-Random", "trace": "/Users/ckim48/Downloads/infocomsim/results/traces/trace_high_n60_s1.npz", "seed": 1, "rounds": 55, "r_v2v": 200.0, "cache_encoders": 4, "max_out": 3, "V": 50.0, "use_gat": true, "dataset": "fmnist", "phi_agg": 0.0}, "hist": {"acc": [0.10186666622757912, 0.1490833330899477, 0.26339999909202255, 0.317000000923872, 0.3486666647096475, 0.3631333339959383, 0.3783666655421257, 0.38868333473801614, 0.39560000027219455, 0.4065833320220312, 0.4259666658937931, 0.4301666689415773], "acc_round": [1, 5, 10, 15, 20, 25, 30, 35, 40, 45, 50, 55], "recv": [100, 99, 122, 113, 122, 107, 96, 136, 117, 122, 96, 128, 127, 123, 121, 125, 128, 137, 146, 120, 127, 120, 131, 125, 111, 147, 130, 134, 113, 140, 134, 139, 117, 113, 144, 138, 116, 84, 137, 103, 125, 135, 118, 129, 121, 134, 102, 126, 132, 125, 121, 130, 142, 131, 142], "succ": [100, 99, 122, 113, 122, 107, 96, 136, 117, 122, 96, 128, 127, 123, 121, 125, 128, 137, 146, 120, 127, 120, 131, 125, 111, 147, 130, 134, 113, 140, 134, 139, 117, 113, 144, 138, 116, 84, 137, 103, 125, 135, 118, 129, 121, 134, 102, 126, 132, 125, 121, 130, 142, 131, 142], "att": [116, 142, 155, 150, 164, 169, 157, 164, 171, 162, 147, 162, 156, 168, 162, 153, 162, 162, 168, 171, 165, 156, 171, 168, 159, 168, 171, 168, 165, 168, 165, 165, 168, 165, 171, 165, 159, 153, 159, 156, 159, 171, 159, 159, 165, 153, 153, 162, 162, 171, 162, 153, 159, 165, 171], "energy": [210.72179414281078, 245.7269803709257, 356.7657420699266, 228.06362269296025, 290.0234551706851, 297.536074168881, 299.2003461815108, 289.86913158172194, 288.55495215130463, 290.48252202230356, 273.5435871031123, 291.53727276215136, 249.705991467463, 352.79378530470865, 339.87596012754096, 273.81760930728785, 307.08354594530067, 326.512609503999, 380.14350282421856, 305.7096035670056, 336.31494539071224, 295.5858561186461, 404.9500986384361, 366.69076017805946, 307.9578502307975, 407.52232861748104, 308.05519641477775, 334.8992988032674, 284.265006784093, 338.2665258483446, 257.6898447937157, 307.4274835231925, 360.2566654201616, 308.2724647310739, 304.6227583401121, 248.97837014067258, 285.4964560283668, 231.05072870185307, 290.2603410802373, 264.86290636351515, 277.3233817450223, 312.17178393659276, 263.6222298274773, 265.6192627571939, 286.126452773752, 285.2103213370834, 287.88804766720614, 310.9763021516945, 332.9553240668467, 359.91209893473257, 318.7132027738819, 323.4811613135754, 354.8221727043384, 329.29159704587215, 381.27636217762546], "coverage": [0.5076923076923077, 0.6846153846153846, 0.8307692307692308, 0.8692307692307693, 0.9153846153846154, 0.9461538461538461, 0.9538461538461539, 0.9846153846153847, 0.9846153846153847, 0.9923076923076923, 0.9923076923076923, 0.9923076923076923, 0.9923076923076923, 0.9923076923076923, 0.9923076923076923, 0.9923076923076923, 0.9923076923076923, 0.9923076923076923, 0.9923076923076923, 1.0, 1.0, 1.0, 1.0, 1.0, 1.0, 1.0, 1.0, 1.0, 1.0, 1.0, 1.0, 1.0, 1.0, 1.0, 1.0, 1.0, 1.0, 1.0, 1.0, 1.0, 1.0, 1.0, 1.0, 1.0, 1.0, 1.0, 1.0, 1.0, 1.0, 1.0, 1.0, 1.0, 1.0, 1.0, 1.0], "staleness": [0.0, 0.3434343434343434, 0.7950819672131147, 1.0973451327433628, 1.6967213114754098, 2.0841121495327104, 2.4375, 2.6544117647058822, 3.4786324786324787, 3.7459016393442623, 3.5833333333333335, 5.1796875, 5.228346456692913, 5.6016260162601625, 5.421487603305785, 6.024, 6.3828125, 6.306569343065694, 6.095890410958904, 6.716666666666667, 7.275590551181103, 7.733333333333333, 8.335877862595419, 7.392, 6.8558558558558556, 8.197278911564625, 8.96923076923077, 8.559701492537313, 8.858407079646017, 9.092857142857143, 8.432835820895523, 8.62589928057554, 8.957264957264957, 10.123893805309734, 10.305555555555555, 10.615942028985508, 12.637931034482758, 10.952380952380953, 12.503649635036496, 13.184466019417476, 11.592, 14.481481481481481, 13.838983050847459, 14.271317829457365, 12.487603305785123, 13.58955223880597, 12.284313725490197, 12.523809523809524, 13.181818181818182, 15.176, 13.049586776859504, 13.676923076923076, 13.32394366197183, 13.961832061068701, 15.964788732394366], "fail": [16, 43, 33, 37, 42, 62, 61, 28, 54, 40, 51, 34, 29, 45, 41, 28, 34, 25, 22, 51, 38, 36, 40, 43, 48, 21, 41, 34, 52, 28, 31, 26, 51, 52, 27, 27, 43, 69, 22, 53, 34, 36, 41, 30, 44, 19, 51, 36, 30, 46, 41, 23, 17, 34, 29], "recv_per_veh": [11.0, 49.0, 77.0, 40.0, 112.0, 56.0, 104.0, 109.0, 18.0, 53.0, 121.0, 99.0, 81.0, 95.0, 80.0, 35.0, 14.0, 94.0, 61.0, 109.0, 75.0, 131.0, 54.0, 111.0, 15.0, 36.0, 89.0, 54.0, 113.0, 131.0, 43.0, 140.0, 18.0, 75.0, 50.0, 62.0, 28.0, 62.0, 101.0, 76.0, 101.0, 64.0, 76.0, 39.0, 109.0, 35.0, 95.0, 59.0, 83.0, 55.0, 115.0, 51.0, 69.0, 128.0, 107.0, 111.0, 68.0, 37.0, 68.0, 127.0], "first_recv": {"3_2": 0, "4_2": 0, "6_1": 0, "6_2": 0, "7_0": 0, "7_1": 0, "9_1": 0, "13_0": 0, "13_2": 0, "13_1": 0, "16_0": 0, "17_2": 0, "17_0": 0, "17_1": 0, "18_1": 0, "19_0": 0, "20_2": 0, "21_0": 0, "21_1": 0, "22_0": 0, "23_1": 0, "23_2": 0, "23_0": 0, "26_2": 0, "26_1": 0, "27_0": 0, "28_1": 0, "29_1": 0, "29_2": 0, "35_0": 0, "38_1": 0, "38_2": 0, "38_0": 0, "39_0": 0, "40_0": 0, "40_1": 0, "40_2": 0, "41_0": 0, "41_1": 0, "42_1": 0, "42_0": 0, "44_1": 0, "44_0": 0, "44_2": 0, "45_1": 0, "47_1": 0, "48_2": 0, "49_0": 0, "49_1": 0, "51_1": 0, "52_0": 0, "53_0": 0, "53_2": 0, "53_1": 0, "54_2": 0, "55_0": 0, "55_1": 0, "55_2": 0, "56_1": 0, "56_2": 0, "57_1": 0, "58_2": 0, "58_0": 0, "59_0": 0, "59_1": 0, "59_2": 0, "0_0": 1, "4_0": 1, "4_1": 1, "5_1": 1, "6_0": 1, "7_2": 1, "10_0": 1, "10_1": 1, "11_2": 1, "11_1": 1, "12_1": 1, "19_2": 1, "24_0": 1, "25_1": 1, "27_1": 1, "28_0": 1, "28_2": 1, "29_0": 1, "32_0": 1, "34_1": 1, "50_1": 1, "52_1": 1, "54_1": 1, "2_0": 2, "12_0": 2, "14_0": 2, "19_1": 2, "20_1": 2, "22_1": 2, "30_1": 2, "31_2": 2, "31_0": 2, "33_0": 2, "35_1": 2, "39_2": 2, "43_0": 2, "47_0": 2, "48_1": 2, "50_2": 2, "50_0": 2, "51_0": 2, "54_0": 2, "1_1": 3, "8_0": 3, "12_2": 3, "14_2": 3, "33_2": 3, "15_0": 4, "21_2": 4, "31_1": 4, "33_1": 4, "43_1": 4, "46_2": 4, "2_2": 5, "15_2": 5, "36_1": 5, "46_1": 5, "18_0": 6, "5_0": 7, "9_0": 7, "37_1": 7, "37_2": 7, "10_2": 9, "26_0": 19}, "y_queue": [], "z_queue": [], "acc_per_veh": [0.5680000185966492, 0.3659999966621399, 0.32899999618530273, 0.1469999998807907, 0.41200000047683716, 0.3009999990463257, 0.593999981880188, 0.3240000009536743, 0.4429999887943268, 0.3569999933242798, 0.5659999847412109, 0.4569999873638153, 0.4090000092983246, 0.367000013589859, 0.4320000112056732, 0.33899998664855957, 0.45100000500679016, 0.3499999940395355, 0.5870000123977661, 0.44699999690055847, 0.36899998784065247, 0.46299999952316284, 0.5350000262260437, 0.492000013589859, 0.4399999976158142, 0.4410000145435333, 0.460999995470047, 0.5220000147819519, 0.5830000042915344, 0.5860000252723694, 0.3970000147819519, 0.39500001072883606, 0.3959999978542328, 0.367000013589859, 0.2619999945163727, 0.46299999952316284, 0.27900001406669617, 0.453000009059906, 0.5389999747276306, 0.3490000069141388, 0.4440000057220459, 0.421999990940094, 0.45500001311302185, 0.531000018119812, 0.32100000977516174, 0.4880000054836273, 0.37400001287460327, 0.3370000123977661, 0.5139999985694885, 0.3199999928474426, 0.46000000834465027, 0.3659999966621399, 0.34299999475479126, 0.5090000033378601, 0.39500001072883606, 0.5109999775886536, 0.5189999938011169, 0.4830000102519989, 0.5099999904632568, 0.4699999988079071], "veh_meta": [{"mods": [0], "D": {"0": 900}, "Q": {"0": 0.9296273342569894}}, {"mods": [1], "D": {"1": 205}, "Q": {"1": 0.5332603873270162}}, {"mods": [0, 2], "D": {"0": 160, "2": 280}, "Q": {"0": 0.9551798633198361, "2": 0.8836897573943958}}, {"mods": [2], "D": {"2": 60}, "Q": {"2": 0.8036362253500965}}, {"mods": [0, 1, 2], "D": {"0": 399, "1": 685, "2": 410}, "Q": {"0": 0.934215372322613, "1": 0.8256628651307353, "2": 0.8788927905803693}}, {"mods": [0, 1], "D": {"0": 81, "1": 34}, "Q": {"0": 0.8081698892786238, "1": 0.8063234640631504}}, {"mods": [0, 1, 2], "D": {"0": 847, "1": 439, "2": 319},