{"cfg": {"method": "RECD", "trace": "/Users/ckim48/Downloads/infocomsim/results/traces/trace_med_n60_s1.npz", "seed": 1, "rounds": 55, "r_v2v": 200.0, "cache_encoders": 8, "max_out": 3, "V": 50.0, "use_gat": true}, "hist": {"acc": [0.10213333293795586, 0.16008333228528498, 0.27756666764616966, 0.33270000070333483, 0.36631666868925095, 0.38748333404461544, 0.3927000013490518, 0.40275000085433327, 0.42300000265240667, 0.4328999991218249, 0.44506666908661524, 0.45651666869719826], "acc_round": [1, 5, 10, 15, 20, 25, 30, 35, 40, 45, 50, 55], "recv": [60, 66, 80, 94, 71, 69, 69, 88, 46, 89, 57, 87, 69, 69, 71, 73, 93, 51, 72, 49, 95, 78, 68, 81, 60, 92, 49, 89, 64, 88, 76, 68, 58, 55, 97, 53, 67, 50, 105, 86, 66, 80, 53, 97, 50, 83, 64, 87, 74, 74, 70, 52, 88, 65, 82], "succ": [60, 66, 80, 94, 71, 69, 69, 88, 46, 89, 57, 87, 69, 69, 71, 73, 93, 51, 72, 49, 95, 78, 68, 81, 60, 92, 49, 89, 64, 88, 76, 68, 58, 55, 97, 53, 67, 50, 105, 86, 66, 80, 53, 97, 50, 83, 64, 87, 74, 74, 70, 52, 88, 65, 82], "att": [60, 67, 82, 97, 73, 73, 71, 88, 46, 89, 67, 89, 75, 70, 80, 75, 111, 52, 83, 49, 95, 83, 69, 91, 65, 103, 49, 90, 66, 88, 76, 70, 60, 55, 105, 53, 70, 50, 105, 91, 66, 88, 54, 108, 51, 87, 66, 88, 79, 74, 71, 52, 95, 66, 82], "energy": [69.4646761767602, 47.060492422019365, 100.81326143643305, 73.60618011190553, 89.98149315954167, 84.89050499583179, 58.650513494827834, 102.09250005483197, 37.97443619806052, 117.55579270385839, 64.67648310321174, 150.0767104555179, 67.16436026969234, 117.85602809923039, 111.57922682054425, 86.73899479354569, 203.59122303430533, 36.12188024140089, 119.6766090801029, 32.336720543655034, 113.15446800740467, 75.65789460973264, 63.00527070741805, 95.09935337890815, 94.04069241799786, 186.90398611573036, 38.65599804741541, 115.11320273034993, 45.447520665651865, 136.71561968798903, 61.635577184920415, 76.14662723157805, 40.07367005151225, 42.38538032500372, 190.51671217961524, 32.17703171328398, 101.20066412866235, 33.86761362429864, 218.30769088515825, 83.58721789659982, 60.941146514487585, 108.87402794823124, 38.332700025253935, 200.75969840135033, 35.278595369848304, 85.18510849154409, 53.59391986000693, 162.93430926367506, 73.92310380829188, 80.78464100927269, 73.30703595287922, 40.57582248621023, 150.77568311031118, 58.99321706027723, 95.08530529389168], "coverage": [0.3153846153846154, 0.4846153846153846, 0.6538461538461539, 0.7076923076923077, 0.7615384615384615, 0.8, 0.8, 0.8538461538461538, 0.8692307692307693, 0.9, 0.9076923076923077, 0.9384615384615385, 0.9615384615384616, 0.9615384615384616, 0.9692307692307692, 0.9846153846153847, 0.9846153846153847, 0.9846153846153847, 0.9846153846153847, 0.9846153846153847, 1.0, 1.0, 1.0, 1.0, 1.0, 1.0, 1.0, 1.0, 1.0, 1.0, 1.0, 1.0, 1.0, 1.0, 1.0, 1.0, 1.0, 1.0, 1.0, 1.0, 1.0, 1.0, 1.0, 1.0, 1.0, 1.0, 1.0, 1.0, 1.0, 1.0, 1.0, 1.0, 1.0, 1.0, 1.0], "staleness": [0.0, 0.15151515151515152, 0.425, 0.5106382978723404, 0.6619718309859155, 1.3043478260869565, 1.536231884057971, 1.4204545454545454, 1.5434782608695652, 1.4606741573033708, 1.6140350877192982, 2.0229885057471266, 2.1159420289855073, 1.8405797101449275, 2.2253521126760565, 1.7808219178082192, 2.010752688172043, 1.196078431372549, 2.125, 2.795918367346939, 2.1894736842105265, 2.3461538461538463, 2.3529411764705883, 2.259259259259259, 1.8333333333333333, 2.4130434782608696, 2.122448979591837, 1.7191011235955056, 1.5, 1.4545454545454546, 1.9078947368421053, 1.5735294117647058, 1.4137931034482758, 1.7454545454545454, 1.4742268041237114, 1.679245283018868, 1.7014925373134329, 1.52, 1.7523809523809524, 1.802325581395349, 1.2878787878787878, 1.45, 1.8867924528301887, 1.7835051546391754, 1.76, 1.5903614457831325, 2.0625, 1.471264367816092, 1.4054054054054055, 1.3918918918918919, 1.957142857142857, 1.5769230769230769, 1.5227272727272727, 2.0307692307692307, 2.1463414634146343], "fail": [0, 1, 2, 3, 2, 4, 2, 0, 0, 0, 10, 2, 6, 1, 9, 2, 18, 1, 11, 0, 0, 5, 1, 10, 5, 11, 0, 1, 2, 0, 0, 2, 2, 0, 8, 0, 3, 0, 0, 5, 0, 8, 1, 11, 1, 4, 2, 1, 5, 0, 1, 0, 7, 1, 0], "recv_per_veh": [13.0, 69.0, 50.0, 87.0, 68.0, 81.0, 77.0, 72.0, 22.0, 63.0, 39.0, 97.0, 49.0, 77.0, 57.0, 37.0, 66.0, 79.0, 43.0, 77.0, 86.0, 46.0, 31.0, 39.0, 42.0, 74.0, 47.0, 82.0, 52.0, 54.0, 33.0, 59.0, 37.0, 45.0, 82.0, 42.0, 52.0, 46.0, 35.0, 50.0, 60.0, 36.0, 65.0, 44.0, 71.0, 36.0, 54.0, 31.0, 90.0, 31.0, 47.0, 69.0, 29.0, 77.0, 65.0, 57.0, 38.0, 54.0, 38.0, 47.0], "first_recv": {"4_0": 0, "4_2": 0, "4_1": 0, "5_1": 0, "5_0": 0, "6_1": 0, "6_0": 0, "6_2": 0, "8_0": 0, "9_1": 0, "9_0": 0, "13_0": 0, "13_2": 0, "13_1": 0, "14_2": 0, "16_0": 0, "17_2": 0, "22_1": 0, "24_0": 0, "27_0": 0, "27_1": 0, "28_1": 0, "29_0": 0, "29_1": 0, "30_1": 0, "34_1": 0, "36_1": 0, "41_1": 0, "41_0": 0, "42_1": 0, "44_2": 0, "45_1": 0, "47_1": 0, "47_0": 0, "49_0": 0, "49_1": 0, "50_0": 0, "55_1": 0, "55_2": 0, "55_0": 0, "59_2": 0, "0_0": 1, "11_2": 1, "11_1": 1, "14_0": 1, "18_1": 1, "19_0": 1, "21_1": 1, "23_0": 1, "29_2": 1, "32_0": 1, "37_1": 1, "37_2": 1, "44_1": 1, "48_2": 1, "51_0": 1, "53_1": 1, "53_2": 1, "53_0": 1, "56_2": 1, "56_1": 1, "58_0": 1, "59_0": 1, "1_1": 2, "3_2": 2, "7_1": 2, "12_0": 2, "20_1": 2, "25_1": 2, "33_1": 2, "33_2": 2, "33_0": 2, "35_1": 2, "38_2": 2, "38_0": 2, "39_2": 2, "40_0": 2, "40_2": 2, "40_1": 2, "48_1": 2, "51_1": 2, "52_1": 2, "54_1": 2, "54_0": 2, "58_2": 2, "2_0": 3, "23_2": 3, "26_2": 3, "35_0": 3, "39_0": 3, "42_0": 3, "43_0": 3, "7_0": 4, "19_1": 4, "20_2": 4, "21_2": 4, "50_2": 4, "57_1": 4, "59_1": 4, "10_2": 5, "15_2": 5, "18_0": 5, "23_1": 5, "54_2": 5, "7_2": 7, "19_2": 7, "26_1": 7, "26_0": 7, "28_0": 7, "46_1": 7, "46_2": 7, "2_2": 8, "28_2": 8, "12_2": 9, "22_0": 9, "31_2": 9, "52_0": 9, "10_1": 10, "12_1": 11, "38_1": 11, "43_1": 11, "50_1": 11, "15_0": 12, "31_1": 12, "31_0": 12, "17_1": 14, "17_0": 15, "21_0": 15, "10_0": 20, "44_0": 20}, "y_queue": [0.07416666666666667, 0.13166666666666668, 0.14583333333333334, 0.18083333333333332, 0.21999999999999997, 0.2458333333333333, 0.2891666666666666, 0.3044444444444444, 0.34888888888888886, 0.3305555555555555, 0.3611111111111111, 0.3344444444444444, 0.3547222222222222, 0.3463888888888888, 0.34888888888888886, 0.3358333333333334, 0.3297222222222222, 0.3766666666666666, 0.4102777777777777, 0.46111111111111097, 0.4138888888888888, 0.4183333333333332, 0.46055555555555544, 0.4849999999999998, 0.5149999999999999, 0.5063888888888888, 0.5444444444444443, 0.5011111111111108, 0.49749999999999983, 0.49944444444444425, 0.49444444444444435, 0.5152777777777776, 0.5236111111111109, 0.5511111111111109, 0.5188888888888886, 0.5405555555555553, 0.5516666666666664, 0.5977777777777776, 0.5733333333333331, 0.5527777777777776, 0.583333333333333, 0.5869444444444443, 0.6063888888888886, 0.5341666666666663, 0.5749999999999997, 0.5758333333333331, 0.5674999999999999, 0.5133333333333331, 0.5302777777777775, 0.5369444444444441, 0.5544444444444442, 0.5994444444444442, 0.5455555555555553, 0.5527777777777776, 0.5227777777777775],