{"cfg": {"method": "DFL-Gossip", "trace": "/Users/ckim48/Downloads/infocomsim/results/traces/trace_med_n60_s1.npz", "seed": 1, "rounds": 55, "r_v2v": 100.0, "cache_encoders": 4, "max_out": 3, "V": 50.0, "use_gat": true}, "hist": {"acc": [0.10096666645258665, 0.15229999870061875, 0.2850499996294578, 0.34008333360155424, 0.36585000132520995, 0.3884999992946784, 0.39898333251476287, 0.41375000178813937, 0.4407500043511391, 0.4408333311478297, 0.4523499990502993, 0.46228333612283073], "acc_round": [1, 5, 10, 15, 20, 25, 30, 35, 40, 45, 50, 55], "recv": [83, 76, 88, 93, 69, 73, 79, 90, 78, 78, 79, 72, 63, 63, 60, 68, 84, 62, 73, 72, 84, 94, 88, 75, 60, 70, 63, 86, 72, 99, 80, 91, 83, 82, 73, 68, 72, 60, 82, 77, 81, 78, 80, 85, 84, 79, 61, 68, 66, 78, 65, 67, 75, 56, 75], "succ": [83, 76, 88, 93, 69, 73, 79, 90, 78, 78, 79, 72, 63, 63, 60, 68, 84, 62, 73, 72, 84, 94, 88, 75, 60, 70, 63, 86, 72, 99, 80, 91, 83, 82, 73, 68, 72, 60, 82, 77, 81, 78, 80, 85, 84, 79, 61, 68, 66, 78, 65, 67, 75, 56, 75], "att": [89, 91, 93, 98, 83, 81, 79, 107, 96, 86, 98, 79, 72, 79, 83, 81, 95, 93, 80, 81, 92, 94, 97, 88, 84, 76, 79, 99, 98, 104, 110, 103, 87, 93, 77, 86, 76, 72, 85, 81, 99, 88, 98, 104, 93, 95, 81, 75, 74, 92, 71, 81, 87, 86, 84], "energy": [75.8567464722075, 73.79779652355192, 69.21472312682982, 69.37415340859683, 65.92695058968914, 62.57484254942709, 75.22305449746284, 111.66092567313534, 90.29762392998721, 62.261924198775745, 97.94291591943696, 77.26214454275535, 73.726433322057, 74.29234211847543, 82.18441941134982, 95.42784135062693, 95.60689581292289, 74.47859191894212, 57.37976958722701, 65.40267715501255, 85.32189879270447, 79.81130898753456, 102.10063753263836, 71.64663953420974, 68.10117124642282, 66.35572547108721, 83.05049587731172, 106.5404605542048, 81.71987576451477, 121.96456554308506, 88.16113589475049, 104.78163242778525, 81.25295790748262, 88.7192428269593, 68.14569861573753, 86.71522591033381, 68.86730630631303, 60.75605698541616, 79.41874103202677, 62.663674075003286, 103.33309879510736, 63.6387634913398, 88.04299776899342, 95.14121368178569, 79.69244477972919, 81.15189954326475, 64.70527620990057, 73.67337787383242, 67.83293997199604, 95.57136734742103, 70.10003126434128, 88.47365841940275, 75.86321319947497, 72.76373912491962, 75.51456660124629], "coverage": [0.5153846153846153, 0.5923076923076923, 0.6692307692307692, 0.6846153846153846, 0.7076923076923077, 0.7307692307692307, 0.7769230769230769, 0.8307692307692308, 0.8769230769230769, 0.8923076923076924, 0.9307692307692308, 0.9461538461538461, 0.9769230769230769, 0.9846153846153847, 0.9846153846153847, 0.9846153846153847, 0.9923076923076923, 0.9923076923076923, 0.9923076923076923, 0.9923076923076923, 0.9923076923076923, 0.9923076923076923, 0.9923076923076923, 0.9923076923076923, 0.9923076923076923, 0.9923076923076923, 0.9923076923076923, 0.9923076923076923, 0.9923076923076923, 1.0, 1.0, 1.0, 1.0, 1.0, 1.0, 1.0, 1.0, 1.0, 1.0, 1.0, 1.0, 1.0, 1.0, 1.0, 1.0, 1.0, 1.0, 1.0, 1.0, 1.0, 1.0, 1.0, 1.0, 1.0, 1.0], "staleness": [0.0, 0.0, 0.0, 0.0, 0.0, 0.0, 0.0, 0.0, 0.0, 0.0, 0.0, 0.0, 0.0, 0.0, 0.0, 0.0, 0.0, 0.0, 0.0, 0.0, 0.0, 0.0, 0.0, 0.0, 0.0, 0.0, 0.0, 0.0, 0.0, 0.0, 0.0, 0.0, 0.0, 0.0, 0.0, 0.0, 0.0, 0.0, 0.0, 0.0, 0.0, 0.0, 0.0, 0.0, 0.0, 0.0, 0.0, 0.0, 0.0, 0.0, 0.0, 0.0, 0.0, 0.0, 0.0], "fail": [6, 15, 5, 5, 14, 8, 0, 17, 18, 8, 19, 7, 9, 16, 23, 13, 11, 31, 7, 9, 8, 0, 9, 13, 24, 6, 16, 13, 26, 5, 30, 12, 4, 11, 4, 18, 4, 12, 3, 4, 18, 10, 18, 19, 9, 16, 20, 7, 8, 14, 6, 14, 12, 30, 9], "recv_per_veh": [19.0, 48.0, 49.0, 19.0, 71.0, 67.0, 96.0, 91.0, 31.0, 83.0, 88.0, 51.0, 99.0, 99.0, 75.0, 32.0, 53.0, 70.0, 51.0, 97.0, 48.0, 84.0, 76.0, 61.0, 65.0, 54.0, 150.0, 67.0, 193.0, 74.0, 26.0, 121.0, 26.0, 49.0, 52.0, 31.0, 40.0, 47.0, 57.0, 62.0, 97.0, 52.0, 63.0, 68.0, 68.0, 28.0, 49.0, 72.0, 101.0, 78.0, 77.0, 96.0, 38.0, 133.0, 87.0, 140.0, 35.0, 62.0, 49.0, 95.0], "first_recv": {"0_0": 0, "4_0": 0, "4_1": 0, "6_0": 0, "6_1": 0, "6_2": 0, "8_0": 0, "9_0": 0, "9_1": 0, "13_0": 0, "13_1": 0, "13_2": 0, "16_0": 0, "17_0": 0, "17_1": 0, "17_2": 0, "18_0": 0, "18_1": 0, "19_0": 0, "21_0": 0, "21_1": 0, "22_0": 0, "22_1": 0, "23_0": 0, "23_1": 0, "23_2": 0, "24_0": 0, "25_1": 0, "26_0": 0, "26_1": 0, "26_2": 0, "27_0": 0, "27_1": 0, "28_0": 0, "28_1": 0, "29_0": 0, "29_1": 0, "30_1": 0, "32_0": 0, "38_0": 0, "38_1": 0, "38_2": 0, "41_1": 0, "41_0": 0, "44_0": 0, "44_1": 0, "44_2": 0, "47_1": 0, "47_0": 0, "50_0": 0, "50_1": 0, "50_2": 0, "51_1": 0, "52_0": 0, "52_1": 0, "53_0": 0, "53_1": 0, "53_2": 0, "54_0": 0, "54_1": 0, "55_0": 0, "55_1": 0, "55_2": 0, "57_1": 0, "59_0": 0, "59_1": 0, "59_2": 0, "11_1": 1, "11_2": 1, "29_2": 1, "37_1": 1, "37_2": 1, "42_0": 1, "42_1": 1, "51_0": 1, "56_1": 1, "56_2": 1, "1_1": 2, "2_0": 2, "3_2": 2, "7_2": 2, "12_0": 2, "43_0": 2, "48_1": 2, "49_0": 2, "58_0": 2, "58_2": 2, "48_2": 3, "49_1": 3, "19_1": 4, "43_1": 4, "46_1": 4, "4_2": 5, "21_2": 5, "36_1": 5, "5_0": 6, "5_1": 6, "39_0": 6, "40_0": 6, "40_1": 6, "40_2": 6, "7_1": 7, "14_0": 7, "14_2": 7, "19_2": 7, "33_0": 7, "33_1": 7, "46_2": 7, "2_2": 8, "20_1": 8, "20_2": 8, "28_2": 8, "34_1": 8, "35_0": 8, "45_1": 9, "54_2": 9, "7_0": 10, "10_0": 10, "10_1": 10, "31_2": 10, "39_2": 10, "12_1": 11, "35_1": 11, "10_2": 12, "15_0": 12, "31_0": 12, "31_1": 12, "12_2": 13, "33_2": 16, "15_2": 29}, "y_queue": [], "z_queue": [], "acc_per_veh": [0.5080000162124634, 0.4390000104904175, 0.40299999713897705, 0.34299999475479126, 0.4300000071525574, 0.3700000047683716, 0.6290000081062317, 0.3610000014305115, 0.48399999737739563, 0.4580000042915344, 0.5509999990463257, 0.47699999809265137, 0.42800000309944153, 0.35600000619888306, 0.4819999933242798, 0.3880000114440918, 0.4429999887943268, 0.3630000054836273, 0.5879999995231628, 0.48100000619888306, 0.46700000762939453, 0.503000020980835, 0.5649999976158142, 0.5170000195503235, 0.42500001192092896, 0.40799999237060547, 0.4350000023841858, 0.5299999713897705, 0.6140000224113464, 0.6100000143051147, 0.5239999890327454, 0.4729999899864197, 0.39800000190734863, 0.4020000100135803, 0.328000009059906, 0.4560000002384186, 0.382999986410141, 0.609000027179718, 0.5519999861717224, 0.3529999852180481, 0.46299999952316284, 0.5080000162124634, 0.4659999907016754, 0.44600000977516174, 0.3970000147819519, 0.5320000052452087, 0.4000000059604645, 0.33399999141693115, 0.5550000071525574, 0.3880000114440918, 0.4359999895095825, 0.3319999873638153, 0.40299999713897705, 0.5350000262260437, 0.3889999985694885, 0.5130000114440918, 0.5410000085830688, 0.4860000014305115, 0.4779999852180481, 0.6010000109672546], "veh_meta": [{"mods": [0], "D": {"0": 900}, "Q": {"0": 0.9296273342569894}}, {"mods": [1], "D": {"1": 205}, "Q": {"1": 0.5332603873270162}}, {"mods": [0, 2], "D": {"0": 160, "2": 280}, "Q": {"0": 0.9551798633198361, "2": 0.8836897573943958}}, {"mods": [2], "D": {"2": 60}, "Q": {"2": 0.8036362253500965}}, {"mods": [0, 1, 2], "D": {"0": 399, "1": 685, "2": 410}, "Q": {"0": 0.934215372322613, "1": 0.8256628651307353, "2": 0.8788927905803693}}, {"mods": [0, 1], "D": {"0": 81, "1": 34}, "Q": {"0": 0.8081698892786238, "1": 0.8063234640631504}}, {"mods": [0, 1, 2], "D": {"0": 847, "1": 439, "2": 319}, "Q": {"0": 0.38925879901530147, "1": 0.47256585286563746, "2": 0.3197180008106804}}, {"mods": [0, 1, 2], "D": {"0": 158, "1": 211, "2": 225}, "Q": {"0": 0.4887292794329691, "1": 0.4955725624825534, "2": 0.8627158262159224}}, {"mods": [0], "D": {"0": 450}, "Q": {"0": 0.8569425919479874}}, {"mods": [0, 1], "D": {"0": 324, "1": 125}, "Q": {"0": 0.9091829472648495, "1": 0.2886793049403587}}, {"mods": [0, 1, 2], "D": {"0": 798, "1": 510, "2": 968}, "Q": {"0": 0.8396517586946148, "1": 0.9913807641701791, "2": 0.9352055622353893}}, {"mods": [1, 2], "D": {"1": 81, "2": 53}, "Q": {"1": 0.37572243882391654, "2": 0.9331072575586984}}, {"mods": [0, 1, 2], "D": {"0": 280, "1": 296, "2": 242}, "Q": {"0": 0.44100047659911235, "1": 0.26872050992212765, "2": 0.9687442404816223}}, {"mods": [0, 1, 2],