{"cfg": {"method": "LRU-Random", "trace": "/Users/ckim48/Downloads/infocomsim/results/traces/trace_low_n60_s1.npz", "seed": 1, "rounds": 55, "r_v2v": 200.0, "cache_encoders": 4, "max_out": 3, "V": 50.0, "use_gat": true, "dataset": "fmnist", "phi_agg": 0.0}, "hist": {"acc": [0.10171666617194812, 0.16009999997913837, 0.2702166674037774, 0.3303166663895051, 0.34786666681369144, 0.3671666684250037, 0.3788499977439642, 0.3928666659941276, 0.40834999829530716, 0.4054666670660178, 0.4199666681389014, 0.4360166683793068], "acc_round": [1, 5, 10, 15, 20, 25, 30, 35, 40, 45, 50, 55], "recv": [99, 99, 129, 102, 129, 114, 119, 126, 115, 126, 92, 117, 117, 128, 113, 126, 128, 124, 143, 111, 159, 127, 130, 119, 119, 128, 111, 125, 105, 137, 111, 128, 112, 119, 118, 105, 132, 97, 126, 113, 144, 115, 117, 134, 128, 137, 106, 152, 147, 134, 110, 109, 133, 122, 130], "succ": [99, 99, 129, 102, 129, 114, 119, 126, 115, 126, 92, 117, 117, 128, 113, 126, 128, 124, 143, 111, 159, 127, 130, 119, 119, 128, 111, 125, 105, 137, 111, 128, 112, 119, 118, 105, 132, 97, 126, 113, 144, 115, 117, 134, 128, 137, 106, 152, 147, 134, 110, 109, 133, 122, 130], "att": [116, 142, 151, 149, 165, 170, 164, 161, 171, 156, 147, 159, 156, 171, 156, 156, 168, 168, 171, 174, 168, 168, 150, 162, 168, 165, 156, 162, 174, 162, 165, 159, 165, 162, 162, 165, 168, 159, 156, 159, 165, 162, 162, 165, 156, 159, 165, 171, 174, 168, 168, 162, 156, 162, 168], "energy": [206.07422076623288, 221.1354116769947, 329.6570584292678, 226.2626590607243, 317.4398486270977, 325.18372860019247, 337.2535927517839, 323.59024950634597, 290.6814800715916, 286.7033724235792, 232.11145956521585, 264.4709994541742, 259.50868962633086, 355.17087704171036, 312.94756200832717, 286.2364935488429, 360.5122992661302, 321.3172941821546, 318.1405073506859, 296.12195338962397, 307.12621206071816, 305.4926935149114, 269.0631610203385, 313.5121436154285, 322.3439674404913, 292.64005000892894, 284.99680625748766, 300.7692028851129, 269.20959089232264, 303.5994567511362, 294.66235125633847, 309.88707552217073, 274.70035214255125, 310.37448877989374, 318.6966075229371, 260.5556144880597, 315.9065490524203, 246.62985023920794, 322.7673631393783, 271.75098541671395, 325.52829032113465, 316.47273030106163, 310.60189335188204, 299.19904676547344, 295.77479900826125, 336.2634079112928, 275.31414738202756, 386.29017646171724, 333.77810036965406, 346.7774488929104, 301.9682706293351, 249.21009870208766, 263.5560048359847, 283.0284918686547, 309.6935825869994], "coverage": [0.5, 0.6692307692307692, 0.7769230769230769, 0.8, 0.8615384615384616, 0.9153846153846154, 0.9538461538461539, 0.9923076923076923, 0.9923076923076923, 0.9923076923076923, 0.9923076923076923, 0.9923076923076923, 0.9923076923076923, 0.9923076923076923, 1.0, 1.0, 1.0, 1.0, 1.0, 1.0, 1.0, 1.0, 1.0, 1.0, 1.0, 1.0, 1.0, 1.0, 1.0, 1.0, 1.0, 1.0, 1.0, 1.0, 1.0, 1.0, 1.0, 1.0, 1.0, 1.0, 1.0, 1.0, 1.0, 1.0, 1.0, 1.0, 1.0, 1.0, 1.0, 1.0, 1.0, 1.0, 1.0, 1.0, 1.0], "staleness": [0.0, 0.32323232323232326, 0.7984496124031008, 1.2843137254901962, 1.627906976744186, 2.017543859649123, 2.2605042016806722, 2.8333333333333335, 3.7043478260869565, 3.7777777777777777, 3.5543478260869565, 4.863247863247863, 4.6239316239316235, 5.15625, 5.787610619469026, 6.031746031746032, 6.8359375, 6.508064516129032, 7.370629370629371, 7.7657657657657655, 8.213836477987421, 8.503937007874017, 7.946153846153846, 8.058823529411764, 8.831932773109244, 8.09375, 9.477477477477477, 9.864, 9.085714285714285, 9.408759124087592, 8.963963963963964, 9.6171875, 10.491071428571429, 8.3109243697479, 9.940677966101696, 8.752380952380953, 10.06060606060606, 9.061855670103093, 9.69047619047619, 10.123893805309734, 9.75, 11.243478260869566, 9.0, 9.58955223880597, 10.078125, 10.474452554744525, 10.537735849056604, 10.473684210526315, 10.54421768707483, 11.164179104477611, 12.445454545454545, 11.385321100917432, 9.789473684210526, 10.065573770491802, 10.446153846153846], "fail": [17, 43, 22, 47, 36, 56, 45, 35, 56, 30, 55, 42, 39, 43, 43, 30, 40, 44, 28, 63, 9, 41, 20, 43, 49, 37, 45, 37, 69, 25, 54, 31, 53, 43, 44, 60, 36, 62, 30, 46, 21, 47, 45, 31, 28, 22, 59, 19, 27, 34, 58, 53, 23, 40, 38], "recv_per_veh": [32.0, 43.0, 44.0, 62.0, 111.0, 42.0, 120.0, 108.0, 13.0, 52.0, 94.0, 98.0, 110.0, 104.0, 70.0, 56.0, 18.0, 92.0, 40.0, 114.0, 106.0, 111.0, 44.0, 105.0, 20.0, 50.0, 96.0, 72.0, 129.0, 112.0, 33.0, 107.0, 10.0, 98.0, 33.0, 47.0, 20.0, 94.0, 110.0, 99.0, 112.0, 74.0, 61.0, 41.0, 123.0, 28.0, 78.0, 62.0, 109.0, 42.0, 104.0, 60.0, 71.0, 122.0, 99.0, 112.0, 80.0, 34.0, 71.0, 110.0], "first_recv": {"4_2": 0, "4_1": 0, "5_0": 0, "6_1": 0, "6_0": 0, "7_1": 0, "8_0": 0, "9_1": 0, "11_2": 0, "13_0": 0, "13_1": 0, "13_2": 0, "14_2": 0, "16_0": 0, "17_2": 0, "18_1": 0, "20_2": 0, "21_0": 0, "21_1": 0, "22_1": 0, "23_2": 0, "23_1": 0, "26_2": 0, "26_1": 0, "27_1": 0, "28_1": 0, "29_1": 0, "30_1": 0, "32_0": 0, "35_0": 0, "36_1": 0, "38_1": 0, "38_2": 0, "38_0": 0, "39_0": 0, "40_0": 0, "40_1": 0, "41_0": 0, "41_1": 0, "42_1": 0, "42_0": 0, "44_1": 0, "44_0": 0, "44_2": 0, "45_1": 0, "49_0": 0, "49_1": 0, "50_0": 0, "51_1": 0, "52_0": 0, "53_0": 0, "53_2": 0, "53_1": 0, "54_2": 0, "54_1": 0, "55_0": 0, "55_1": 0, "55_2": 0, "56_2": 0, "57_1": 0, "58_2": 0, "58_0": 0, "59_0": 0, "59_1": 0, "59_2": 0, "0_0": 1, "1_1": 1, "3_2": 1, "5_1": 1, "10_1": 1, "10_0": 1, "11_1": 1, "12_1": 1, "17_1": 1, "19_1": 1, "27_0": 1, "28_0": 1, "34_1": 1, "40_2": 1, "47_0": 1, "48_2": 1, "48_1": 1, "50_1": 1, "50_2": 1, "51_0": 1, "52_1": 1, "54_0": 1, "2_0": 2, "4_0": 2, "7_2": 2, "19_2": 2, "22_0": 2, "24_0": 2, "29_0": 2, "33_0": 2, "33_1": 2, "35_1": 2, "39_2": 2, "43_0": 2, "47_1": 2, "56_1": 2, "12_0": 3, "20_1": 3, "25_1": 3, "6_2": 4, "7_0": 4, "14_0": 4, "15_2": 4, "17_0": 4, "19_0": 4, "21_2": 4, "46_1": 4, "9_0": 5, "15_0": 5, "18_0": 5, "23_0": 5, "29_2": 5, "31_0": 5, "33_2": 5, "12_2": 6, "26_0": 6, "28_2": 6, "37_2": 6, "46_2": 6, "2_2": 7, "10_2": 7, "31_2": 7, "31_1": 7, "37_1": 7, "43_1": 14}, "y_queue": [], "z_queue": [], "acc_per_veh": [0.5320000052452087, 0.46000000834465027, 0.3790000081062317, 0.289000004529953, 0.421999990940094, 0.36000001430511475, 0.578000009059906, 0.3569999933242798, 0.4699999988079071, 0.40400001406669617, 0.5920000076293945, 0.4620000123977661, 0.42100000381469727, 0.40700000524520874, 0.4480000138282776, 0.3889999985694885, 0.42399999499320984, 0.32899999618530273, 0.5920000076293945, 0.4189999997615814, 0.40700000524520874, 0.4869999885559082, 0.47200000286102295, 0.4740000069141388, 0.41600000858306885, 0.25600001215934753, 0.4050000011920929, 0.5180000066757202, 0.5799999833106995, 0.5929999947547913, 0.4860000014305115, 0.4300000071525574, 0.3889999985694885, 0.32899999618530273, 0.35199999809265137, 0.4189999997615814, 0.34599998593330383, 0.38499999046325684, 0.5170000195503235, 0.31299999356269836, 0.367000013589859, 0.3610000014305115, 0.4729999899864197, 0.492000013589859, 0.3610000014305115, 0.5059999823570251, 0.31299999356269836, 0.3370000123977661, 0.5839999914169312, 0.3449999988079071, 0.5490000247955322, 0.39800000190734863, 0.4259999990463257, 0.5339999794960022, 0.3840000033378601, 0.48100000619888306, 0.4830000102519989, 0.4860000014305115, 0.4729999899864197, 0.5], "veh_meta": [{"mods": [0], "D": {"0": 900}, "Q": {"0": 0.9296273342569894}}, {"mods": [1], "D": {"1": 205}, "Q": {"1": 0.5332603873270162}}, {"mods": [0, 2], "D": {"0": 160, "2": 280}, "Q": {"0": 0.9551798633198361, "2": 0.8836897573943958}}, {"mods": [2], "D": {"2": 60}, "Q": {"2": 0.8036362253500965}}, {"mods": [0, 1, 2], "D": {"0": 399, "1": 685, "2": 410}, "Q": {"0": 0.934215372322613, "1": 0.8256628651307353, "2": 0.8788927905803693}}, {"mods": [0, 1], "D": {"0": 81, "1": 34}, "Q": {"0": 0.8081698892786238, "1": 0.8063234640631504}}, {"mods": [0, 1, 2], "D": {"0": 847, "1": 439, "2": 319}, "Q": {"0": 0.38925879901530147, "1": 0.47256585286563746, "2": 0.3197180008106804}}, {"mods": [0, 1, 2], "D": {"0": 158, "1": 211,