{"cfg": {"method": "LRU-Random", "trace": "/Users/ckim48/Downloads/infocomsim/results/traces/trace_med_n60_s1.npz", "seed": 1, "rounds": 55, "r_v2v": 150.0, "cache_encoders": 4, "max_out": 3, "V": 50.0, "use_gat": true}, "hist": {"acc": [0.10134999950726827, 0.15706666558980942, 0.27935000136494637, 0.33221666775643827, 0.3595833326379458, 0.3735166675100724, 0.38496666848659516, 0.39695000102122624, 0.40829999881486095, 0.41878333215912183, 0.43590000048279764, 0.44564999962846435], "acc_round": [1, 5, 10, 15, 20, 25, 30, 35, 40, 45, 50, 55], "recv": [92, 90, 120, 103, 98, 109, 112, 123, 116, 133, 96, 114, 98, 87, 110, 105, 125, 115, 133, 107, 130, 120, 125, 116, 105, 117, 86, 116, 100, 147, 123, 121, 114, 113, 132, 125, 119, 88, 128, 113, 119, 126, 94, 127, 143, 117, 103, 112, 105, 126, 109, 114, 117, 101, 120], "succ": [92, 90, 120, 103, 98, 109, 112, 123, 116, 133, 96, 114, 98, 87, 110, 105, 125, 115, 133, 107, 130, 120, 125, 116, 105, 117, 86, 116, 100, 147, 123, 121, 114, 113, 132, 125, 119, 88, 128, 113, 119, 126, 94, 127, 143, 117, 103, 112, 105, 126, 109, 114, 117, 101, 120], "att": [101, 128, 138, 133, 133, 146, 141, 157, 151, 145, 140, 144, 138, 141, 150, 141, 141, 153, 156, 156, 156, 147, 162, 150, 150, 132, 132, 150, 150, 162, 165, 147, 153, 147, 144, 153, 135, 123, 156, 159, 150, 144, 147, 153, 159, 138, 156, 141, 153, 138, 141, 156, 147, 156, 147], "energy": [136.8860520276449, 164.26373402173994, 206.68103533814238, 158.9880451007225, 132.8051010988278, 198.267464373334, 191.84685984877828, 256.80982420955525, 199.78696239748078, 235.2702360937455, 159.1802133534317, 203.534291311614, 198.20771778626687, 195.1369537606411, 243.87196208211836, 195.0005769474452, 207.77992908639916, 219.85659790251918, 241.70873463686615, 174.30934741508727, 235.88795095574895, 175.2088007041365, 227.4440623597683, 197.06606376770006, 189.1426273319492, 183.2427369154966, 183.08861114902535, 224.5918639131692, 206.47215650734617, 251.32395423356596, 204.50055446178112, 170.46604827064556, 200.36379409796083, 158.11259113665616, 177.23733524447803, 208.8724607112513, 181.38353289025542, 155.3367687046147, 231.10758935861486, 214.30194618408595, 246.08725201947462, 167.7611128842195, 156.83768869244923, 169.8363575690285, 220.1497018109049, 171.48084634241314, 165.06866150078312, 201.2575835091657, 198.5196563853545, 208.46624444273974, 209.27240032869543, 208.0036529420522, 185.30660471835523, 194.22580044469242, 173.07340583008195], "coverage": [0.49230769230769234, 0.6461538461538462, 0.7538461538461538, 0.8, 0.8307692307692308, 0.8692307692307693, 0.9153846153846154, 0.9384615384615385, 0.9769230769230769, 0.9846153846153847, 0.9846153846153847, 0.9923076923076923, 0.9923076923076923, 0.9923076923076923, 1.0, 1.0, 1.0, 1.0, 1.0, 1.0, 1.0, 1.0, 1.0, 1.0, 1.0, 1.0, 1.0, 1.0, 1.0, 1.0, 1.0, 1.0, 1.0, 1.0, 1.0, 1.0, 1.0, 1.0, 1.0, 1.0, 1.0, 1.0, 1.0, 1.0, 1.0, 1.0, 1.0, 1.0, 1.0, 1.0, 1.0, 1.0, 1.0, 1.0, 1.0], "staleness": [0.0, 0.28888888888888886, 0.6666666666666666, 1.0194174757281553, 1.4591836734693877, 2.0825688073394497, 2.3214285714285716, 2.910569105691057, 3.4655172413793105, 4.075187969924812, 4.5625, 4.245614035087719, 5.520408163265306, 4.908045977011494, 5.381818181818182, 5.780952380952381, 6.384, 7.208695652173913, 6.917293233082707, 6.626168224299065, 7.153846153846154, 7.525, 8.04, 8.456896551724139, 9.152380952380952, 8.35897435897436, 8.383720930232558, 7.181034482758621, 7.81, 9.122448979591837, 9.821138211382113, 9.710743801652892, 11.701754385964913, 10.194690265486726, 9.265151515151516, 11.608, 10.756302521008404, 9.579545454545455, 10.1640625, 10.690265486725664, 9.697478991596638, 11.595238095238095, 10.808510638297872, 10.94488188976378, 12.951048951048952, 11.88888888888889, 13.135922330097088, 11.696428571428571, 10.571428571428571, 12.380952380952381, 13.623853211009175, 12.666666666666666, 13.051282051282051, 13.287128712871286, 14.925], "fail": [9, 38, 18, 30, 35, 37, 29, 34, 35, 12, 44, 30, 40, 54, 40, 36, 16, 38, 23, 49, 26, 27, 37, 34, 45, 15, 46, 34, 50, 15, 42, 26, 39, 34, 12, 28, 16, 35, 28, 46, 31, 18, 53, 26, 16, 21, 53, 29, 48, 12, 32, 42, 30, 55, 27], "recv_per_veh": [11.0, 34.0, 43.0, 34.0, 97.0, 48.0, 112.0, 112.0, 18.0, 50.0, 101.0, 90.0, 99.0, 100.0, 52.0, 39.0, 19.0, 94.0, 23.0, 124.0, 81.0, 99.0, 62.0, 111.0, 26.0, 36.0, 100.0, 76.0, 119.0, 115.0, 17.0, 94.0, 18.0, 76.0, 68.0, 37.0, 33.0, 73.0, 71.0, 71.0, 118.0, 64.0, 56.0, 55.0, 101.0, 23.0, 73.0, 69.0, 91.0, 63.0, 79.0, 52.0, 35.0, 136.0, 114.0, 116.0, 60.0, 48.0, 78.0, 128.0], "first_recv": {"4_0": 0, "5_1": 0, "6_2": 0, "6_1": 0, "8_0": 0, "9_0": 0, "9_1": 0, "13_0": 0, "13_1": 0, "13_2": 0, "16_0": 0, "17_0": 0, "17_2": 0, "17_1": 0, "18_0": 0, "18_1": 0, "19_1": 0, "20_1": 0, "21_1": 0, "21_0": 0, "22_1": 0, "22_0": 0, "23_0": 0, "23_2": 0, "25_1": 0, "26_0": 0, "26_2": 0, "27_1": 0, "28_1": 0, "29_1": 0, "29_0": 0, "30_1": 0, "32_0": 0, "36_1": 0, "38_1": 0, "38_0": 0, "40_1": 0, "40_0": 0, "41_0": 0, "44_1": 0, "47_1": 0, "47_0": 0, "49_1": 0, "50_1": 0, "50_2": 0, "51_1": 0, "52_0": 0, "52_1": 0, "53_1": 0, "53_0": 0, "53_2": 0, "54_1": 0, "54_0": 0, "55_0": 0, "55_2": 0, "55_1": 0, "56_2": 0, "56_1": 0, "57_1": 0, "58_0": 0, "58_2": 0, "59_1": 0, "59_0": 0, "59_2": 0, "0_0": 1, "4_1": 1, "11_2": 1, "11_1": 1, "12_0": 1, "19_2": 1, "24_0": 1, "27_0": 1, "28_0": 1, "29_2": 1, "34_1": 1, "37_2": 1, "38_2": 1, "41_1": 1, "42_0": 1, "44_0": 1, "44_2": 1, "45_1": 1, "49_0": 1, "50_0": 1, "1_1": 2, "2_0": 2, "3_2": 2, "4_2": 2, "5_0": 2, "7_2": 2, "19_0": 2, "33_0": 2, "33_1": 2, "37_1": 2, "40_2": 2, "43_0": 2, "48_2": 2, "48_1": 2, "26_1": 3, "33_2": 3, "35_0": 3, "39_0": 3, "42_1": 3, "51_0": 3, "7_1": 4, "7_0": 4, "21_2": 4, "43_1": 4, "15_2": 5, "15_0": 5, "28_2": 5, "39_2": 5, "46_2": 5, "6_0": 6, "14_2": 6, "23_1": 6, "31_1": 6, "31_0": 6, "46_1": 6, "10_1": 7, "10_2": 7, "54_2": 7, "12_1": 8, "12_2": 8, "14_0": 8, "20_2": 8, "35_1": 8, "31_2": 9, "2_2": 11, "10_0": 14}, "y_queue": [], "z_queue": [], "acc_per_veh": [0.5979999899864197, 0.4189999997615814, 0.3709999918937683, 0.22300000488758087, 0.4169999957084656, 0.3889999985694885, 0.6380000114440918, 0.40700000524520874, 0.5199999809265137, 0.3930000066757202, 0.5830000042915344, 0.4449999928474426, 0.4560000002384186, 0.39800000190734863, 0.42500001192092896, 0.3580000102519989, 0.4659999907016754, 0.3269999921321869, 0.5839999914169312, 0.42399999499320984, 0.41200000047683716, 0.45100000500679016, 0.5370000004768372, 0.4569999873638153, 0.38600000739097595, 0.40700000524520874, 0.4429999887943268, 0.5320000052452087, 0.5820000171661377, 0.6019999980926514, 0.5070000290870667, 0.4429999887943268, 0.335999995470047, 0.38499999046325684, 0.35100001096725464, 0.48399999737739563, 0.3190000057220459, 0.4519999921321869, 0.5329999923706055, 0.35499998927116394, 0.45899999141693115, 0.5139999985694885, 0.46299999952316284, 0.5009999871253967, 0.43799999356269836, 0.4970000088214874, 0.2540000081062317, 0.32899999618530273, 0.5759999752044678, 0.3330000042915344, 0.5170000195503235, 0.3659999966621399, 0.40299999713897705, 0.453000009059906, 0.37400001287460327, 0.42500001192092896, 0.5059999823570251, 0.492000013589859, 0.5199999809265137, 0.5040000081062317], "veh_meta": [{"mods": [0], "D": {"0": 900}, "Q": {"0": 0.9296273342569894}}, {"mods": [1], "D": {"1": 205}, "Q": {"1": 0.5332603873270162}}, {"mods": [0, 2], "D": {"0": 160, "2": 280}, "Q": {"0": 0.9551798633198361, "2": 0.8836897573943958}}, {"mods": [2], "D": {"2": 60}, "Q": {"2": 0.8036362253500965}}, {"mods": [0, 1, 2], "D": {"0": 399, "1": 685, "2": 410}, "Q": {"0": 0.934215372322613, "1": 0.8256628651307353, "2": 0.8788927905803693}}, {"mods": [0, 1], "D": {"0": 81, "1": 34}, "Q": {"0": 0.8081698892786238, "1": 0.8063234640631504}}, {"mods": [0, 1, 2], "D": {"0": 847, "1": 439, "2": 319}, "Q": {"0": 0.38925879901530147, "1": 0.47256585286563746, "2": 0.3197180008106804}}, {"mods": [0, 1, 2], "D": {"0": 158, "1": 211, "2": 225},