{"cfg": {"method": "DFL-Gossip", "trace": "/Users/ckim48/Downloads/infocomsim/results/traces/trace_med_n60_s1.npz", "seed": 1, "rounds": 55, "r_v2v": 300.0, "cache_encoders": 4, "max_out": 3, "V": 50.0, "use_gat": true}, "hist": {"acc": [0.09893333322058122, 0.137483332802852, 0.26914999857544897, 0.3280499999721845, 0.35898333316047987, 0.3816500005622705, 0.3886833329995473, 0.4105833331743876, 0.43125000298023225, 0.4397666662931442, 0.45340000043312706, 0.4641666675607363], "acc_round": [1, 5, 10, 15, 20, 25, 30, 35, 40, 45, 50, 55], "recv": [156, 140, 153, 150, 154, 144, 136, 151, 147, 140, 143, 147, 137, 148, 143, 144, 146, 148, 158, 140, 154, 147, 154, 148, 140, 132, 138, 155, 144, 156, 154, 158, 150, 144, 149, 148, 150, 134, 164, 156, 159, 144, 142, 150, 144, 144, 147, 149, 148, 147, 145, 147, 142, 143, 141], "succ": [156, 140, 153, 150, 154, 144, 136, 151, 147, 140, 143, 147, 137, 148, 143, 144, 146, 148, 158, 140, 154, 147, 154, 148, 140, 132, 138, 155, 144, 156, 154, 158, 150, 144, 149, 148, 150, 134, 164, 156, 159, 144, 142, 150, 144, 144, 147, 149, 148, 147, 145, 147, 142, 143, 141], "att": [176, 173, 175, 168, 174, 175, 173, 170, 172, 177, 165, 173, 171, 170, 169, 170, 170, 175, 170, 167, 170, 164, 167, 168, 167, 165, 161, 168, 173, 174, 172, 176, 169, 168, 175, 170, 170, 172, 176, 176, 173, 172, 171, 167, 168, 165, 162, 168, 169, 165, 169, 170, 169, 170, 162], "energy": [441.59398209334546, 355.7966149710304, 453.19636378843603, 368.38540667106577, 453.42326320538837, 405.8736824708363, 437.2101237146593, 407.5250391660411, 425.857033597466, 422.07128026866746, 391.5620968255205, 501.8170966492693, 482.3976436166249, 497.367787832846, 483.75700145332706, 444.4364130997432, 418.2987150110804, 462.4921871065778, 414.38317622096434, 391.3638986985661, 400.93962764751313, 369.541127924801, 370.33158120935286, 408.57563434982023, 428.67698411249575, 408.0923478479284, 436.32096246224893, 386.1546682056132, 433.0485924743451, 393.8484950187894, 380.14318110666653, 410.3069742072755, 377.2131952361033, 440.18542123710415, 521.1596245318524, 400.5303005902312, 475.29557820642316, 472.18140744931515, 451.05032941838135, 416.7663296748592, 422.799952545325, 410.8031230984616, 374.5648023328044, 386.9133024487729, 408.38344839843336, 391.69338242624485, 394.5065358158346, 459.42534627580847, 414.1997403500752, 453.8213328367724, 432.88647323114895, 421.0946277245501, 412.83391457314997, 417.42539346566525, 369.4308930795205], "coverage": [0.7, 0.7538461538461538, 0.8692307692307693, 0.8923076923076924, 0.9461538461538461, 0.9692307692307692, 0.9692307692307692, 0.9769230769230769, 1.0, 1.0, 1.0, 1.0, 1.0, 1.0, 1.0, 1.0, 1.0, 1.0, 1.0, 1.0, 1.0, 1.0, 1.0, 1.0, 1.0, 1.0, 1.0, 1.0, 1.0, 1.0, 1.0, 1.0, 1.0, 1.0, 1.0, 1.0, 1.0, 1.0, 1.0, 1.0, 1.0, 1.0, 1.0, 1.0, 1.0, 1.0, 1.0, 1.0, 1.0, 1.0, 1.0, 1.0, 1.0, 1.0, 1.0], "staleness": [0.0, 0.0, 0.0, 0.0, 0.0, 0.0, 0.0, 0.0, 0.0, 0.0, 0.0, 0.0, 0.0, 0.0, 0.0, 0.0, 0.0, 0.0, 0.0, 0.0, 0.0, 0.0, 0.0, 0.0, 0.0, 0.0, 0.0, 0.0, 0.0, 0.0, 0.0, 0.0, 0.0, 0.0, 0.0, 0.0, 0.0, 0.0, 0.0, 0.0, 0.0, 0.0, 0.0, 0.0, 0.0, 0.0, 0.0, 0.0, 0.0, 0.0, 0.0, 0.0, 0.0, 0.0, 0.0], "fail": [20, 33, 22, 18, 20, 31, 37, 19, 25, 37, 22, 26, 34, 22, 26, 26, 24, 27, 12, 27, 16, 17, 13, 20, 27, 33, 23, 13, 29, 18, 18, 18, 19, 24, 26, 22, 20, 38, 12, 20, 14, 28, 29, 17, 24, 21, 15, 19, 21, 18, 24, 23, 27, 27, 21], "recv_per_veh": [45.0, 81.0, 116.0, 46.0, 178.0, 140.0, 173.0, 187.0, 59.0, 153.0, 163.0, 109.0, 182.0, 153.0, 110.0, 90.0, 93.0, 141.0, 114.0, 182.0, 150.0, 170.0, 140.0, 145.0, 97.0, 84.0, 216.0, 142.0, 272.0, 165.0, 77.0, 194.0, 53.0, 136.0, 110.0, 102.0, 76.0, 119.0, 120.0, 129.0, 186.0, 120.0, 128.0, 141.0, 184.0, 77.0, 105.0, 148.0, 161.0, 159.0, 139.0, 169.0, 87.0, 221.0, 167.0, 214.0, 88.0, 97.0, 102.0, 187.0], "first_recv": {"0_0": 0, "4_0": 0, "4_1": 0, "6_0": 0, "6_1": 0, "6_2": 0, "7_2": 0, "8_0": 0, "9_0": 0, "9_1": 0, "13_0": 0, "13_1": 0, "13_2": 0, "14_2": 0, "14_0": 0, "15_2": 0, "16_0": 0, "17_0": 0, "17_1": 0, "17_2": 0, "18_0": 0, "18_1": 0, "19_2": 0, "19_1": 0, "19_0": 0, "20_2": 0, "20_1": 0, "21_0": 0, "21_1": 0, "22_0": 0, "22_1": 0, "23_0": 0, "23_1": 0, "23_2": 0, "24_0": 0, "25_1": 0, "26_0": 0, "26_1": 0, "26_2": 0, "27_0": 0, "27_1": 0, "28_0": 0, "28_1": 0, "29_0": 0, "29_1": 0, "29_2": 0, "30_1": 0, "31_1": 0, "32_0": 0, "34_1": 0, "35_0": 0, "36_1": 0, "37_1": 0, "38_0": 0, "38_1": 0, "38_2": 0, "39_0": 0, "41_0": 0, "41_1": 0, "42_1": 0, "42_0": 0, "44_1": 0, "44_2": 0, "44_0": 0, "45_1": 0, "46_2": 0, "47_0": 0, "47_1": 0, "48_1": 0, "49_0": 0, "49_1": 0, "50_0": 0, "50_1": 0, "50_2": 0, "51_0": 0, "51_1": 0, "52_1": 0, "52_0": 0, "53_0": 0, "53_1": 0, "53_2": 0, "54_0": 0, "54_1": 0, "55_0": 0, "55_1": 0, "55_2": 0, "57_1": 0, "58_2": 0, "59_0": 0, "59_1": 0, "59_2": 0, "1_1": 1, "11_1": 1, "11_2": 1, "12_0": 1, "37_2": 1, "56_1": 1, "56_2": 1, "2_0": 2, "3_2": 2, "5_0": 2, "10_0": 2, "10_1": 2, "33_0": 2, "33_1": 2, "33_2": 2, "35_1": 2, "40_0": 2, "40_1": 2, "40_2": 2, "43_0": 2, "54_2": 2, "58_0": 2, "15_0": 3, "39_2": 3, "48_2": 3, "5_1": 4, "7_0": 4, "7_1": 4, "21_2": 4, "31_0": 4, "43_1": 4, "46_1": 4, "4_2": 5, "10_2": 5, "28_2": 5, "2_2": 7, "12_1": 8, "12_2": 8, "31_2": 8}, "y_queue": [], "z_queue": [], "acc_per_veh": [0.5049999952316284, 0.4169999957084656, 0.3610000014305115, 0.33000001311302185, 0.40400001406669617, 0.3799999952316284, 0.5619999766349792, 0.38499999046325684, 0.4519999921321869, 0.41200000047683716, 0.6079999804496765, 0.5450000166893005, 0.41100001335144043, 0.49900001287460327, 0.4740000069141388, 0.4009999930858612, 0.46399998664855957, 0.3540000021457672, 0.550000011920929, 0.4410000145435333, 0.4480000138282776, 0.44600000977516174, 0.5989999771118164, 0.48899999260902405, 0.39500001072883606, 0.4410000145435333, 0.5239999890327454, 0.5460000038146973, 0.5799999833106995, 0.6000000238418579, 0.5220000147819519, 0.48899999260902405, 0.4009999930858612, 0.4269999861717224, 0.35600000619888306, 0.4749999940395355, 0.38100001215934753, 0.5460000038146973, 0.5180000066757202, 0.35499998927116394, 0.46399998664855957, 0.5149999856948853, 0.4490000009536743, 0.503000020980835, 0.3490000069141388, 0.5320000052452087, 0.45399999618530273, 0.33000001311302185, 0.640999972820282, 0.41600000858306885, 0.5230000019073486, 0.3840000033378601, 0.4000000059604645, 0.5649999976158142, 0.38499999046325684, 0.38199999928474426, 0.4869999885559082, 0.5350000262260437, 0.47099998593330383, 0.5720000267028809], "veh_meta": [{"mods": [0], "D": {"0": 900}, "Q": {"0": 0.9296273342569894}}, {"mods": [1], "D": {"1": 205}, "Q": {"1": 0.5332603873270162}}, {"mods": [0, 2], "D": {"0": 160, "2": 280}, "Q": {"0": 0.9551798633198361, "2": 0.8836897573943958}}, {"mods": [2], "D": {"2": 60}, "Q": {"2": 0.8036362253500965}}, {"mods": [0, 1, 2], "D": {"0": 399, "1": 685, "2": 410}, "Q": {"0": 0.934215372322613, "1": 0.8256628651307353, "2": 0.8788927905803693}}, {"mods": [0, 1], "D": {"0": 81, "1": 34}, "Q": {"0": 0.8081698892786238, "1": 0.8063234640631504}}, {"mods": [0, 1, 2], "D": {"0": 847, "1": 439, "2": 319}, "Q": {"0": 0.38925879901530147, "1": 0.47256585286563746, "2": 0.3197180008106804}}, {"mods": [0, 1, 2], "D": {"0": 158, "1": 211, "2": 225}, "Q": {"0": 0.4887292794329691, "1": 0.4955725624825534, "2": 0.8627158262159224}}, {"mods": [0], "D": {"0": 450}, "Q": {"0": 0.8569425919479874}}, {"mods": [0, 1], "D": {"0": 324, "1": 125}, "Q": {"0": 0.9091829472648495, "1": 0.2886793049403587}}, {"mods": [0, 1, 2], "D": {"0": 798, "1": 510, "2": 968}, "Q": {"0": 0.8396517586946148, "1": 0.9913807641701791, "2": 0.9352055622353893}}, {"mods": [1, 2], "D": {"1": 81, "2": 53}, "Q": {"1": 0.37572243882391654, "2": 0.9331072575586984}}, {"mods": [0, 1, 2], "D": {"0": 280, "1": 296, "2": 242}, "Q": {"0": 0.44100047659911235, "1": 0.26872050992212765, "2": 0.9687442404816223}}, {"mods": [0, 1, 2], "D": {"0": 98, "1": 317, "2": 209}, "Q": {"0": 0.540250511976777, "1": 0.8136019061195368,