{"cfg": {"method": "LRU-Random", "trace": "/Users/ckim48/Downloads/infocomsim/results/traces/trace_med_n30_s1.npz", "seed": 1, "rounds": 55, "r_v2v": 200.0, "cache_encoders": 4, "max_out": 3, "V": 50.0, "use_gat": true, "dataset": "fmnist"}, "hist": {"acc": [0.10049999977151552, 0.16353333443403245, 0.28639999975760777, 0.33446666797002156, 0.3569000025590261, 0.3754666653772195, 0.3788333361347516, 0.39279999981323876, 0.4067000006635984, 0.4056666652361552, 0.4196999947230021, 0.4309000035127004], "acc_round": [1, 5, 10, 15, 20, 25, 30, 35, 40, 45, 50, 55], "recv": [44, 41, 64, 52, 46, 50, 53, 62, 55, 68, 60, 59, 51, 57, 48, 59, 51, 44, 61, 55, 52, 59, 57, 59, 50, 64, 55, 65, 47, 56, 60, 61, 56, 58, 57, 66, 67, 46, 73, 63, 66, 66, 69, 69, 48, 54, 48, 55, 49, 53, 54, 51, 53, 36, 64], "succ": [44, 41, 64, 52, 46, 50, 53, 62, 55, 68, 60, 59, 51, 57, 48, 59, 51, 44, 61, 55, 52, 59, 57, 59, 50, 64, 55, 65, 47, 56, 60, 61, 56, 58, 57, 66, 67, 46, 73, 63, 66, 66, 69, 69, 48, 54, 48, 55, 49, 53, 54, 51, 53, 36, 64], "att": [48, 54, 76, 75, 72, 66, 78, 78, 87, 78, 78, 78, 66, 69, 66, 69, 75, 69, 72, 78, 66, 66, 72, 78, 63, 69, 72, 72, 69, 63, 69, 78, 72, 81, 75, 75, 81, 78, 84, 84, 78, 75, 78, 75, 75, 75, 75, 66, 72, 72, 78, 78, 63, 66, 69], "energy": [85.81846563218961, 104.67162362228454, 156.39978099788152, 107.46870430656723, 125.1209634853668, 128.04732269044376, 152.55797872855433, 155.60957942085125, 171.8746644155774, 174.93482522799633, 136.3057357327261, 187.20667511839733, 102.70517993478161, 162.63495056952334, 142.2273058403899, 116.45116627679587, 120.70931180469728, 106.19631952125452, 164.7476467798007, 131.67193565309364, 98.43845864636715, 99.98001991144253, 155.0240238880153, 150.81062227145554, 113.02742799689295, 111.93883864228741, 108.77322027758903, 135.56752099174568, 101.92459415600327, 94.92623328248388, 107.28843221330031, 157.5042791986277, 147.50250889160705, 138.1231629281629, 132.87962696138942, 125.56505372022647, 200.29282704023652, 113.7361255118947, 179.86245081303758, 143.19499708013623, 133.90598551760496, 133.0681909732573, 137.53394243801807, 147.9657649741164, 118.5170436541726, 160.61948766928285, 95.23170856074566, 81.99715494702788, 127.61763478620077, 128.36292376900442, 130.7132522331241, 107.92575695820426, 115.68455409392396, 88.0264678249303, 143.07533675900424], "coverage": [0.49230769230769234, 0.5846153846153846, 0.7538461538461538, 0.7692307692307693, 0.8461538461538461, 0.8615384615384616, 0.8923076923076924, 0.9538461538461539, 0.9692307692307692, 0.9846153846153847, 0.9846153846153847, 0.9846153846153847, 1.0, 1.0, 1.0, 1.0, 1.0, 1.0, 1.0, 1.0, 1.0, 1.0, 1.0, 1.0, 1.0, 1.0, 1.0, 1.0, 1.0, 1.0, 1.0, 1.0, 1.0, 1.0, 1.0, 1.0, 1.0, 1.0, 1.0, 1.0, 1.0, 1.0, 1.0, 1.0, 1.0, 1.0, 1.0, 1.0, 1.0, 1.0, 1.0, 1.0, 1.0, 1.0, 1.0], "staleness": [0.0, 0.1951219512195122, 0.5, 0.9038461538461539, 1.2391304347826086, 1.68, 2.358490566037736, 2.8225806451612905, 3.5272727272727273, 3.661764705882353, 4.083333333333333, 3.610169491525424, 4.137254901960785, 4.43859649122807, 5.104166666666667, 4.932203389830509, 4.9411764705882355, 4.931818181818182, 6.081967213114754, 6.581818181818182, 6.673076923076923, 5.898305084745763, 5.43859649122807, 7.3559322033898304, 7.8, 6.6875, 7.3090909090909095, 9.046153846153846, 11.319148936170214, 9.839285714285714, 9.1, 9.770491803278688, 10.267857142857142, 11.189655172413794, 10.719298245614034, 11.606060606060606, 12.865671641791044, 13.456521739130435, 13.013698630136986, 12.0, 10.303030303030303, 10.106060606060606, 11.115942028985508, 10.942028985507246, 11.145833333333334, 10.074074074074074, 12.979166666666666, 13.127272727272727, 12.959183673469388, 13.679245283018869, 13.407407407407407, 15.372549019607844, 14.226415094339623, 16.916666666666668, 17.765625], "fail": [4, 13, 12, 23, 26, 16, 25, 16, 32, 10, 18, 19, 15, 12, 18, 10, 24, 25, 11, 23, 14, 7, 15, 19, 13, 5, 17, 7, 22, 7, 9, 17, 16, 23, 18, 9, 14, 32, 11, 21, 12, 9, 9, 6, 27, 21, 27, 11, 23, 19, 24, 27, 10, 30, 5], "recv_per_veh": [73.0, 105.0, 57.0, 73.0, 58.0, 26.0, 91.0, 80.0, 124.0, 82.0, 56.0, 116.0, 85.0, 15.0, 72.0, 103.0, 103.0, 103.0, 94.0, 26.0, 74.0, 22.0, 92.0, 92.0, 95.0, 34.0, 73.0, 116.0, 72.0, 52.0], "first_recv": {"0_0": 0, "0_2": 0, "1_1": 0, "1_2": 0, "3_0": 0, "3_2": 0, "4_2": 0, "6_0": 0, "6_2": 0, "6_1": 0, "7_2": 0, "8_0": 0, "11_1": 0, "11_2": 0, "12_2": 0, "13_0": 0, "14_2": 0, "16_1": 0, "16_2": 0, "19_0": 0, "20_2": 0, "23_1": 0, "24_2": 0, "24_0": 0, "25_0": 0, "26_2": 0, "27_1": 0, "27_2": 0, "27_0": 0, "28_2": 0, "28_0": 0, "29_1": 0, "8_2": 1, "8_1": 1, "9_2": 1, "9_1": 1, "16_0": 1, "25_1": 1, "10_1": 2, "10_2": 2, "14_1": 2, "15_1": 2, "15_2": 2, "17_1": 2, "17_2": 2, "18_2": 2, "20_0": 2, "21_0": 2, "24_1": 2, "23_2": 3, "2_2": 4, "5_1": 4, "12_1": 4, "15_0": 4, "17_0": 4, "18_1": 5, "10_0": 6, "18_0": 6, "9_0": 7, "21_1": 7, "22_2": 7, "22_1": 7, "29_0": 8, "22_0": 9, "7_1": 12}, "y_queue": [], "z_queue": [], "acc_per_veh": [0.4309999942779541, 0.4390000104904175, 0.2680000066757202, 0.4020000100135803, 0.2849999964237213, 0.3720000088214874, 0.5440000295639038, 0.3720000088214874, 0.5550000071525574, 0.4189999997615814, 0.4690000116825104, 0.3449999988079071, 0.36500000953674316, 0.45100000500679016, 0.5199999809265137, 0.5490000247955322, 0.34299999475479126, 0.4569999873638153, 0.4869999885559082, 0.4300000071525574, 0.4970000088214874, 0.4830000102519989, 0.5, 0.5, 0.4650000035762787, 0.4020000100135803, 0.257999986410141, 0.43700000643730164, 0.421999990940094, 0.46000000834465027], "veh_meta": [{"mods": [0, 2], "D": {"0": 514, "2": 798}, "Q": {"0": 0.8276859578168199, "2": 0.49476853410702387}}, {"mods": [1, 2], "D": {"1": 219, "2": 254}, "Q": {"1": 0.9601031393520297, "2": 0.8034759204422484}}, {"mods": [2], "D": {"2": 282}, "Q": {"2": 0.873393629309519}}, {"mods": [0, 2], "D": {"0": 33, "2": 36}, "Q": {"0": 0.9660434164087256, "2": 0.4656913895495027}}, {"mods": [2], "D": {"2": 189}, "Q": {"2": 0.8633876873043712}}, {"mods": [1], "D": {"1": 63}, "Q": {"1": 0.31329888969278097}}, {"mods": [0, 1, 2], "D": {"0": 786, "1": 546, "2": 1083}, "Q": {"0": 0.9469480776321255, "1": 0.9608684968126827, "2": 0.9309761565234789}}, {"mods": [1, 2], "D": {"1": 65, "2": 191}, "Q": {"1": 0.8352258552643103, "2": 0.9812241184927963}}, {"mods": [0, 1, 2], "D": {"0": 202, "1": 309, "2": 500}, "Q": {"0": 0.9382879532587274, "1": 0.9363417339040179, "2": 0.9472337052856812}}, {"mods": [0, 1, 2], "D": {"0": 245, "1": 160, "2": 47}, "Q": {"0": 0.9723055277501328, "1": 0.9112070068854516, "2": 0.9772818950648529}}, {"mods": [0, 1, 2], "D": {"0": 910, "1": 779, "2": 869}, "Q": {"0": 0.8980587614567556, "1": 0.35844664272040566, "2": 0.8330542816678924}}, {"mods": [1, 2], "D": {"1": 77, "2": 81}, "Q": {"1": 0.9113141207653813, "2": 0.33623887563817606}}, {"mods": [1, 2], "D": {"1": 280, "2": 23}, "Q": {"1": 0.8307646415830638, "2": 0.4574166281766623}}, {"mods": [0], "D": {"0": 104}, "Q": {"0": 0.2553248144714653}}, {"mods": [1, 2], "D": {"1": 300, "2": 476}, "Q": {"1": 0.8451593965215521, "2": 0.9574994940789158}}, {"mods": [0, 1, 2], "D": {"0": 60, "1": 161, "2": 209}, "Q": {"0": 0.47241501029848726, "1": 0.3151767767029149, "2": 0.41308073979007626}}, {"mods": [0, 1, 2], "D": {"0": 367, "1": 93, "2": 173}, "Q": {"0": 0.814509547790664, "1": 0.36168621199514905, "2": 0.8395496544855615}}, {"mods": [0, 1, 2], "D": {"0": 233, "1": 90, "2": 175}, "Q": {"0": 0.8419340584695549, "1": 0.3050535321994561, "2": 0.45744203558142266}}, {"mods": [0, 1, 2], "D": {"0": 235, "1": 369, "2": 343}, "Q": {"0": 0.9339632786184567, "1": 0.4324379441184276, "2": 0.997314792411335}}, {"mods": [0], "D": {"0": 434}, "Q": {"0": 0.9422979892376122}}, {"mods": [0, 2], "D": {"0": 195, "2": 136}, "Q": {"0": 0.9114829337739504, "2": 0.5136341870257433}}, {"mods": [0, 1], "D": {"0": 825, "1": 769}, "Q": {"0": 0.8006080762789616, "1": 0.5192327186711932}}, {"mods": [0, 1, 2], "D": {"0": 688, "1": 686, "2": 664},