{"cfg": {"method": "DFL-Gossip", "trace": "/Users/ckim48/Downloads/infocomsim/results/traces/trace_high_n60_s1.npz", "seed": 1, "rounds": 55, "r_v2v": 200.0, "cache_encoders": 4, "max_out": 3, "V": 50.0, "use_gat": true, "dataset": "fmnist", "phi_agg": 0.0}, "hist": {"acc": [0.09941666660209497, 0.1448333332935969, 0.27578333268562955, 0.33125, 0.3585166667898496, 0.37799999937415124, 0.4065833315253258, 0.4122166638573011, 0.43390000065167744, 0.4457833314935366, 0.4514166658123334, 0.4703833351532618], "acc_round": [1, 5, 10, 15, 20, 25, 30, 35, 40, 45, 50, 55], "recv": [127, 124, 131, 122, 133, 131, 110, 127, 131, 115, 107, 121, 115, 130, 120, 124, 128, 124, 138, 128, 134, 136, 125, 129, 113, 121, 123, 131, 113, 119, 131, 125, 132, 124, 146, 130, 121, 106, 134, 114, 138, 134, 136, 133, 127, 113, 96, 108, 129, 133, 126, 126, 133, 130, 133], "succ": [127, 124, 131, 122, 133, 131, 110, 127, 131, 115, 107, 121, 115, 130, 120, 124, 128, 124, 138, 128, 134, 136, 125, 129, 113, 121, 123, 131, 113, 119, 131, 125, 132, 124, 146, 130, 121, 106, 134, 114, 138, 134, 136, 133, 127, 113, 96, 108, 129, 133, 126, 126, 133, 130, 133], "att": [149, 150, 147, 141, 156, 155, 144, 136, 154, 146, 127, 145, 137, 150, 144, 137, 145, 139, 148, 152, 151, 148, 153, 141, 136, 138, 144, 147, 144, 139, 142, 138, 149, 156, 159, 152, 153, 138, 143, 143, 151, 165, 149, 147, 153, 133, 130, 136, 137, 149, 150, 143, 145, 149, 160], "energy": [264.34231890495556, 237.7889656576442, 261.9800630273952, 213.03387512518893, 269.88634357205314, 254.7413899092994, 250.62702530135607, 216.50596452039184, 280.69039265338813, 260.53866488679256, 195.12341372865097, 256.80147932313344, 205.4717723782057, 288.4853523556461, 241.21030694077766, 189.58887654067348, 256.80449055095016, 243.3370139515157, 285.52229574477553, 240.155907086113, 283.0225501156573, 248.7674149729012, 269.11186661275514, 294.7209538404537, 226.4692720704809, 240.29381237750357, 258.12973768373087, 306.6573137850903, 259.1455261305381, 242.29389016296673, 242.41209661003404, 209.46296269005333, 288.41572213492753, 294.7049931786494, 304.9975334649874, 236.02485222633857, 262.6230111828899, 198.16565294076858, 247.1891532853429, 209.51165188645155, 243.15004841562128, 282.1508195149244, 250.16353738480265, 230.32359869351822, 242.52264963352798, 229.57391737498162, 220.1324613825733, 214.12584769394857, 225.7544524718968, 283.42962867814737, 253.73961037712337, 256.20046200468073, 283.17019075713745, 299.69883981396504, 329.1578179723855], "coverage": [0.6461538461538462, 0.7384615384615385, 0.8153846153846154, 0.8538461538461538, 0.9384615384615385, 0.9615384615384616, 0.9692307692307692, 0.9769230769230769, 0.9923076923076923, 0.9923076923076923, 0.9923076923076923, 0.9923076923076923, 0.9923076923076923, 1.0, 1.0, 1.0, 1.0, 1.0, 1.0, 1.0, 1.0, 1.0, 1.0, 1.0, 1.0, 1.0, 1.0, 1.0, 1.0, 1.0, 1.0, 1.0, 1.0, 1.0, 1.0, 1.0, 1.0, 1.0, 1.0, 1.0, 1.0, 1.0, 1.0, 1.0, 1.0, 1.0, 1.0, 1.0, 1.0, 1.0, 1.0, 1.0, 1.0, 1.0, 1.0], "staleness": [0.0, 0.0, 0.0, 0.0, 0.0, 0.0, 0.0, 0.0, 0.0, 0.0, 0.0, 0.0, 0.0, 0.0, 0.0, 0.0, 0.0, 0.0, 0.0, 0.0, 0.0, 0.0, 0.0, 0.0, 0.0, 0.0, 0.0, 0.0, 0.0, 0.0, 0.0, 0.0, 0.0, 0.0, 0.0, 0.0, 0.0, 0.0, 0.0, 0.0, 0.0, 0.0, 0.0, 0.0, 0.0, 0.0, 0.0, 0.0, 0.0, 0.0, 0.0, 0.0, 0.0, 0.0, 0.0], "fail": [22, 26, 16, 19, 23, 24, 34, 9, 23, 31, 20, 24, 22, 20, 24, 13, 17, 15, 10, 24, 17, 12, 28, 12, 23, 17, 21, 16, 31, 20, 11, 13, 17, 32, 13, 22, 32, 32, 9, 29, 13, 31, 13, 14, 26, 20, 34, 28, 8, 16, 24, 17, 12, 19, 27], "recv_per_veh": [55.0, 87.0, 86.0, 47.0, 149.0, 132.0, 165.0, 104.0, 48.0, 132.0, 134.0, 139.0, 111.0, 116.0, 118.0, 49.0, 47.0, 115.0, 150.0, 160.0, 106.0, 131.0, 100.0, 160.0, 45.0, 52.0, 99.0, 117.0, 208.0, 192.0, 80.0, 195.0, 45.0, 88.0, 78.0, 95.0, 57.0, 73.0, 144.0, 133.0, 101.0, 141.0, 145.0, 74.0, 164.0, 89.0, 95.0, 127.0, 75.0, 151.0, 210.0, 128.0, 169.0, 160.0, 137.0, 192.0, 49.0, 78.0, 93.0, 168.0], "first_recv": {"0_0": 0, "4_0": 0, "4_1": 0, "6_0": 0, "6_1": 0, "6_2": 0, "8_0": 0, "9_1": 0, "13_0": 0, "13_1": 0, "13_2": 0, "14_2": 0, "14_0": 0, "16_0": 0, "17_0": 0, "17_1": 0, "17_2": 0, "18_0": 0, "18_1": 0, "19_2": 0, "19_1": 0, "19_0": 0, "20_2": 0, "20_1": 0, "21_0": 0, "21_1": 0, "22_0": 0, "22_1": 0, "23_0": 0, "23_1": 0, "23_2": 0, "24_0": 0, "25_1": 0, "26_0": 0, "26_1": 0, "26_2": 0, "27_0": 0, "27_1": 0, "28_1": 0, "28_0": 0, "29_0": 0, "30_1": 0, "32_0": 0, "34_1": 0, "35_0": 0, "36_1": 0, "37_1": 0, "38_0": 0, "38_1": 0, "38_2": 0, "40_0": 0, "40_1": 0, "40_2": 0, "41_0": 0, "41_1": 0, "42_0": 0, "42_1": 0, "44_0": 0, "44_1": 0, "44_2": 0, "45_1": 0, "47_0": 0, "47_1": 0, "49_0": 0, "49_1": 0, "50_0": 0, "50_1": 0, "50_2": 0, "51_1": 0, "52_1": 0, "52_0": 0, "53_0": 0, "53_1": 0, "53_2": 0, "54_0": 0, "54_1": 0, "55_0": 0, "55_1": 0, "55_2": 0, "57_1": 0, "58_2": 0, "59_0": 0, "59_1": 0, "59_2": 0, "5_0": 1, "5_1": 1, "7_2": 1, "10_0": 1, "11_1": 1, "11_2": 1, "12_0": 1, "29_1": 1, "48_1": 1, "51_0": 1, "56_1": 1, "56_2": 1, "1_1": 2, "2_0": 2, "3_2": 2, "33_0": 2, "33_1": 2, "33_2": 2, "35_1": 2, "39_0": 2, "43_0": 2, "58_0": 2, "31_0": 3, "31_1": 3, "31_2": 3, "39_2": 3, "48_2": 3, "2_2": 4, "7_0": 4, "7_1": 4, "12_1": 4, "15_0": 4, "15_2": 4, "21_2": 4, "29_2": 4, "43_1": 4, "46_2": 4, "46_1": 4, "4_2": 5, "10_2": 5, "28_2": 5, "37_2": 6, "9_0": 7, "10_1": 8, "54_2": 8, "12_2": 13}, "y_queue": [], "z_queue": [], "acc_per_veh": [0.5049999952316284, 0.4410000145435333, 0.3880000114440918, 0.33500000834465027, 0.4129999876022339, 0.39399999380111694, 0.5839999914169312, 0.3790000081062317, 0.4950000047683716, 0.41200000047683716, 0.5690000057220459, 0.43700000643730164, 0.46000000834465027, 0.4580000042915344, 0.49900001287460327, 0.4699999988079071, 0.42500001192092896, 0.35600000619888306, 0.6019999980926514, 0.5400000214576721, 0.43299999833106995, 0.4309999942779541, 0.640999972820282, 0.5090000033378601, 0.3659999966621399, 0.4269999861717224, 0.48399999737739563, 0.550000011920929, 0.6119999885559082, 0.6299999952316284, 0.5, 0.4699999988079071, 0.3840000033378601, 0.36899998784065247, 0.3479999899864197, 0.4659999907016754, 0.3330000042915344, 0.6019999980926514, 0.5220000147819519, 0.36399999260902405, 0.4860000014305115, 0.44999998807907104, 0.5, 0.5189999938011169, 0.3529999852180481, 0.5350000262260437, 0.43799999356269836, 0.34200000762939453, 0.6340000033378601, 0.3540000021457672, 0.5289999842643738, 0.3709999918937683, 0.42500001192092896, 0.5740000009536743, 0.38600000739097595, 0.5130000114440918, 0.5770000219345093, 0.5630000233650208, 0.550000011920929, 0.5210000276565552], "veh_meta": [{"mods": [0], "D": {"0": 900}, "Q": {"0": 0.9296273342569894}}, {"mods": [1], "D": {"1": 205}, "Q": {"1": 0.5332603873270162}}, {"mods": [0, 2], "D": {"0": 160, "2": 280}, "Q": {"0": 0.9551798633198361, "2": 0.8836897573943958}}, {"mods": [2], "D": {"2": 60}, "Q": {"2": 0.8036362253500965}}, {"mods": [0, 1, 2], "D": {"0": 399, "1": 685, "2": 410}, "Q": {"0": 0.934215372322613, "1": 0.8256628651307353, "2": 0.8788927905803693}}, {"mods": [0, 1], "D": {"0": 81, "1": 34}, "Q": {"0": 0.8081698892786238, "1": 0.8063234640631504}}, {"mods": [0, 1, 2], "D": {"0": 847, "1": 439, "2": 319}, "Q": {"0": 0.38925879901530147, "1": 0.47256585286563746, "2": 0.3197180008106804}}, {"mods": [0, 1, 2], "D": {"0": 158, "1": 211, "2": 225}, "Q": {"0": 0.4887292794329691, "1": 0.4955725624825534, "2": 0.8627158262159224}}, {"mods": [0], "D": {"0": 450}, "Q": {"0": 0.8569425919479874}}, {"mods": [0, 1], "D": {"0": 324, "1": 125}, "Q": {"0": 0.9091829472648495, "1": 0.2886793049403587}}, {"mods": [0, 1, 2], "D": {"0": 798, "1": 510, "2": 968}, "Q": {"0": 0.8396517586946148, "1": 0.9913807641701791, "2": 0.9352055622353893}}, {"mods": [1, 2], "D": {"1": 81, "2": 53}, "Q": {"1": 0.37572243882391654, "2": 0.9331072575586984}}, {"mods": [0, 1, 2], "D": {"0": 280, "1": 296, "2": 242}, "Q": {"0": 0.44100047659911235, "1": 0.26872050992212765, "2": 0.9687442404816223}}, {"mods": [0, 1, 2], "D": {"0": 98,