{"cfg": {"method": "LRU-Random", "trace": "/Users/ckim48/Downloads/infocomsim/results/traces/trace_med_n60_s1.npz", "seed": 1, "rounds": 55, "r_v2v": 200.0, "cache_encoders": 8, "max_out": 3, "V": 50.0, "use_gat": true, "dataset": "fmnist"}, "hist": {"acc": [0.10006666655341784, 0.16514999903738498, 0.2611500014861425, 0.3233000010251999, 0.34735000021755696, 0.3608166664838791, 0.3762000003208717, 0.38201666499177617, 0.3859499990940094, 0.4040333348015944, 0.4077666662633419, 0.4112333302696546], "acc_round": [1, 5, 10, 15, 20, 25, 30, 35, 40, 45, 50, 55], "recv": [99, 91, 123, 111, 121, 113, 107, 138, 131, 129, 111, 130, 106, 122, 119, 136, 122, 132, 147, 105, 129, 129, 142, 112, 127, 112, 107, 129, 103, 133, 125, 130, 120, 113, 123, 124, 122, 108, 149, 132, 130, 113, 115, 134, 133, 125, 114, 124, 135, 127, 122, 116, 132, 118, 132], "succ": [99, 91, 123, 111, 121, 113, 107, 138, 131, 129, 111, 130, 106, 122, 119, 136, 122, 132, 147, 105, 129, 129, 142, 112, 127, 112, 107, 129, 103, 133, 125, 130, 120, 113, 123, 124, 122, 108, 149, 132, 130, 113, 115, 134, 133, 125, 114, 124, 135, 127, 122, 116, 132, 118, 132], "att": [116, 140, 154, 159, 163, 170, 161, 168, 168, 156, 159, 168, 156, 162, 162, 168, 168, 171, 171, 171, 159, 150, 162, 165, 168, 153, 153, 165, 162, 168, 171, 165, 165, 159, 162, 162, 159, 159, 177, 177, 168, 165, 156, 168, 165, 159, 168, 168, 171, 150, 159, 165, 162, 168, 168], "energy": [201.7825461467721, 219.56405394131878, 314.1705455538739, 239.95251646994487, 301.0753615549668, 339.02422519473424, 332.5225760431112, 331.12574063119564, 312.6105089774191, 303.77087721110644, 267.9906195062602, 359.26033576152906, 304.4738958717713, 376.7642544318143, 321.1726680567633, 365.8514836676893, 345.518204535328, 307.6354546505781, 339.2853035783344, 251.56122299997241, 311.5385853203089, 278.9616591701776, 307.70230716804946, 275.55106678424414, 314.2283398849836, 310.4237786888774, 260.52189745289076, 355.6847090955162, 269.2622128134701, 279.82079425072493, 280.9021707107509, 276.2436982914902, 298.69236351737015, 308.0001651398068, 303.09042477624575, 258.46673242952346, 280.59522183345445, 269.30711680453555, 367.8712703512776, 309.98098362442033, 324.2230040375356, 276.01624402615, 274.1715260214316, 287.0486233989982, 280.1914079989901, 298.7301035517575, 240.07877890683758, 318.9670985134499, 320.7850837898058, 312.9024072582143, 296.38499331649723, 277.6063844222222, 255.73727851717564, 301.9673386597935, 320.7173149813586], "coverage": [0.5, 0.6384615384615384, 0.8, 0.8384615384615385, 0.8846153846153846, 0.9153846153846154, 0.9307692307692308, 0.9615384615384616, 0.9692307692307692, 0.9769230769230769, 0.9846153846153847, 0.9923076923076923, 0.9923076923076923, 1.0, 1.0, 1.0, 1.0, 1.0, 1.0, 1.0, 1.0, 1.0, 1.0, 1.0, 1.0, 1.0, 1.0, 1.0, 1.0, 1.0, 1.0, 1.0, 1.0, 1.0, 1.0, 1.0, 1.0, 1.0, 1.0, 1.0, 1.0, 1.0, 1.0, 1.0, 1.0, 1.0, 1.0, 1.0, 1.0, 1.0, 1.0, 1.0, 1.0, 1.0, 1.0], "staleness": [0.0, 0.38461538461538464, 0.7967479674796748, 1.3063063063063063, 1.9834710743801653, 2.5309734513274336, 3.046728971962617, 3.717391304347826, 4.595419847328245, 4.658914728682171, 5.666666666666667, 5.653846153846154, 7.481132075471698, 7.401639344262295, 7.873949579831932, 8.742647058823529, 9.098360655737705, 8.772727272727273, 9.639455782312925, 9.6, 10.10077519379845, 10.984496124031008, 12.408450704225352, 12.875, 13.062992125984252, 13.410714285714286, 12.654205607476635, 14.534883720930232, 15.990291262135923, 15.488721804511279, 16.464, 17.246153846153845, 16.616666666666667, 16.495575221238937, 15.617886178861788, 15.03225806451613, 15.48360655737705, 18.22222222222222, 16.335570469798657, 16.643939393939394, 18.307692307692307, 20.699115044247787, 18.130434782608695, 17.761194029850746, 20.451127819548873, 22.656, 18.464912280701753, 19.612903225806452, 24.377777777777776, 22.64566929133858, 23.008196721311474, 20.75862068965517, 23.393939393939394, 22.906779661016948, 24.924242424242426], "fail": [17, 49, 31, 48, 42, 57, 54, 30, 37, 27, 48, 38, 50, 40, 43, 32, 46, 39, 24, 66, 30, 21, 20, 53, 41, 41, 46, 36, 59, 35, 46, 35, 45, 46, 39, 38, 37, 51, 28, 45, 38, 52, 41, 34, 32, 34, 54, 44, 36, 23, 37, 49, 30, 50, 36], "recv_per_veh": [12.0, 34.0, 86.0, 60.0, 128.0, 46.0, 117.0, 125.0, 18.0, 68.0, 96.0, 89.0, 119.0, 126.0, 55.0, 52.0, 19.0, 111.0, 58.0, 131.0, 110.0, 120.0, 51.0, 119.0, 17.0, 54.0, 129.0, 76.0, 123.0, 108.0, 27.0, 112.0, 15.0, 83.0, 51.0, 49.0, 37.0, 101.0, 79.0, 83.0, 114.0, 47.0, 59.0, 68.0, 122.0, 29.0, 75.0, 53.0, 132.0, 61.0, 80.0, 37.0, 40.0, 121.0, 116.0, 114.0, 75.0, 44.0, 65.0, 140.0], "first_recv": {"3_2": 0, "4_2": 0, "5_0": 0, "6_1": 0, "7_1": 0, "9_0": 0, "9_1": 0, "13_0": 0, "13_2": 0, "13_1": 0, "16_0": 0, "17_2": 0, "17_0": 0, "17_1": 0, "18_1": 0, "19_1": 0, "19_0": 0, "20_2": 0, "21_0": 0, "21_1": 0, "22_0": 0, "23_1": 0, "23_2": 0, "23_0": 0, "26_2": 0, "26_1": 0, "27_0": 0, "28_1": 0, "35_0": 0, "37_2": 0, "37_1": 0, "38_1": 0, "38_2": 0, "38_0": 0, "39_0": 0, "40_2": 0, "41_0": 0, "41_1": 0, "42_0": 0, "42_1": 0, "44_1": 0, "44_2": 0, "45_1": 0, "47_1": 0, "48_2": 0, "49_0": 0, "49_1": 0, "50_0": 0, "51_1": 0, "52_0": 0, "53_1": 0, "53_0": 0, "53_2": 0, "54_2": 0, "55_0": 0, "55_1": 0, "55_2": 0, "56_1": 0, "56_2": 0, "57_1": 0, "58_2": 0, "58_0": 0, "59_0": 0, "59_2": 0, "59_1": 0, "0_0": 1, "4_0": 1, "6_2": 1, "6_0": 1, "11_2": 1, "11_1": 1, "12_1": 1, "19_2": 1, "25_1": 1, "29_2": 1, "34_1": 1, "40_1": 1, "44_0": 1, "48_1": 1, "50_1": 1, "51_0": 1, "52_1": 1, "54_1": 1, "2_0": 2, "10_0": 2, "12_0": 2, "20_1": 2, "22_1": 2, "24_0": 2, "27_1": 2, "28_2": 2, "28_0": 2, "29_1": 2, "30_1": 2, "32_0": 2, "33_2": 2, "33_0": 2, "35_1": 2, "36_1": 2, "39_2": 2, "40_0": 2, "43_0": 2, "50_2": 2, "54_0": 2, "1_1": 3, "4_1": 3, "5_1": 3, "8_0": 3, "10_1": 3, "7_2": 4, "7_0": 4, "21_2": 4, "43_1": 4, "46_2": 4, "46_1": 4, "10_2": 5, "14_2": 5, "15_2": 5, "31_2": 5, "18_0": 6, "26_0": 6, "2_2": 7, "14_0": 7, "31_1": 7, "33_1": 7, "12_2": 8, "29_0": 9, "31_0": 10, "15_0": 11, "47_0": 13}, "y_queue": [], "z_queue": [], "acc_per_veh": [0.5920000076293945, 0.3970000147819519, 0.36800000071525574, 0.0949999988079071, 0.4009999930858612, 0.3319999873638153, 0.6299999952316284, 0.38499999046325684, 0.41999998688697815, 0.4180000126361847, 0.5609999895095825, 0.3330000042915344, 0.3529999852180481, 0.41499999165534973, 0.4189999997615814, 0.36500000953674316, 0.43700000643730164, 0.3440000116825104, 0.5429999828338623, 0.39899998903274536, 0.3199999928474426, 0.42899999022483826, 0.515999972820282, 0.45100000500679016, 0.382999986410141, 0.23800000548362732, 0.41999998688697815, 0.5189999938011169, 0.5299999713897705, 0.6029999852180481, 0.4790000021457672, 0.3889999985694885, 0.4000000059604645, 0.3479999899864197, 0.27399998903274536, 0.41499999165534973, 0.2800000011920929, 0.4009999930858612, 0.5059999823570251, 0.3449999988079071, 0.47999998927116394, 0.460999995470047, 0.45899999141693115, 0.39399999380111694, 0.32499998807907104, 0.4779999852180481, 0.30000001192092896, 0.33399999141693115, 0.42100000381469727, 0.27300000190734863, 0.4970000088214874, 0.3440000116825104, 0.2930000126361847, 0.42100000381469727, 0.3319999873638153, 0.5040000081062317, 0.46299999952316284, 0.45100000500679016, 0.492000013589859, 0.49900001287460327], "veh_meta": [{"mods": [0], "D": {"0": 900}, "Q": {"0": 0.9296273342569894}}, {"mods": [1], "D": {"1": 205}, "Q": {"1": 0.5332603873270162}}, {"mods": [0, 2], "D": {"0": 160, "2": 280}, "Q": {"0": 0.9551798633198361, "2": 0.8836897573943958}}, {"mods": [2], "D": {"2": 60}, "Q": {"2": 0.8036362253500965}}, {"mods": [0, 1, 2], "D": {"0": 399, "1": 685, "2": 410}, "Q": {"0": 0.934215372322613, "1": 0.8256628651307353, "2": 0.8788927905803693}}, {"mods": [0, 1], "D": {"0": 81, "1": 34}, "Q": {"0": 0.8081698892786238, "1": 0.8063234640631504}}, {"mods": [0, 1, 2], "D": {"0": 847, "1": 439, "2": 319}, "Q": {"0": 0.38925879901530147, "1": 0.47256585286563746,