{"cfg": {"method": "RECD", "trace": "/Users/ckim48/Downloads/infocomsim/results/traces/trace_high_n60_s1.npz", "seed": 1, "rounds": 55, "r_v2v": 200.0, "cache_encoders": 4, "max_out": 3, "V": 50.0, "use_gat": true, "dataset": "fmnist", "phi_agg": 0.0}, "hist": {"acc": [0.10013333310683568, 0.154749999816219, 0.2832833337287108, 0.33883333454529446, 0.36788333182533584, 0.38991666783889134, 0.4040333330631256, 0.4021333319445451, 0.42426666741569835, 0.43263333340485893, 0.44966666599114735, 0.45531666874885557], "acc_round": [1, 5, 10, 15, 20, 25, 30, 35, 40, 45, 50, 55], "recv": [53, 67, 79, 92, 83, 55, 59, 84, 64, 81, 55, 90, 68, 70, 71, 75, 86, 61, 95, 75, 82, 90, 74, 61, 58, 101, 60, 87, 70, 88, 87, 64, 88, 81, 121, 71, 67, 80, 96, 86, 63, 70, 76, 96, 65, 71, 61, 66, 75, 54, 78, 82, 110, 55, 73], "succ": [53, 67, 79, 92, 83, 55, 59, 84, 64, 81, 55, 90, 68, 70, 71, 75, 86, 61, 95, 75, 82, 90, 74, 61, 58, 101, 60, 87, 70, 88, 87, 64, 88, 81, 121, 71, 67, 80, 96, 86, 63, 70, 76, 96, 65, 71, 61, 66, 75, 54, 78, 82, 110, 55, 73], "att": [53, 69, 83, 101, 84, 56, 59, 86, 67, 81, 60, 92, 71, 71, 73, 75, 88, 61, 99, 76, 83, 90, 78, 63, 59, 107, 61, 87, 70, 90, 88, 67, 88, 84, 124, 72, 67, 83, 98, 95, 63, 70, 76, 99, 71, 73, 64, 70, 78, 57, 83, 82, 119, 57, 77], "energy": [57.50838172593427, 61.81343067366643, 132.17789640127208, 88.16794794108216, 103.28871178575812, 45.53109201571648, 69.61059349848853, 99.94038857277005, 62.87194095221197, 68.25897160374136, 49.34329506779814, 152.23629871967523, 58.77033942907242, 98.00849969925079, 97.66711384878514, 84.7094438723145, 148.19896564984293, 65.89831283860833, 167.08531845423184, 100.99747142611778, 126.83181204142859, 105.74638016923757, 96.16519160666616, 77.85938154892139, 62.97618498101528, 196.47404064957485, 53.63795885750979, 125.82344794134431, 69.99652484880583, 142.98781316264356, 90.7492483901167, 54.04911166615726, 110.94623419777882, 118.59699294324163, 215.28884878402593, 74.83738423596455, 61.91314606434084, 109.48057202809349, 159.04216777885574, 121.10782536112129, 73.30659449942439, 59.74770504572257, 93.88579909363293, 143.93324015627303, 77.26496556943856, 93.61999902840016, 82.22440874247522, 120.5084832435364, 98.53887936590415, 61.476781098611625, 131.8781058224484, 124.40771390695139, 210.96873405592018, 59.121687404830084, 87.66165851740807], "coverage": [0.2923076923076923, 0.46923076923076923, 0.6461538461538462, 0.7076923076923077, 0.7384615384615385, 0.7923076923076923, 0.8076923076923077, 0.8615384615384616, 0.8692307692307693, 0.8923076923076924, 0.9153846153846154, 0.9461538461538461, 0.9461538461538461, 0.9461538461538461, 0.9615384615384616, 0.9692307692307692, 0.9692307692307692, 0.9692307692307692, 0.9692307692307692, 0.9692307692307692, 0.9769230769230769, 0.9846153846153847, 0.9846153846153847, 0.9846153846153847, 0.9846153846153847, 0.9846153846153847, 0.9846153846153847, 0.9846153846153847, 0.9846153846153847, 0.9923076923076923, 0.9923076923076923, 0.9923076923076923, 0.9923076923076923, 0.9923076923076923, 0.9923076923076923, 0.9923076923076923, 0.9923076923076923, 0.9923076923076923, 0.9923076923076923, 0.9923076923076923, 0.9923076923076923, 0.9923076923076923, 0.9923076923076923, 0.9923076923076923, 1.0, 1.0, 1.0, 1.0, 1.0, 1.0, 1.0, 1.0, 1.0, 1.0, 1.0], "staleness": [0.0, 0.1044776119402985, 0.43037974683544306, 0.5217391304347826, 0.6987951807228916, 0.9272727272727272, 1.271186440677966, 1.2261904761904763, 1.34375, 1.1975308641975309, 1.2727272727272727, 1.1333333333333333, 1.2794117647058822, 1.6428571428571428, 1.8732394366197183, 1.24, 1.058139534883721, 1.2295081967213115, 1.2842105263157895, 1.4, 1.0975609756097562, 1.288888888888889, 1.4189189189189189, 1.2622950819672132, 1.3103448275862069, 1.603960396039604, 1.7166666666666666, 1.264367816091954, 1.1571428571428573, 1.2045454545454546, 1.0459770114942528, 1.375, 1.5340909090909092, 1.2098765432098766, 1.512396694214876, 1.704225352112676, 0.8208955223880597, 1.2875, 1.6458333333333333, 1.302325581395349, 1.2857142857142858, 1.4714285714285715, 1.605263157894737, 1.21875, 1.5538461538461539, 1.591549295774648, 2.1311475409836067, 1.878787878787879, 2.0933333333333333, 1.8333333333333333, 1.9102564102564104, 1.1951219512195121, 1.2363636363636363, 0.9090909090909091, 1.5342465753424657], "fail": [0, 2, 4, 9, 1, 1, 0, 2, 3, 0, 5, 2, 3, 1, 2, 0, 2, 0, 4, 1, 1, 0, 4, 2, 1, 6, 1, 0, 0, 2, 1, 3, 0, 3, 3, 1, 0, 3, 2, 9, 0, 0, 0, 3, 6, 2, 3, 4, 3, 3, 5, 0, 9, 2, 4], "recv_per_veh": [20.0, 80.0, 70.0, 54.0, 44.0, 91.0, 60.0, 49.0, 25.0, 66.0, 32.0, 144.0, 32.0, 67.0, 85.0, 30.0, 58.0, 84.0, 43.0, 86.0, 73.0, 56.0, 26.0, 40.0, 29.0, 58.0, 49.0, 55.0, 59.0, 62.0, 45.0, 66.0, 78.0, 38.0, 72.0, 85.0, 52.0, 33.0, 32.0, 37.0, 55.0, 66.0, 85.0, 24.0, 103.0, 84.0, 52.0, 23.0, 55.0, 31.0, 87.0, 51.0, 115.0, 83.0, 49.0, 71.0, 28.0, 35.0, 48.0, 41.0], "first_recv": {"4_2": 0, "4_0": 0, "4_1": 0, "5_1": 0, "5_0": 0, "6_1": 0, "6_0": 0, "6_2": 0, "8_0": 0, "13_0": 0, "13_2": 0, "13_1": 0, "14_2": 0, "16_0": 0, "19_1": 0, "22_1": 0, "23_2": 0, "24_0": 0, "27_0": 0, "27_1": 0, "28_1": 0, "30_1": 0, "34_1": 0, "36_1": 0, "37_1": 0, "38_2": 0, "41_0": 0, "41_1": 0, "42_1": 0, "44_2": 0, "45_1": 0, "47_1": 0, "49_0": 0, "49_1": 0, "50_0": 0, "55_1": 0, "55_2": 0, "55_0": 0, "0_0": 1, "10_1": 1, "11_2": 1, "11_1": 1, "17_2": 1, "18_1": 1, "19_0": 1, "21_1": 1, "23_0": 1, "25_1": 1, "32_0": 1, "38_1": 1, "44_0": 1, "51_0": 1, "51_1": 1, "52_1": 1, "53_1": 1, "53_0": 1, "56_2": 1, "56_1": 1, "58_2": 1, "58_0": 1, "59_0": 1, "1_1": 2, "3_2": 2, "7_1": 2, "7_2": 2, "9_1": 2, "12_0": 2, "20_1": 2, "26_1": 2, "26_2": 2, "33_1": 2, "33_2": 2, "33_0": 2, "35_1": 2, "38_0": 2, "39_2": 2, "40_0": 2, "40_2": 2, "40_1": 2, "47_0": 2, "48_2": 2, "54_1": 2, "54_2": 2, "57_1": 2, "2_0": 3, "29_1": 3, "31_1": 3, "31_0": 3, "35_0": 3, "39_0": 3, "42_0": 3, "43_0": 3, "15_0": 4, "19_2": 4, "31_2": 4, "48_1": 4, "7_0": 5, "15_2": 5, "21_2": 5, "21_0": 5, "28_2": 5, "50_2": 5, "53_2": 5, "26_0": 6, "28_0": 6, "12_1": 7, "14_0": 7, "22_0": 7, "23_1": 7, "46_1": 7, "50_1": 7, "59_2": 7, "46_2": 8, "2_2": 9, "20_2": 9, "52_0": 9, "29_2": 10, "37_2": 10, "44_1": 10, "10_0": 11, "17_1": 11, "18_0": 11, "43_1": 11, "12_2": 14, "17_0": 14, "29_0": 15, "10_2": 20, "9_0": 21, "59_1": 29, "54_0": 44}, "y_queue": [0.07666666666666667, 0.1325, 0.15833333333333333, 0.19166666666666668, 0.22999999999999998, 0.2683333333333333, 0.3047222222222222, 0.2936111111111111, 0.3252777777777778, 0.32416666666666666, 0.3480555555555555, 0.3338888888888888, 0.36361111111111105, 0.40805555555555556, 0.40416666666666656, 0.40722222222222215, 0.3991666666666666, 0.4472222222222221, 0.45305555555555543, 0.4974999999999999, 0.4941666666666666, 0.4874999999999998, 0.4888888888888887, 0.541111111111111, 0.5880555555555554, 0.5716666666666665, 0.5994444444444442, 0.602222222222222, 0.6316666666666665, 0.6080555555555553, 0.6063888888888886, 0.634722222222222, 0.6136111111111109, 0.6005555555555554, 0.49138888888888865, 0.5197222222222221, 0.5411111111111109, 0.5647222222222221, 0.5744444444444442, 0.6011111111111108, 0.6052777777777776, 0.6049999999999998, 0.6069444444444443, 0.5897222222222221, 0.6044444444444442, 0.624722222222222, 0.6663888888888888, 0.6738888888888888, 0.6483333333333331, 0.6411111111111109, 0.6544444444444444, 0.6627777777777777, 0.6211111111111108, 0.6602777777777776, 0.6702777777777776],