{"cfg": {"method": "RECD", "trace": "/Users/ckim48/Downloads/infocomsim/results/traces/trace_med_n60_s1.npz", "seed": 1, "rounds": 55, "r_v2v": 150.0, "cache_encoders": 4, "max_out": 3, "V": 50.0, "use_gat": true}, "hist": {"acc": [0.09983333311975003, 0.15663333262006443, 0.2861000008881092, 0.3369666650891304, 0.36873333354791005, 0.38951666578650473, 0.3970833311478297, 0.41235000143448514, 0.4303333352009455, 0.43418333530426023, 0.4434166659911474, 0.4480999981363614], "acc_round": [1, 5, 10, 15, 20, 25, 30, 35, 40, 45, 50, 55], "recv": [48, 55, 67, 97, 64, 57, 67, 81, 36, 81, 54, 66, 73, 54, 62, 66, 89, 54, 78, 50, 86, 73, 61, 79, 63, 85, 42, 82, 60, 76, 70, 63, 57, 49, 93, 56, 63, 51, 81, 85, 53, 61, 47, 88, 46, 78, 58, 70, 71, 68, 71, 57, 80, 55, 79], "succ": [48, 55, 67, 97, 64, 57, 67, 81, 36, 81, 54, 66, 73, 54, 62, 66, 89, 54, 78, 50, 86, 73, 61, 79, 63, 85, 42, 82, 60, 76, 70, 63, 57, 49, 93, 56, 63, 51, 81, 85, 53, 61, 47, 88, 46, 78, 58, 70, 71, 68, 71, 57, 80, 55, 79], "att": [50, 58, 67, 97, 67, 60, 67, 83, 41, 81, 55, 66, 73, 54, 65, 66, 89, 54, 80, 55, 88, 77, 63, 84, 66, 86, 43, 82, 62, 77, 71, 63, 57, 49, 93, 56, 65, 52, 81, 92, 55, 70, 52, 95, 46, 78, 61, 70, 73, 69, 72, 57, 83, 59, 79], "energy": [37.54517010327772, 33.492544070351656, 55.92919562597993, 70.479020450695, 49.79299651626517, 45.39814424311642, 51.938241527433995, 84.88322684683077, 25.92857007067924, 74.15990428302538, 33.83584034016141, 64.31486532069388, 62.34457268539811, 63.36665978186014, 67.60249587604103, 71.26882140476818, 103.72794557478588, 31.20892274043767, 77.92962716056144, 32.56776795766285, 92.00241925748979, 50.415606938131525, 49.38363095348318, 63.802096075402275, 55.34691528589971, 140.04315584194833, 23.03692091518471, 77.89704207326717, 37.92242010660351, 100.08549066336147, 53.21325873848636, 49.42998844009392, 33.63996202383418, 30.989525304047934, 104.98910516377327, 34.52943533602109, 73.46477966975746, 28.415366637554392, 99.83892882089123, 72.22732027794716, 39.289218189905455, 60.554752236772714, 37.240599409268455, 124.8702097485002, 28.361989510181637, 71.10542345871062, 42.64263409569751, 86.34001570140464, 55.58671632594687, 55.69604534521405, 73.0130947750058, 47.19133691021506, 92.917789873378, 43.14525852253088, 78.00294090939943], "coverage": [0.2692307692307692, 0.3923076923076923, 0.5615384615384615, 0.6384615384615384, 0.6923076923076923, 0.7230769230769231, 0.7307692307692307, 0.8, 0.8076923076923077, 0.823076923076923, 0.8461538461538461, 0.8769230769230769, 0.9076923076923077, 0.9153846153846154, 0.9307692307692308, 0.9538461538461539, 0.9538461538461539, 0.9538461538461539, 0.9538461538461539, 0.9538461538461539, 0.9615384615384616, 0.9615384615384616, 0.9615384615384616, 0.9692307692307692, 0.9769230769230769, 0.9769230769230769, 0.9769230769230769, 0.9769230769230769, 0.9769230769230769, 0.9769230769230769, 0.9923076923076923, 0.9923076923076923, 0.9923076923076923, 0.9923076923076923, 0.9923076923076923, 0.9923076923076923, 0.9923076923076923, 0.9923076923076923, 1.0, 1.0, 1.0, 1.0, 1.0, 1.0, 1.0, 1.0, 1.0, 1.0, 1.0, 1.0, 1.0, 1.0, 1.0, 1.0, 1.0], "staleness": [0.0, 0.14545454545454545, 0.31343283582089554, 0.4948453608247423, 0.71875, 1.105263157894737, 1.2537313432835822, 1.1851851851851851, 1.4444444444444444, 1.4197530864197532, 1.4074074074074074, 1.2121212121212122, 1.0, 1.5740740740740742, 1.564516129032258, 1.5909090909090908, 1.4157303370786516, 0.6666666666666666, 1.5512820512820513, 2.06, 1.5116279069767442, 1.6986301369863013, 1.9180327868852458, 1.8354430379746836, 1.6666666666666667, 1.9529411764705882, 2.1666666666666665, 2.2560975609756095, 1.4666666666666666, 1.368421052631579, 1.3285714285714285, 2.238095238095238, 1.456140350877193, 1.3673469387755102, 1.4408602150537635, 2.0892857142857144, 2.0317460317460316, 1.6666666666666667, 1.345679012345679, 1.4352941176470588, 1.3584905660377358, 1.2622950819672132, 1.5319148936170213, 1.4204545454545454, 1.1304347826086956, 1.5769230769230769, 1.9137931034482758, 0.9857142857142858, 1.2112676056338028, 1.25, 1.408450704225352, 2.192982456140351, 1.8125, 1.0909090909090908, 1.6708860759493671], "fail": [2, 3, 0, 0, 3, 3, 0, 2, 5, 0, 1, 0, 0, 0, 3, 0, 0, 0, 2, 5, 2, 4, 2, 5, 3, 1, 1, 0, 2, 1, 1, 0, 0, 0, 0, 0, 2, 1, 0, 7, 2, 9, 5, 7, 0, 0, 3, 0, 2, 1, 1, 0, 3, 4, 0], "recv_per_veh": [13.0, 58.0, 36.0, 46.0, 60.0, 73.0, 69.0, 69.0, 18.0, 59.0, 42.0, 72.0, 42.0, 66.0, 42.0, 30.0, 45.0, 66.0, 29.0, 76.0, 70.0, 35.0, 27.0, 39.0, 40.0, 65.0, 47.0, 86.0, 58.0, 53.0, 23.0, 56.0, 32.0, 42.0, 67.0, 31.0, 43.0, 42.0, 35.0, 44.0, 69.0, 36.0, 64.0, 36.0, 65.0, 29.0, 51.0, 41.0, 79.0, 28.0, 44.0, 60.0, 26.0, 78.0, 55.0, 61.0, 34.0, 52.0, 38.0, 44.0], "first_recv": {"4_2": 0, "4_1": 0, "5_1": 0, "6_1": 0, "6_2": 0, "8_0": 0, "9_1": 0, "9_0": 0, "13_0": 0, "13_2": 0, "13_1": 0, "16_0": 0, "17_2": 0, "20_1": 0, "22_1": 0, "24_0": 0, "27_0": 0, "27_1": 0, "29_0": 0, "29_1": 0, "30_1": 0, "41_1": 0, "41_0": 0, "42_1": 0, "44_2": 0, "47_1": 0, "47_0": 0, "49_0": 0, "50_0": 0, "55_1": 0, "55_2": 0, "55_0": 0, "56_1": 0, "56_2": 0, "59_2": 0, "0_0": 1, "11_2": 1, "11_1": 1, "14_2": 1, "19_0": 1, "29_2": 1, "32_0": 1, "37_1": 1, "37_2": 1, "50_2": 1, "51_0": 1, "53_1": 1, "53_2": 1, "53_0": 1, "58_0": 1, "59_0": 1, "1_1": 2, "3_2": 2, "5_0": 2, "7_1": 2, "7_2": 2, "12_0": 2, "25_1": 2, "28_1": 2, "33_1": 2, "33_2": 2, "38_2": 2, "38_0": 2, "40_0": 2, "40_2": 2, "45_1": 2, "48_2": 2, "48_1": 2, "49_1": 2, "51_1": 2, "54_1": 2, "54_0": 2, "58_2": 2, "2_0": 3, "4_0": 3, "23_2": 3, "26_2": 3, "34_1": 3, "35_0": 3, "39_0": 3, "42_0": 3, "43_0": 3, "50_1": 3, "7_0": 4, "18_1": 4, "19_1": 4, "19_2": 4, "21_2": 4, "40_1": 4, "57_1": 4, "15_2": 5, "23_0": 5, "36_1": 5, "39_2": 5, "31_2": 6, "23_1": 7, "26_1": 7, "26_0": 7, "28_2": 7, "28_0": 7, "46_1": 7, "46_2": 7, "54_2": 7, "59_1": 7, "2_2": 8, "20_2": 9, "52_0": 9, "10_2": 10, "10_1": 10, "35_1": 10, "6_0": 11, "12_1": 11, "38_1": 11, "44_1": 11, "12_2": 12, "15_0": 12, "31_1": 12, "31_0": 12, "10_0": 13, "17_1": 14, "43_1": 14, "17_0": 15, "21_1": 15, "21_0": 15, "44_0": 20, "33_0": 23, "22_0": 24, "14_0": 30, "18_0": 30, "52_1": 38}, "y_queue": [0.07916666666666666, 0.14666666666666667, 0.17166666666666666, 0.19583333333333333, 0.2408333333333333, 0.2875, 0.32611111111111113, 0.3163888888888889, 0.38388888888888884, 0.3791666666666666, 0.4149999999999999, 0.4141666666666666, 0.4316666666666666, 0.44722222222222213, 0.4588888888888887, 0.43666666666666665, 0.40833333333333327, 0.4424999999999999, 0.44472222222222213, 0.5005555555555554, 0.44472222222222213, 0.4727777777777777, 0.5047222222222221, 0.5183333333333332, 0.5644444444444443, 0.5522222222222221, 0.609722222222222, 0.5816666666666664, 0.5874999999999998, 0.5819444444444442, 0.5833333333333331, 0.5858333333333331, 0.6024999999999998, 0.6419444444444443, 0.577222222222222, 0.587222222222222, 0.6019444444444442, 0.6399999999999998, 0.5983333333333332, 0.5702777777777774, 0.6119444444444442, 0.6094444444444442, 0.6294444444444443, 0.5763888888888886, 0.6102777777777775, 0.6058333333333331, 0.5944444444444443, 0.5516666666666664, 0.5555555555555554, 0.5719444444444443, 0.5919444444444442, 0.6274999999999997, 0.5874999999999998, 0.617222222222222, 0.5819444444444442],