{"cfg": {"method": "RECD", "trace": "/Users/ckim48/Downloads/infocomsim/results/traces/trace_low_n60_s1.npz", "seed": 1, "rounds": 55, "r_v2v": 200.0, "cache_encoders": 4, "max_out": 3, "V": 50.0, "use_gat": true, "dataset": "fmnist", "phi_agg": 0.0}, "hist": {"acc": [0.10084999998410543, 0.1730666659772396, 0.30036666641632714, 0.33248333136240643, 0.36771666755278903, 0.3764000010987123, 0.39753333628177645, 0.40518333365519843, 0.418716669579347, 0.43346666793028515, 0.45131666362285616, 0.45958333561817805], "acc_round": [1, 5, 10, 15, 20, 25, 30, 35, 40, 45, 50, 55], "recv": [60, 60, 98, 88, 84, 68, 65, 100, 43, 75, 55, 76, 79, 70, 82, 92, 93, 57, 86, 53, 96, 86, 66, 82, 77, 100, 55, 65, 52, 82, 88, 68, 69, 65, 95, 58, 85, 55, 88, 89, 63, 74, 71, 103, 62, 81, 76, 112, 88, 95, 69, 57, 98, 61, 74], "succ": [60, 60, 98, 88, 84, 68, 65, 100, 43, 75, 55, 76, 79, 70, 82, 92, 93, 57, 86, 53, 96, 86, 66, 82, 77, 100, 55, 65, 52, 82, 88, 68, 69, 65, 95, 58, 85, 55, 88, 89, 63, 74, 71, 103, 62, 81, 76, 112, 88, 95, 69, 57, 98, 61, 74], "att": [60, 62, 98, 94, 84, 71, 67, 103, 43, 80, 60, 82, 79, 76, 92, 92, 102, 57, 89, 58, 96, 86, 70, 91, 81, 115, 57, 75, 55, 83, 92, 69, 83, 65, 104, 58, 89, 55, 91, 91, 64, 83, 72, 118, 64, 89, 78, 115, 91, 99, 85, 59, 109, 63, 86], "energy": [78.39936658791783, 42.98478567344089, 185.59370494353414, 81.92132105650717, 116.52827587173769, 72.87223641189965, 74.70178845285369, 149.92049844434513, 29.123542757201538, 122.22031389334302, 55.09314575901006, 134.82314023703034, 76.18678224621065, 100.71854255984249, 172.18128603004087, 133.83715476502312, 175.4560789642347, 49.93042650327555, 111.74275274796557, 31.676053795311876, 151.78291841999297, 63.04504769916297, 100.51976378413774, 108.88057525325961, 127.27877729526782, 201.68658420090418, 46.95242208974501, 122.0616059657631, 35.516838709614476, 141.23250352479445, 68.34714585652482, 78.47194571628998, 85.27366414484516, 81.69860668070882, 195.83080303623723, 48.59459371608151, 106.91155054750445, 45.612596672814796, 161.08067241610877, 88.28209275404532, 59.09908478084593, 112.16246047357936, 66.36953300145073, 233.37066600388525, 42.593515763561115, 117.98440424059643, 83.83814768512059, 208.79853704029878, 76.53223665032962, 123.47122156139645, 117.06001225914193, 42.23607923674461, 169.7169522137871, 72.47604833644068, 136.70338321138917], "coverage": [0.3230769230769231, 0.47692307692307695, 0.6230769230769231, 0.6538461538461539, 0.7, 0.7538461538461538, 0.7923076923076923, 0.8692307692307693, 0.8923076923076924, 0.9230769230769231, 0.9230769230769231, 0.9307692307692308, 0.9461538461538461, 0.9538461538461539, 0.9692307692307692, 0.9769230769230769, 0.9769230769230769, 0.9769230769230769, 0.9769230769230769, 0.9769230769230769, 0.9769230769230769, 0.9846153846153847, 0.9846153846153847, 0.9846153846153847, 0.9846153846153847, 0.9846153846153847, 0.9846153846153847, 0.9846153846153847, 0.9846153846153847, 0.9846153846153847, 0.9846153846153847, 0.9846153846153847, 0.9846153846153847, 0.9846153846153847, 0.9846153846153847, 0.9846153846153847, 0.9846153846153847, 0.9846153846153847, 0.9846153846153847, 0.9846153846153847, 0.9846153846153847, 0.9846153846153847, 0.9846153846153847, 0.9923076923076923, 0.9923076923076923, 0.9923076923076923, 0.9923076923076923, 0.9923076923076923, 0.9923076923076923, 1.0, 1.0, 1.0, 1.0, 1.0, 1.0], "staleness": [0.0, 0.23333333333333334, 0.45918367346938777, 0.5795454545454546, 0.75, 1.2058823529411764, 1.0153846153846153, 0.99, 0.8372093023255814, 1.48, 1.6545454545454545, 1.013157894736842, 1.4936708860759493, 2.414285714285714, 1.6341463414634145, 1.3478260869565217, 1.086021505376344, 0.8421052631578947, 1.313953488372093, 1.0943396226415094, 1.1354166666666667, 1.3837209302325582, 1.378787878787879, 1.5, 1.2727272727272727, 1.27, 1.2181818181818183, 1.1692307692307693, 1.4423076923076923, 1.3170731707317074, 1.2613636363636365, 1.5588235294117647, 1.6231884057971016, 1.646153846153846, 1.5789473684210527, 1.5344827586206897, 1.5058823529411764, 2.1272727272727274, 2.1931818181818183, 1.7640449438202248, 1.253968253968254, 1.4189189189189189, 1.352112676056338, 1.3980582524271845, 1.6935483870967742, 1.308641975308642, 1.131578947368421, 1.125, 1.0454545454545454, 1.305263157894737, 1.0579710144927537, 1.8070175438596492, 1.8673469387755102, 1.9344262295081966, 1.7432432432432432], "fail": [0, 2, 0, 6, 0, 3, 2, 3, 0, 5, 5, 6, 0, 6, 10, 0, 9, 0, 3, 5, 0, 0, 4, 9, 4, 15, 2, 10, 3, 1, 4, 1, 14, 0, 9, 0, 4, 0, 3, 2, 1, 9, 1, 15, 2, 8, 2, 3, 3, 4, 16, 2, 11, 2, 12], "recv_per_veh": [28.0, 58.0, 62.0, 93.0, 47.0, 86.0, 65.0, 68.0, 31.0, 71.0, 24.0, 71.0, 69.0, 85.0, 61.0, 34.0, 45.0, 89.0, 33.0, 68.0, 133.0, 51.0, 28.0, 46.0, 28.0, 63.0, 46.0, 99.0, 53.0, 72.0, 78.0, 61.0, 27.0, 56.0, 67.0, 64.0, 29.0, 70.0, 33.0, 42.0, 67.0, 85.0, 79.0, 17.0, 77.0, 55.0, 48.0, 20.0, 82.0, 22.0, 57.0, 67.0, 80.0, 81.0, 43.0, 44.0, 48.0, 38.0, 50.0, 49.0], "first_recv": {"3_2": 0, "4_0": 0, "4_2": 0, "5_1": 0, "6_2": 0, "6_1": 0, "7_1": 0, "7_0": 0, "8_0": 0, "9_1": 0, "11_2": 0, "13_0": 0, "13_2": 0, "13_1": 0, "17_2": 0, "20_2": 0, "20_1": 0, "22_1": 0, "23_2": 0, "27_0": 0, "27_1": 0, "29_0": 0, "29_1": 0, "30_1": 0, "41_0": 0, "41_1": 0, "42_1": 0, "44_2": 0, "44_1": 0, "45_1": 0, "47_1": 0, "49_0": 0, "50_0": 0, "50_1": 0, "51_1": 0, "54_1": 0, "55_1": 0, "55_2": 0, "55_0": 0, "58_2": 0, "58_0": 0, "59_2": 0, "0_0": 1, "16_0": 1, "18_1": 1, "19_0": 1, "19_1": 1, "21_1": 1, "23_0": 1, "24_0": 1, "25_1": 1, "28_1": 1, "32_0": 1, "48_2": 1, "50_2": 1, "51_0": 1, "53_1": 1, "53_2": 1, "53_0": 1, "56_2": 1, "57_1": 1, "59_0": 1, "1_1": 2, "4_1": 2, "7_2": 2, "12_0": 2, "26_2": 2, "33_1": 2, "33_2": 2, "33_0": 2, "34_1": 2, "35_1": 2, "36_1": 2, "38_2": 2, "38_0": 2, "40_0": 2, "40_2": 2, "40_1": 2, "47_0": 2, "52_1": 2, "56_1": 2, "2_0": 3, "14_2": 3, "42_0": 3, "43_0": 3, "5_0": 4, "12_1": 4, "14_0": 4, "15_2": 4, "21_2": 4, "29_2": 4, "6_0": 5, "21_0": 5, "23_1": 5, "26_1": 5, "39_2": 5, "44_0": 5, "59_1": 5, "2_2": 6, "11_1": 6, "22_0": 6, "37_2": 6, "48_1": 6, "19_2": 7, "26_0": 7, "28_2": 7, "28_0": 7, "31_1": 7, "37_1": 7, "46_1": 7, "46_2": 7, "49_1": 7, "54_2": 7, "10_1": 8, "10_2": 8, "39_0": 8, "31_2": 9, "31_0": 9, "35_0": 9, "52_0": 9, "15_0": 11, "9_0": 12, "18_0": 12, "12_2": 13, "17_1": 14, "43_1": 14, "17_0": 15, "38_1": 21, "54_0": 43, "10_0": 49}, "y_queue": [0.07333333333333333, 0.13333333333333333, 0.14833333333333332, 0.19916666666666663, 0.23000000000000004, 0.24083333333333334, 0.2805555555555555, 0.2580555555555556, 0.3077777777777777, 0.3175, 0.3636111111111111, 0.3691666666666666, 0.3625, 0.3863888888888889, 0.37222222222222223, 0.35972222222222217, 0.3611111111111111, 0.39472222222222214, 0.3916666666666666, 0.428611111111111, 0.4194444444444443, 0.40888888888888886, 0.4619444444444443, 0.47083333333333316, 0.4874999999999998, 0.4719444444444442, 0.5111111111111111, 0.5227777777777777, 0.5499999999999998, 0.5652777777777775, 0.544722222222222, 0.5383333333333332, 0.5241666666666664, 0.5216666666666665, 0.4799999999999998, 0.521111111111111, 0.5013888888888888, 0.5438888888888888, 0.5377777777777776, 0.5219444444444442, 0.5641666666666666, 0.5805555555555554, 0.6049999999999999, 0.592222222222222, 0.6055555555555554, 0.6094444444444443, 0.6105555555555554, 0.5877777777777777, 0.5872222222222222, 0.5672222222222222, 0.565, 0.5886111111111109, 0.5530555555555554, 0.5983333333333333, 0.5919444444444444],