{"cfg": {"method": "LRU-Random", "trace": "/Users/ckim48/Downloads/infocomsim/results/traces/trace_med_n60_s1.npz", "seed": 1, "rounds": 55, "r_v2v": 200.0, "cache_encoders": 2, "max_out": 3, "V": 50.0, "use_gat": true}, "hist": {"acc": [0.0982499998062849, 0.1566666663934787, 0.2859499990940094, 0.33325000032782554, 0.3652666655679544, 0.37546666835745174, 0.39073333367705343, 0.4082333341240883, 0.4090333338826895, 0.42826666484276454, 0.44011666625738144, 0.4516000017523766], "acc_round": [1, 5, 10, 15, 20, 25, 30, 35, 40, 45, 50, 55], "recv": [99, 89, 129, 102, 123, 113, 117, 133, 126, 123, 112, 130, 112, 125, 127, 137, 123, 130, 150, 103, 134, 124, 139, 120, 131, 124, 108, 135, 113, 131, 121, 135, 124, 125, 127, 127, 126, 111, 154, 133, 129, 117, 111, 131, 132, 126, 114, 127, 139, 128, 117, 125, 121, 118, 136], "succ": [99, 89, 129, 102, 123, 113, 117, 133, 126, 123, 112, 130, 112, 125, 127, 137, 123, 130, 150, 103, 134, 124, 139, 120, 131, 124, 108, 135, 113, 131, 121, 135, 124, 125, 127, 127, 126, 111, 154, 133, 129, 117, 111, 131, 132, 126, 114, 127, 139, 128, 117, 125, 121, 118, 136], "att": [116, 139, 154, 151, 159, 169, 159, 166, 168, 156, 157, 168, 156, 162, 160, 167, 168, 171, 171, 171, 158, 150, 162, 164, 167, 153, 153, 165, 162, 168, 171, 165, 165, 159, 162, 162, 159, 159, 177, 177, 168, 165, 155, 167, 164, 159, 168, 167, 171, 150, 159, 165, 161, 168, 168], "energy": [201.7825461467721, 214.16346028339694, 301.3431282571946, 209.1155210320866, 278.56895270258667, 337.68021924032934, 290.79002440281823, 264.62448250255545, 314.7326479805824, 297.83149135389334, 249.3391906471225, 342.58620527438364, 278.4027449203288, 351.4553493197677, 310.28539615625397, 324.47517430327343, 307.15930388784045, 306.6189559010644, 313.4540123165811, 243.36180377987793, 298.88863460181983, 237.94301863206437, 302.02635292629884, 270.96566198683064, 329.81446810903753, 280.3664172299548, 237.82130178676587, 355.19625348159406, 234.61848464228564, 292.8996344491544, 262.7592006647592, 263.9086248855318, 274.96939353972306, 317.64077655884626, 298.13467647233796, 257.2232204576493, 285.1028593047731, 262.67468779183605, 327.92272386148, 306.64015322832984, 323.64211468375333, 290.61983468698855, 243.57786543807816, 295.90738168469403, 274.80163885238426, 272.78630276899486, 213.20239994650743, 264.7426336338639, 313.19994493400765, 276.838209902722, 281.9787217955768, 264.6583251588839, 260.41684877404145, 264.9022474712325, 312.99299061320306], "coverage": [0.5, 0.6538461538461539, 0.7846153846153846, 0.8153846153846154, 0.9, 0.9384615384615385, 0.9692307692307692, 0.9769230769230769, 0.9846153846153847, 0.9923076923076923, 0.9923076923076923, 0.9923076923076923, 0.9923076923076923, 0.9923076923076923, 0.9923076923076923, 0.9923076923076923, 0.9923076923076923, 0.9923076923076923, 1.0, 1.0, 1.0, 1.0, 1.0, 1.0, 1.0, 1.0, 1.0, 1.0, 1.0, 1.0, 1.0, 1.0, 1.0, 1.0, 1.0, 1.0, 1.0, 1.0, 1.0, 1.0, 1.0, 1.0, 1.0, 1.0, 1.0, 1.0, 1.0, 1.0, 1.0, 1.0, 1.0, 1.0, 1.0, 1.0, 1.0], "staleness": [0.0, 0.2696629213483146, 0.5891472868217055, 0.9803921568627451, 1.3821138211382114, 1.9469026548672566, 2.376068376068376, 2.8796992481203008, 3.2142857142857144, 3.4634146341463414, 4.089285714285714, 4.2, 4.651785714285714, 5.04, 5.0078740157480315, 5.583941605839416, 6.6016260162601625, 6.023076923076923, 6.4, 7.378640776699029, 6.432835820895522, 5.991935483870968, 5.244604316546763, 5.616666666666666, 5.862595419847328, 6.153225806451613, 6.675925925925926, 7.051851851851852, 7.743362831858407, 7.5038167938931295, 8.305785123966942, 7.2, 7.5, 8.576, 7.7795275590551185, 8.51968503937008, 8.785714285714286, 7.648648648648648, 9.487012987012987, 9.75187969924812, 8.155038759689923, 9.393162393162394, 8.73873873873874, 7.969465648854962, 8.151515151515152, 8.325396825396826, 9.771929824561404, 10.795275590551181, 9.690647482014388, 9.328125, 11.076923076923077, 10.24, 9.84297520661157, 9.983050847457626, 8.639705882352942], "fail": [17, 50, 25, 49, 36, 56, 42, 33, 42, 33, 45, 38, 44, 37, 33, 30, 45, 41, 21, 68, 24, 26, 23, 44, 36, 29, 45, 30, 49, 37, 50, 30, 41, 34, 35, 35, 33, 48, 23, 44, 39, 48, 44, 36, 32, 33, 54, 40, 32, 22, 42, 40, 40, 50, 32], "recv_per_veh": [14.0, 26.0, 73.0, 76.0, 125.0, 50.0, 105.0, 129.0, 18.0, 53.0, 95.0, 89.0, 121.0, 117.0, 53.0, 68.0, 11.0, 100.0, 47.0, 131.0, 92.0, 111.0, 47.0, 102.0, 20.0, 34.0, 100.0, 50.0, 128.0, 109.0, 27.0, 95.0, 16.0, 95.0, 40.0, 42.0, 21.0, 89.0, 78.0, 81.0, 124.0, 53.0, 53.0, 37.0, 115.0, 23.0, 91.0, 28.0, 107.0, 48.0, 78.0, 39.0, 25.0, 132.0, 121.0, 116.0, 79.0, 34.0, 84.0, 159.0], "first_recv": {"3_2": 0, "4_2": 0, "5_0": 0, "6_1": 0, "7_1": 0, "9_0": 0, "9_1": 0, "13_0": 0, "13_2": 0, "13_1": 0, "16_0": 0, "17_2": 0, "17_0": 0, "17_1": 0, "18_1": 0, "19_1": 0, "19_0": 0, "20_2": 0, "21_0": 0, "21_1": 0, "22_0": 0, "23_1": 0, "23_2": 0, "23_0": 0, "26_2": 0, "26_1": 0, "27_0": 0, "28_1": 0, "35_0": 0, "37_2": 0, "37_1": 0, "38_1": 0, "38_2": 0, "38_0": 0, "39_0": 0, "40_2": 0, "41_0": 0, "41_1": 0, "42_0": 0, "42_1": 0, "44_1": 0, "44_2": 0, "45_1": 0, "47_1": 0, "48_2": 0, "49_0": 0, "49_1": 0, "50_0": 0, "51_1": 0, "52_0": 0, "53_1": 0, "53_0": 0, "53_2": 0, "54_2": 0, "55_0": 0, "55_1": 0, "55_2": 0, "56_1": 0, "56_2": 0, "57_1": 0, "58_2": 0, "58_0": 0, "59_0": 0, "59_2": 0, "59_1": 0, "0_0": 1, "1_1": 1, "4_0": 1, "6_2": 1, "6_0": 1, "11_2": 1, "11_1": 1, "12_1": 1, "19_2": 1, "24_0": 1, "28_2": 1, "29_1": 1, "30_1": 1, "40_1": 1, "47_0": 1, "48_1": 1, "50_1": 1, "50_2": 1, "51_0": 1, "54_1": 1, "2_0": 2, "4_1": 2, "7_2": 2, "12_0": 2, "14_0": 2, "25_1": 2, "27_1": 2, "29_2": 2, "33_0": 2, "33_1": 2, "33_2": 2, "34_1": 2, "35_1": 2, "39_2": 2, "40_0": 2, "43_0": 2, "52_1": 2, "8_0": 3, "10_1": 3, "10_0": 3, "54_0": 3, "2_2": 4, "7_0": 4, "21_2": 4, "26_0": 4, "28_0": 4, "31_1": 4, "36_1": 4, "43_1": 4, "44_0": 4, "46_2": 4, "46_1": 4, "10_2": 5, "15_2": 5, "15_0": 5, "22_1": 5, "31_2": 5, "5_1": 6, "12_2": 6, "14_2": 6, "18_0": 6, "31_0": 7, "20_1": 8, "29_0": 9, "32_0": 18}, "y_queue": [], "z_queue": [], "acc_per_veh": [0.5690000057220459, 0.4129999876022339, 0.41100001335144043, 0.18299999833106995, 0.421999990940094, 0.37400001287460327, 0.5799999833106995, 0.3889999985694885, 0.48100000619888306, 0.49900001287460327, 0.6169999837875366, 0.492000013589859, 0.38499999046325684, 0.3709999918937683, 0.4000000059604645, 0.40700000524520874, 0.4390000104904175, 0.34200000762939453, 0.546999990940094, 0.4740000069141388, 0.375, 0.4690000116825104, 0.5619999766349792, 0.4699999988079071, 0.39100000262260437, 0.4449999928474426, 0.47099998593330383, 0.5580000281333923, 0.6370000243186951, 0.6060000061988831, 0.5099999904632568, 0.43700000643730164, 0.4399999976158142, 0.3970000147819519, 0.3869999945163727, 0.44699999690055847, 0.32100000977516174, 0.4650000035762787, 0.5320000052452087, 0.3700000047683716, 0.45100000500679016, 0.41999998688697815, 0.4580000042915344, 0.5180000066757202, 0.4009999930858612, 0.5, 0.40799999237060547, 0.33500000834465027, 0.5920000076293945, 0.3310000002384186, 0.5, 0.3540000021457672, 0.3449999988079071, 0.5590000152587891, 0.3930000066757202, 0.49399998784065247, 0.5070000290870667, 0.4970000088214874, 0.4050000011920929, 0.5429999828338623], "veh_meta": [{"mods": [0], "D": {"0": 900}, "Q": {"0": 0.9296273342569894}}, {"mods": [1], "D": {"1": 205}, "Q": {"1": 0.5332603873270162}}, {"mods": [0, 2], "D": {"0": 160, "2": 280}, "Q": {"0": 0.9551798633198361, "2": 0.8836897573943958}}, {"mods": [2], "D": {"2": 60}, "Q": {"2": 0.8036362253500965}}, {"mods": [0, 1, 2], "D": {"0": 399, "1": 685, "2": 410}, "Q": {"0": 0.934215372322613, "1": 0.8256628651307353, "2": 0.8788927905803693}}, {"mods": [0, 1], "D": {"0": 81, "1": 34}, "Q": {"0": 0.8081698892786238, "1": 0.8063234640631504}}, {"mods": [0, 1, 2], "D": {"0": 847, "1": 439, "2": 319}, "Q": {"0": 0.38925879901530147, "1": 0.47256585286563746, "2": 0.3197180008106804}}, {"mods": [0, 1, 2], "D": {"0": 158, "1": 211, "2": 225},