{"cfg": {"method": "RECD", "trace": "/Users/ckim48/Downloads/infocomsim/results/traces/trace_med_n60_s1.npz", "seed": 1, "rounds": 55, "r_v2v": 200.0, "cache_encoders": 6, "max_out": 3, "V": 50.0, "use_gat": true}, "hist": {"acc": [0.09994999977449576, 0.16538333209852377, 0.2829999995728334, 0.3323833319048087, 0.36056666721900305, 0.380199999610583, 0.38773333430290224, 0.4044333338737488, 0.41815000077088677, 0.4322499980529149, 0.4367666651805242, 0.4444833308458328], "acc_round": [1, 5, 10, 15, 20, 25, 30, 35, 40, 45, 50, 55], "recv": [60, 66, 80, 94, 71, 70, 71, 89, 45, 89, 58, 86, 66, 67, 68, 71, 92, 49, 69, 46, 89, 76, 65, 77, 56, 88, 46, 85, 60, 87, 73, 66, 58, 54, 96, 52, 64, 49, 103, 83, 63, 79, 51, 95, 49, 84, 62, 87, 73, 77, 65, 50, 85, 63, 84], "succ": [60, 66, 80, 94, 71, 70, 71, 89, 45, 89, 58, 86, 66, 67, 68, 71, 92, 49, 69, 46, 89, 76, 65, 77, 56, 88, 46, 85, 60, 87, 73, 66, 58, 54, 96, 52, 64, 49, 103, 83, 63, 79, 51, 95, 49, 84, 62, 87, 73, 77, 65, 50, 85, 63, 84], "att": [60, 67, 82, 97, 73, 73, 73, 89, 45, 89, 68, 88, 72, 68, 76, 73, 108, 50, 80, 46, 89, 81, 65, 88, 60, 98, 46, 85, 62, 87, 73, 68, 60, 54, 104, 52, 67, 49, 103, 88, 63, 87, 52, 107, 50, 88, 64, 87, 78, 77, 67, 50, 91, 64, 84], "energy": [69.4646761767602, 47.060492422019365, 100.81326143643305, 73.60618011190553, 89.50386320596577, 80.38608750192179, 59.00750083701721, 101.43309876597553, 35.87641475829361, 113.58054060362953, 66.61816124760193, 152.79734278781734, 64.55147468914979, 104.77667208112517, 106.08660794570602, 85.38570355785053, 192.40190575537244, 33.66928984538125, 117.32227457312791, 31.43464502335773, 108.30405715487022, 73.07723861363598, 75.68657832663538, 95.6346091702095, 81.48027984511023, 193.5553761511325, 38.43625533990601, 101.42727735074435, 42.55076819718293, 136.38378799127207, 59.434161077864495, 74.675703902412, 40.490203683042544, 42.579193962706526, 188.00215819131523, 31.73220963238908, 99.6084744920524, 33.010570848276096, 221.78651530201975, 81.10726529886578, 59.621431179969015, 109.84772244688342, 37.97183388954577, 203.927765889071, 35.32415492968096, 84.21824669570034, 52.40131860313803, 166.81337470127283, 72.718391392288, 88.57089848017242, 70.64785951909694, 38.47469491395318, 139.9122353961391, 56.532319186597206, 99.56781591750168], "coverage": [0.3153846153846154, 0.4846153846153846, 0.6538461538461539, 0.7076923076923077, 0.7615384615384615, 0.8, 0.8, 0.8538461538461538, 0.8692307692307693, 0.9, 0.9076923076923077, 0.9307692307692308, 0.9538461538461539, 0.9615384615384616, 0.9692307692307692, 0.9846153846153847, 0.9846153846153847, 0.9846153846153847, 0.9846153846153847, 0.9846153846153847, 1.0, 1.0, 1.0, 1.0, 1.0, 1.0, 1.0, 1.0, 1.0, 1.0, 1.0, 1.0, 1.0, 1.0, 1.0, 1.0, 1.0, 1.0, 1.0, 1.0, 1.0, 1.0, 1.0, 1.0, 1.0, 1.0, 1.0, 1.0, 1.0, 1.0, 1.0, 1.0, 1.0, 1.0, 1.0], "staleness": [0.0, 0.15151515151515152, 0.425, 0.5106382978723404, 0.5774647887323944, 1.2857142857142858, 1.4647887323943662, 1.3146067415730338, 1.511111111111111, 1.3258426966292134, 1.6896551724137931, 1.8255813953488371, 1.2424242424242424, 1.0746268656716418, 2.0441176470588234, 1.8028169014084507, 1.6195652173913044, 0.8571428571428571, 1.5507246376811594, 2.5652173913043477, 1.8876404494382022, 2.0657894736842106, 1.6307692307692307, 1.7402597402597402, 1.25, 1.6818181818181819, 1.565217391304348, 1.4941176470588236, 1.4, 1.3793103448275863, 1.3150684931506849, 1.4696969696969697, 1.293103448275862, 1.6851851851851851, 1.4895833333333333, 1.8846153846153846, 1.546875, 1.3061224489795917, 1.5145631067961165, 1.3373493975903614, 1.0952380952380953, 0.810126582278481, 1.1372549019607843, 1.5263157894736843, 1.3877551020408163, 1.5, 1.403225806451613, 1.3908045977011494, 1.356164383561644, 1.4545454545454546, 1.2307692307692308, 1.48, 1.2, 1.6666666666666667, 1.880952380952381], "fail": [0, 1, 2, 3, 2, 3, 2, 0, 0, 0, 10, 2, 6, 1, 8, 2, 16, 1, 11, 0, 0, 5, 0, 11, 4, 10, 0, 0, 2, 0, 0, 2, 2, 0, 8, 0, 3, 0, 0, 5, 0, 8, 1, 12, 1, 4, 2, 0, 5, 0, 2, 0, 6, 1, 0], "recv_per_veh": [13.0, 67.0, 45.0, 71.0, 65.0, 80.0, 78.0, 72.0, 21.0, 62.0, 43.0, 95.0, 42.0, 77.0, 48.0, 33.0, 61.0, 76.0, 40.0, 73.0, 79.0, 45.0, 37.0, 43.0, 43.0, 74.0, 47.0, 82.0, 54.0, 54.0, 33.0, 57.0, 38.0, 43.0, 82.0, 38.0, 53.0, 40.0, 35.0, 50.0, 59.0, 37.0, 61.0, 42.0, 69.0, 36.0, 55.0, 31.0, 89.0, 30.0, 48.0, 68.0, 27.0, 76.0, 65.0, 59.0, 35.0, 53.0, 37.0, 46.0], "first_recv": {"4_0": 0, "4_2": 0, "4_1": 0, "5_1": 0, "5_0": 0, "6_1": 0, "6_0": 0, "6_2": 0, "8_0": 0, "9_1": 0, "9_0": 0, "13_0": 0, "13_2": 0, "13_1": 0, "14_2": 0, "16_0": 0, "17_2": 0, "22_1": 0, "24_0": 0, "27_0": 0, "27_1": 0, "28_1": 0, "29_0": 0, "29_1": 0, "30_1": 0, "34_1": 0, "36_1": 0, "41_1": 0, "41_0": 0, "42_1": 0, "44_2": 0, "45_1": 0, "47_1": 0, "47_0": 0, "49_0": 0, "49_1": 0, "50_0": 0, "55_1": 0, "55_2": 0, "55_0": 0, "59_2": 0, "0_0": 1, "11_2": 1, "11_1": 1, "14_0": 1, "18_1": 1, "19_0": 1, "21_1": 1, "23_0": 1, "29_2": 1, "32_0": 1, "37_1": 1, "37_2": 1, "44_1": 1, "48_2": 1, "51_0": 1, "53_1": 1, "53_2": 1, "53_0": 1, "56_2": 1, "56_1": 1, "58_0": 1, "59_0": 1, "1_1": 2, "3_2": 2, "7_1": 2, "12_0": 2, "20_1": 2, "25_1": 2, "33_1": 2, "33_2": 2, "33_0": 2, "35_1": 2, "38_2": 2, "38_0": 2, "39_2": 2, "40_0": 2, "40_2": 2, "40_1": 2, "48_1": 2, "51_1": 2, "52_1": 2, "54_1": 2, "54_0": 2, "58_2": 2, "2_0": 3, "23_2": 3, "26_2": 3, "35_0": 3, "39_0": 3, "42_0": 3, "43_0": 3, "7_0": 4, "19_1": 4, "20_2": 4, "21_2": 4, "50_2": 4, "57_1": 4, "59_1": 4, "10_2": 5, "15_2": 5, "18_0": 5, "23_1": 5, "54_2": 5, "7_2": 7, "19_2": 7, "26_1": 7, "26_0": 7, "28_0": 7, "46_1": 7, "46_2": 7, "2_2": 8, "28_2": 8, "12_2": 9, "22_0": 9, "31_2": 9, "52_0": 9, "10_1": 10, "38_1": 11, "43_1": 11, "50_1": 11, "15_0": 12, "31_1": 12, "31_0": 12, "12_1": 13, "17_1": 14, "17_0": 15, "21_0": 15, "10_0": 20, "44_0": 20}, "y_queue": [0.07416666666666667, 0.13166666666666668, 0.14583333333333334, 0.18083333333333332, 0.21999999999999997, 0.2458333333333333, 0.27666666666666667, 0.2894444444444444, 0.34194444444444444, 0.3269444444444443, 0.3575, 0.3380555555555555, 0.36222222222222217, 0.36027777777777775, 0.3638888888888889, 0.35, 0.33583333333333326, 0.37916666666666665, 0.4024999999999999, 0.45249999999999996, 0.38444444444444437, 0.39249999999999985, 0.4252777777777777, 0.44666666666666655, 0.4783333333333333, 0.4752777777777777, 0.5247222222222222, 0.4949999999999999, 0.4952777777777776, 0.497222222222222, 0.4994444444444443, 0.5216666666666665, 0.5338888888888887, 0.5636111111111108, 0.5277777777777776, 0.5494444444444443, 0.5555555555555554, 0.6011111111111109, 0.5666666666666664, 0.5377777777777776, 0.5716666666666664, 0.5755555555555554, 0.5969444444444443, 0.5233333333333331, 0.5647222222222219, 0.5586111111111107, 0.538333333333333, 0.49472222222222195, 0.5058333333333331, 0.5099999999999998, 0.5291666666666665, 0.5830555555555553, 0.5277777777777776, 0.546111111111111, 0.5136111111111109],