{"cfg": {"method": "Mobility-Greedy", "trace": "/Users/ckim48/Downloads/infocomsim/results/traces/trace_med_n30_s1.npz", "seed": 1, "rounds": 55, "r_v2v": 200.0, "cache_encoders": 4, "max_out": 3, "V": 50.0, "use_gat": true, "dataset": "fmnist", "phi_agg": 0.0}, "hist": {"acc": [0.09890000000596047, 0.1587666667997837, 0.287466665605704, 0.32703333521882694, 0.3509000000854333, 0.3745999991893768, 0.39320000012715656, 0.39590000162522, 0.4108999987443288, 0.428533332546552, 0.43619999786218006, 0.44316666622956596], "acc_round": [1, 5, 10, 15, 20, 25, 30, 35, 40, 45, 50, 55], "recv": [42, 34, 58, 48, 39, 52, 43, 51, 54, 56, 56, 51, 47, 47, 30, 43, 48, 38, 48, 43, 43, 36, 51, 47, 39, 51, 48, 53, 38, 41, 46, 45, 49, 55, 55, 57, 63, 48, 62, 50, 60, 53, 49, 51, 37, 47, 35, 36, 40, 41, 45, 41, 38, 29, 37], "succ": [42, 34, 58, 48, 39, 52, 43, 51, 54, 56, 56, 51, 47, 47, 30, 43, 48, 38, 48, 43, 43, 36, 51, 47, 39, 51, 48, 53, 38, 41, 46, 45, 49, 55, 55, 57, 63, 48, 62, 50, 60, 53, 49, 51, 37, 47, 35, 36, 40, 41, 45, 41, 38, 29, 37], "att": [42, 40, 60, 55, 48, 54, 45, 60, 56, 56, 58, 55, 48, 51, 46, 45, 52, 45, 54, 54, 43, 38, 52, 54, 45, 57, 53, 57, 45, 43, 46, 48, 61, 59, 64, 60, 71, 58, 69, 57, 64, 63, 49, 62, 41, 50, 38, 36, 44, 46, 56, 41, 40, 30, 41], "energy": [80.77705138262901, 61.68148350725628, 97.83468086462736, 79.44872158345004, 82.98966460057723, 97.57232149968017, 67.26003823229662, 104.18352809421948, 91.12785748002533, 107.81110398620595, 79.53302973123957, 122.58396817577213, 114.78180805333764, 96.54196807375966, 95.6112608484954, 58.60798876169366, 80.83399163160452, 98.19703978872313, 154.08037314906204, 102.3303547634373, 80.35607931459387, 49.46011789180329, 150.72156251243422, 124.15688836628641, 81.19207164603085, 124.73352700673185, 81.1223863986325, 115.98232790315619, 65.38984716229871, 71.91805532586417, 78.34280238970318, 113.20569792753089, 113.46267500009861, 84.73930594136112, 107.10969884788992, 94.91437921559789, 201.15444822822687, 114.10527867306558, 157.86381111267124, 104.36298654802349, 129.83570506537976, 114.87291953421271, 77.17225445404203, 139.32584602372813, 75.2053034191164, 107.70844129058247, 50.65503883143879, 41.85372157535004, 75.23491628004581, 75.42813203765023, 99.94852954782647, 53.9591533028319, 65.72279707801007, 34.9227631903757, 87.53310211492493], "coverage": [0.5230769230769231, 0.5384615384615384, 0.7076923076923077, 0.7230769230769231, 0.7692307692307693, 0.8769230769230769, 0.9076923076923077, 0.9384615384615385, 0.9384615384615385, 0.9538461538461539, 0.9538461538461539, 0.9538461538461539, 0.9692307692307692, 0.9692307692307692, 0.9692307692307692, 0.9692307692307692, 0.9692307692307692, 0.9692307692307692, 0.9692307692307692, 0.9846153846153847, 0.9846153846153847, 0.9846153846153847, 0.9846153846153847, 1.0, 1.0, 1.0, 1.0, 1.0, 1.0, 1.0, 1.0, 1.0, 1.0, 1.0, 1.0, 1.0, 1.0, 1.0, 1.0, 1.0, 1.0, 1.0, 1.0, 1.0, 1.0, 1.0, 1.0, 1.0, 1.0, 1.0, 1.0, 1.0, 1.0, 1.0, 1.0], "staleness": [0.0, 0.20588235294117646, 0.3620689655172414, 0.5416666666666666, 0.7948717948717948, 0.7884615384615384, 0.8372093023255814, 1.0980392156862746, 1.2222222222222223, 1.1785714285714286, 0.875, 1.196078431372549, 0.8723404255319149, 1.702127659574468, 1.6666666666666667, 1.558139534883721, 1.2708333333333333, 1.0789473684210527, 1.5416666666666667, 1.2093023255813953, 0.9069767441860465, 1.2222222222222223, 1.0196078431372548, 1.0425531914893618, 1.4102564102564104, 1.8627450980392157, 1.3541666666666667, 1.2075471698113207, 1.1842105263157894, 1.2195121951219512, 1.6956521739130435, 1.488888888888889, 1.183673469387755, 1.4181818181818182, 1.5636363636363637, 1.4210526315789473, 1.4285714285714286, 0.9375, 1.0, 1.14, 1.6, 1.0377358490566038, 1.163265306122449, 1.5294117647058822, 1.2972972972972974, 1.2340425531914894, 1.4857142857142858, 1.6111111111111112, 1.55, 1.1951219512195121, 1.1777777777777778, 1.3658536585365855, 1.1578947368421053, 1.0344827586206897, 1.027027027027027], "fail": [0, 6, 2, 7, 9, 2, 2, 9, 2, 0, 2, 4, 1, 4, 16, 2, 4, 7, 6, 11, 0, 2, 1, 7, 6, 6, 5, 4, 7, 2, 0, 3, 12, 4, 9, 3, 8, 10, 7, 7, 4, 10, 0, 11, 4, 3, 3, 0, 4, 5, 11, 0, 2, 1, 4], "recv_per_veh": [73.0, 99.0, 59.0, 88.0, 68.0, 32.0, 78.0, 58.0, 107.0, 61.0, 48.0, 150.0, 79.0, 48.0, 66.0, 104.0, 97.0, 95.0, 74.0, 55.0, 77.0, 39.0, 46.0, 89.0, 83.0, 51.0, 74.0, 93.0, 97.0, 78.0], "first_recv": {"0_0": 0, "0_2": 0, "1_1": 0, "1_2": 0, "3_0": 0, "3_2": 0, "4_2": 0, "6_0": 0, "6_1": 0, "6_2": 0, "7_2": 0, "8_0": 0, "11_1": 0, "11_2": 0, "12_2": 0, "13_0": 0, "14_2": 0, "16_1": 0, "16_2": 0, "16_0": 0, "18_2": 0, "20_2": 0, "23_1": 0, "24_0": 0, "24_2": 0, "25_1": 0, "25_0": 0, "26_2": 0, "27_1": 0, "27_0": 0, "28_0": 0, "28_2": 0, "29_0": 0, "29_1": 0, "9_2": 1, "2_2": 2, "10_1": 2, "10_2": 2, "14_1": 2, "15_2": 2, "17_2": 2, "18_1": 2, "19_0": 2, "21_0": 2, "24_1": 2, "27_2": 2, "23_2": 3, "8_2": 4, "15_0": 4, "17_1": 4, "5_1": 5, "8_1": 5, "9_1": 5, "15_1": 5, "17_0": 5, "18_0": 5, "21_1": 5, "7_1": 6, "10_0": 6, "22_2": 7, "22_1": 7, "20_0": 9, "22_0": 12, "9_0": 19, "12_1": 23}, "y_queue": [], "z_queue": [], "acc_per_veh": [0.4350000023841858, 0.47200000286102295, 0.3700000047683716, 0.4099999964237213, 0.3230000138282776, 0.37299999594688416, 0.4959999918937683, 0.414000004529953, 0.6069999933242798, 0.4869999885559082, 0.45899999141693115, 0.41999998688697815, 0.3230000138282776, 0.45100000500679016, 0.45399999618530273, 0.5490000247955322, 0.46299999952316284, 0.4950000047683716, 0.38999998569488525, 0.4090000092983246, 0.49399998784065247, 0.5410000085830688, 0.4099999964237213, 0.4480000138282776, 0.4449999928474426, 0.4359999895095825, 0.4399999976158142, 0.39899998903274536, 0.4059999883174896, 0.47600001096725464], "veh_meta": [{"mods": [0, 2], "D": {"0": 514, "2": 798}, "Q": {"0": 0.8276859578168199, "2": 0.49476853410702387}}, {"mods": [1, 2], "D": {"1": 219, "2": 254}, "Q": {"1": 0.9601031393520297, "2": 0.8034759204422484}}, {"mods": [2], "D": {"2": 282}, "Q": {"2": 0.873393629309519}}, {"mods": [0, 2], "D": {"0": 33, "2": 36}, "Q": {"0": 0.9660434164087256, "2": 0.4656913895495027}}, {"mods": [2], "D": {"2": 189}, "Q": {"2": 0.8633876873043712}}, {"mods": [1], "D": {"1": 63}, "Q": {"1": 0.31329888969278097}}, {"mods": [0, 1, 2], "D": {"0": 786, "1": 546, "2": 1083}, "Q": {"0": 0.9469480776321255, "1": 0.9608684968126827, "2": 0.9309761565234789}}, {"mods": [1, 2], "D": {"1": 65, "2": 191}, "Q": {"1": 0.8352258552643103, "2": 0.9812241184927963}}, {"mods": [0, 1, 2], "D": {"0": 202, "1": 309, "2": 500}, "Q": {"0": 0.9382879532587274, "1": 0.9363417339040179, "2": 0.9472337052856812}}, {"mods": [0, 1, 2], "D": {"0": 245, "1": 160, "2": 47}, "Q": {"0": 0.9723055277501328, "1": 0.9112070068854516, "2": 0.9772818950648529}}, {"mods": [0, 1, 2], "D": {"0": 910, "1": 779, "2": 869}, "Q": {"0": 0.8980587614567556, "1": 0.35844664272040566, "2": 0.8330542816678924}}, {"mods": [1, 2], "D": {"1": 77, "2": 81}, "Q": {"1": 0.9113141207653813, "2": 0.33623887563817606}}, {"mods": [1, 2], "D": {"1": 280, "2": 23}, "Q": {"1": 0.8307646415830638, "2": 0.4574166281766623}}, {"mods": [0], "D": {"0": 104}, "Q": {"0": 0.2553248144714653}}, {"mods": [1, 2], "D": {"1": 300, "2": 476}, "Q": {"1": 0.8451593965215521, "2": 0.9574994940789158}}, {"mods": [0, 1, 2], "D": {"0": 60, "1": 161, "2": 209}, "Q": {"0": 0.47241501029848726, "1": 0.3151767767029149, "2": 0.41308073979007626}}, {"mods": [0, 1, 2], "D": {"0": 367, "1": 93, "2": 173}, "Q": {"0": 0.814509547790664, "1": 0.36168621199514905, "2": 0.8395496544855615}}, {"mods": [0, 1, 2], "D": {"0": 233, "1": 90, "2": 175}, "Q": {"0": 0.8419340584695549, "1": 0.3050535321994561, "2": 0.45744203558142266}}, {"mods": [0, 1, 2], "D": {"0": 235, "1": 369, "2": 343}, "Q": {"0": 0.9339632786184567, "1": 0.4324379441184276, "2": 0.997314792411335}}, {"mods": [0], "D": {"0": 434}, "Q": {"0": 0.9422979892376122}}, {"mods": [0, 2], "D": {"0": 195, "2": 136}, "Q": {"0": 0.9114829337739504,