{"cfg": {"method": "RECD", "trace": "/Users/ckim48/Downloads/infocomsim/results/traces/trace_med_n30_s1.npz", "seed": 1, "rounds": 55, "r_v2v": 200.0, "cache_encoders": 4, "max_out": 3, "V": 50.0, "use_gat": true, "dataset": "fmnist"}, "hist": {"acc": [0.09890000000596047, 0.17053333322207134, 0.28359999880194664, 0.34206666698058447, 0.36493333131074907, 0.3848999987045924, 0.40456666350364684, 0.40460000187158585, 0.4189999987681707, 0.44099999964237213, 0.4497999986012777, 0.44993333717187245], "acc_round": [1, 5, 10, 15, 20, 25, 30, 35, 40, 45, 50, 55], "recv": [21, 24, 38, 35, 19, 27, 25, 48, 28, 30, 21, 41, 32, 21, 19, 32, 34, 31, 33, 23, 31, 35, 22, 31, 35, 43, 24, 38, 17, 32, 36, 25, 32, 32, 62, 21, 42, 18, 54, 36, 27, 39, 28, 48, 26, 27, 21, 31, 33, 21, 25, 28, 31, 20, 28], "succ": [21, 24, 38, 35, 19, 27, 25, 48, 28, 30, 21, 41, 32, 21, 19, 32, 34, 31, 33, 23, 31, 35, 22, 31, 35, 43, 24, 38, 17, 32, 36, 25, 32, 32, 62, 21, 42, 18, 54, 36, 27, 39, 28, 48, 26, 27, 21, 31, 33, 21, 25, 28, 31, 20, 28], "att": [21, 24, 38, 38, 19, 27, 27, 50, 29, 30, 26, 43, 32, 23, 30, 32, 34, 33, 33, 24, 31, 35, 22, 32, 36, 46, 24, 39, 18, 32, 36, 28, 37, 32, 65, 21, 42, 18, 54, 36, 27, 39, 28, 51, 26, 31, 22, 31, 35, 21, 28, 28, 32, 22, 28], "energy": [20.63492954163703, 25.38191294983227, 36.6656718593964, 23.42157066323525, 10.609378491839564, 23.967099919883374, 16.171597991328227, 59.93312823340325, 19.242871455443858, 34.48246802016216, 20.665516093707474, 78.49426173511327, 26.33842315752575, 17.926890739086517, 47.18485408193621, 25.957245677672194, 32.43518054052164, 29.27225239913392, 27.504058214832227, 18.02776266011618, 39.602551458786465, 30.698402560300803, 15.397330781457121, 25.204057970189684, 30.17456590010897, 72.84081455479385, 12.227139737123007, 52.67001903251244, 9.86071907418478, 27.903222979392467, 29.133060978827256, 37.768792273402624, 41.2249947457766, 30.038571164875286, 101.37026863171194, 9.790031800667505, 74.40214950892789, 12.216987052513835, 115.28482938450091, 26.642798481995047, 24.197219270725007, 27.752298857251265, 26.104131654140573, 83.24859084554133, 14.843787202025702, 38.200109736045114, 11.826895703666132, 33.71070214258195, 29.177221753117724, 16.850235415628575, 29.474074073675194, 15.255527073314315, 51.52789020843733, 14.856340604254854, 37.63023223815278], "coverage": [0.26153846153846155, 0.46153846153846156, 0.5538461538461539, 0.5846153846153846, 0.5846153846153846, 0.6, 0.6307692307692307, 0.7846153846153846, 0.8153846153846154, 0.8461538461538461, 0.8461538461538461, 0.8615384615384616, 0.8615384615384616, 0.8615384615384616, 0.8615384615384616, 0.8923076923076924, 0.9076923076923077, 0.9076923076923077, 0.9230769230769231, 0.9230769230769231, 0.9230769230769231, 0.9230769230769231, 0.9230769230769231, 0.9384615384615385, 0.9538461538461539, 0.9538461538461539, 0.9538461538461539, 0.9692307692307692, 0.9692307692307692, 0.9692307692307692, 0.9692307692307692, 0.9692307692307692, 0.9692307692307692, 0.9692307692307692, 1.0, 1.0, 1.0, 1.0, 1.0, 1.0, 1.0, 1.0, 1.0, 1.0, 1.0, 1.0, 1.0, 1.0, 1.0, 1.0, 1.0, 1.0, 1.0, 1.0, 1.0], "staleness": [0.0, 0.041666666666666664, 0.15789473684210525, 0.2571428571428571, 1.0, 0.5185185185185185, 0.92, 1.1666666666666667, 1.0357142857142858, 1.4, 1.4761904761904763, 1.3170731707317074, 1.28125, 0.5714285714285714, 0.8421052631578947, 1.5, 1.6176470588235294, 1.2580645161290323, 2.5757575757575757, 1.9130434782608696, 2.0, 2.0285714285714285, 1.5909090909090908, 2.064516129032258, 2.085714285714286, 2.372093023255814, 1.25, 1.131578947368421, 1.8823529411764706, 1.625, 1.5555555555555556, 1.96, 1.8125, 1.34375, 1.967741935483871, 0.5714285714285714, 1.619047619047619, 1.6111111111111112, 1.3703703703703705, 2.25, 1.8148148148148149, 1.3076923076923077, 1.8571428571428572, 2.2916666666666665, 1.6923076923076923, 0.7777777777777778, 2.7142857142857144, 2.2580645161290325, 1.7878787878787878, 1.7142857142857142, 1.08, 1.5714285714285714, 2.6451612903225805, 2.2, 2.25], "fail": [0, 0, 0, 3, 0, 0, 2, 2, 1, 0, 5, 2, 0, 2, 11, 0, 0, 2, 0, 1, 0, 0, 0, 1, 1, 3, 0, 1, 1, 0, 0, 3, 5, 0, 3, 0, 0, 0, 0, 0, 0, 0, 0, 3, 0, 4, 1, 0, 2, 0, 3, 0, 1, 2, 0], "recv_per_veh": [31.0, 86.0, 40.0, 45.0, 46.0, 17.0, 48.0, 37.0, 53.0, 41.0, 26.0, 113.0, 54.0, 24.0, 48.0, 42.0, 54.0, 49.0, 41.0, 32.0, 60.0, 26.0, 28.0, 54.0, 51.0, 25.0, 53.0, 49.0, 68.0, 31.0], "first_recv": {"0_0": 0, "0_2": 0, "1_1": 0, "1_2": 0, "3_0": 0, "3_2": 0, "4_2": 0, "6_1": 0, "6_2": 0, "11_1": 0, "11_2": 0, "12_2": 0, "14_2": 0, "18_2": 0, "24_0": 0, "26_2": 0, "27_2": 0, "7_2": 1, "8_2": 1, "8_0": 1, "9_2": 1, "16_1": 1, "20_2": 1, "24_2": 1, "25_1": 1, "25_0": 1, "27_0": 1, "27_1": 1, "28_2": 1, "28_0": 1, "2_2": 2, "6_0": 2, "14_1": 2, "19_0": 2, "21_0": 2, "24_1": 2, "23_1": 3, "23_2": 3, "16_2": 5, "10_0": 6, "17_1": 6, "5_1": 7, "7_1": 7, "10_2": 7, "15_0": 7, "15_1": 7, "15_2": 7, "17_2": 7, "18_0": 7, "18_1": 7, "21_1": 7, "8_1": 8, "22_2": 8, "10_1": 9, "20_0": 9, "29_1": 11, "13_0": 15, "16_0": 15, "17_0": 16, "9_1": 18, "12_1": 23, "9_0": 24, "29_0": 27, "22_1": 34, "22_0": 34}, "y_queue": [0.08, 0.13, 0.16333333333333333, 0.21166666666666667, 0.2983333333333333, 0.36, 0.4177777777777777, 0.32500000000000007, 0.37, 0.3961111111111111, 0.46888888888888886, 0.44333333333333325, 0.4755555555555555, 0.5238888888888888, 0.5566666666666666, 0.506111111111111, 0.5294444444444444, 0.5572222222222222, 0.586111111111111, 0.6349999999999999, 0.6277777777777775, 0.6649999999999998, 0.6972222222222221, 0.6911111111111109, 0.698333333333333, 0.6638888888888888, 0.7149999999999997, 0.6627777777777776, 0.7227777777777776, 0.6277777777777777, 0.6133333333333332, 0.6416666666666665, 0.6577777777777776, 0.6988888888888887, 0.6027777777777776, 0.6577777777777777, 0.6261111111111108, 0.6527777777777776, 0.5605555555555555, 0.5433333333333331, 0.5666666666666665, 0.5966666666666665, 0.6133333333333332, 0.5627777777777775, 0.5944444444444442, 0.642222222222222, 0.7038888888888888, 0.6872222222222221, 0.7027777777777775, 0.7527777777777777, 0.7711111111111109, 0.7855555555555552, 0.7683333333333331, 0.7999999999999997, 0.7783333333333331], "z_queue": [0.09315458951774434, 0.28172478824014957, 0.3276004003638607, 0.16965426171976716, 0.0, 0.06928156953662551, 0.013269531327196467, 0.5449601359197315, 0.1349109371979434, 0.18774353860469362, 0.1328192456985495, 1.347894291324327, 0.9059100360299281, 0.45618113984227265, 0.7931164153792867, 0.4904384662291311, 0.4485413492458594, 0.32303404606630287, 0.1408579950137261, 0.05591919375007926, 0.6006396371932357, 0.6647015963054818, 0.3675237769595669, 0.34728712674428563, 0.24428911009500404, 1.0539522316253478, 0.3406002530967601, 0.7888866769556583, 0.3083897361805531, 0.19274588650926047, 0.09809511757831896, 0.37437935489904745, 0.4268146859967587, 0.29926753684623175, 1.640537370522817, 0.59741385876187, 1.4120341305946897, 0.7244015170167107, 2.663433766032775, 1.8067509112038465, 1.3417938827191092, 0.901592716624967, 0.37403089236968967, 1.485372711304754, 0.8781140860669422, 0.9783611786896025, 0.6159140407053608, 0.6716612669449528, 0.35998033219411424, 0.03458911246756856, 0.15035305515760808, 0.0036586748577320805, 0.783129036083923, 0.37821373807610936, 0.689792832627364], "acc_per_veh": [0.4350000023841858, 0.5180000066757202, 0.39800000190734863, 0.31200000643730164, 0.34299999475479126, 0.414000004529953, 0.5080000162124634, 0.41600000858306885, 0.5979999899864197, 0.4959999918937683, 0.4830000102519989, 0.3630000054836273, 0.3970000147819519, 0.42500001192092896, 0.5170000195503235, 0.5759999752044678, 0.35600000619888306, 0.5210000276565552, 0.41200000047683716, 0.48500001430511475, 0.5230000019073486, 0.5320000052452087, 0.4650000035762787, 0.37599998712539673, 0.4410000145435333, 0.382999986410141, 0.5080000162124634, 0.4259999990463257, 0.41499999165534973, 0.4560000002384186], "veh_meta": [{"mods": [0, 2], "D": {"0": 514, "2": 798}, "Q": {"0": 0.8276859578168199,