{
 "NoShare": {
  "acc_all": 31.535834899793066,
  "acc_starved": 13.125000552584728,
  "acc_fed": 36.138543486595154,
  "coverage_end": 0.0
 },
 "DFL-naive": {
  "acc_all": 30.749168129016958,
  "acc_starved": 15.933334051320951,
  "acc_fed": 34.45312664844096,
  "coverage_end": 1.0
 },
 "DFL-gated": {
  "acc_all": 31.16000149399042,
  "acc_starved": 12.787500644723574,
  "acc_fed": 35.753126706307135,
  "coverage_end": 1.0
 },
 "RECD-gated": {
  "acc_all": 30.64083461804936,
  "acc_starved": 12.120833798932532,
  "acc_fed": 35.270834822828576,
  "coverage_end": 0.9852941176470589
 }
}