{
 "RECD": {
  "acc_all": 53.6177805148893,
  "acc_starved": 30.31666837632656,
  "jain": 0.6391834202635827,
  "mfr": 2.668255053021188,
  "cov": 0.66731946741441
 },
 "RECD|sd": {
  "acc_starved_sd": 3.397739139050431
 },
 "DFL-Gossip": {
  "acc_all": 52.1038913147317,
  "acc_starved": 28.722223515311878,
  "jain": 0.7861653693472083,
  "mfr": 2.196774193548387,
  "cov": 0.6921318510048934
 },
 "DFL-Gossip|sd": {
  "acc_starved_sd": 2.3292555900016354
 },
 "LRU-Random": {
  "acc_all": 52.926669178737534,
  "acc_starved": 28.07222352259689,
  "jain": 0.7655613520671726,
  "mfr": 2.557288605114692,
  "cov": 0.8571452473156334
 },
 "LRU-Random|sd": {
  "acc_starved_sd": 1.8353819458736897
 },
 "Mobility-Greedy": {
  "acc_all": 53.235558130674896,
  "acc_starved": 30.725001667936642,
  "jain": 0.6275281786142536,
  "mfr": 2.5643811147647466,
  "cov": 0.6550146554051448
 },
 "Mobility-Greedy|sd": {
  "acc_starved_sd": 2.2733456964056176
 }
}