{
 "NoShare": {
  "acc_all": 37.970001616825655,
  "acc_starved": 16.441667421410482,
  "acc_fed": 43.352085165679455,
  "coverage_end": 0.0
 },
 "DFL-Gossip": {
  "acc_all": 33.40666815638542,
  "acc_starved": 18.675001089771587,
  "acc_fed": 37.089584923038885,
  "coverage_end": 1.0
 },
 "RECD": {
  "acc_all": 34.46333492485185,
  "acc_starved": 18.316667325173817,
  "acc_fed": 38.50000182477136,
  "coverage_end": 0.9852941176470589
 }
}