{
 "RECD|R200": {
  "acc_all": 54.13833600779374,
  "acc_starved": 31.92916822930177,
  "jain": 0.8012125294641542,
  "mfr": 2.6991452991452993,
  "cov": 0.9734467198889274
 },
 "DFL-Gossip|R200": {
  "acc_all": 55.06166901439428,
  "acc_starved": 31.854168015221756,
  "jain": 0.832157130986672,
  "mfr": 1.1733986128110976,
  "cov": 0.9962686567164178
 },
 "LRU-Random|R200": {
  "acc_all": 54.58750285208225,
  "acc_starved": 32.0833350221316,
  "jain": 0.8160411244836321,
  "mfr": 1.7799664468355896,
  "cov": 1.0
 },
 "Mobility-Greedy|R200": {
  "acc_all": 54.906669134895004,
  "acc_starved": 32.337501396735504,
  "jain": 0.8601274280548175,
  "mfr": 2.0318528880340385,
  "cov": 0.9962686567164178
 },
 "RECD|R100": {
  "acc_all": 54.7658359631896,
  "acc_starved": 32.754168224831425,
  "jain": 0.7476095079761592,
  "mfr": 4.107238037552998,
  "cov": 0.9773226888811755
 },
 "DFL-Gossip|R100": {
  "acc_all": 54.21833588431279,
  "acc_starved": 31.191668224831425,
  "jain": 0.715145385749884,
  "mfr": 2.4187954559115226,
  "cov": 0.9810540321647576
 },
 "LRU-Random|R100": {
  "acc_all": 53.4250025699536,
  "acc_starved": 29.925001536806427,
  "jain": 0.7637000882450674,
  "mfr": 2.8425196850393704,
  "cov": 0.9847853754483397
 },
 "Mobility-Greedy|R100": {
  "acc_all": 55.03583591431379,
  "acc_starved": 31.812501636644207,
  "jain": 0.7747291962954501,
  "mfr": 2.6731374924288307,
  "cov": 0.9773226888811755
 }
}