{
 "RECD|R150": {
  "acc_all": 54.25750265518824,
  "acc_starved": 31.770834947625797,
  "jain": 0.8017633068895345,
  "mfr": 3.3188060794726244,
  "cov": 0.9735913455975934
 },
 "DFL-Gossip|R150": {
  "acc_all": 55.14250258604686,
  "acc_starved": 33.658334985375404,
  "jain": 0.7997919288412212,
  "mfr": 1.664655825610538,
  "cov": 0.9962686567164178
 },
 "LRU-Random|R150": {
  "acc_all": 54.80166934430599,
  "acc_starved": 32.091668248176575,
  "jain": 0.814148006201191,
  "mfr": 1.9754619105904294,
  "cov": 0.9962686567164178
 },
 "Mobility-Greedy|R150": {
  "acc_all": 55.324169149001435,
  "acc_starved": 33.120834827423096,
  "jain": 0.850264478583171,
  "mfr": 2.028629316420014,
  "cov": 0.9925373134328358
 },
 "RECD|R60": {
  "acc_all": 54.37666925291221,
  "acc_starved": 32.39583484828472,
  "jain": 0.6822454856060195,
  "mfr": 4.956969246031746,
  "cov": 0.9659840333217633
 },
 "DFL-Gossip|R60": {
  "acc_all": 53.90750274062157,
  "acc_starved": 30.441668008764584,
  "jain": 0.6292511186053353,
  "mfr": 3.3745421245421245,
  "cov": 0.9734467198889274
 },
 "LRU-Random|R60": {
  "acc_all": 54.093335854510464,
  "acc_starved": 30.408334669967495,
  "jain": 0.7181635566068454,
  "mfr": 3.6443076923076925,
  "cov": 0.9695707508966793
 },
 "Mobility-Greedy|R60": {
  "acc_all": 55.02250240494807,
  "acc_starved": 31.72083478420973,
  "jain": 0.7056394602250654,
  "mfr": 3.1886721680420105,
  "cov": 0.9619634386208493
 }
}