{
 "NoShare": {
  "acc_all": 53.31666901707649,
  "acc_starved": 27.19583474099636,
  "acc_fed": 59.846877586096525,
  "coverage_end": 0.0
 },
 "DFL-naive": {
  "acc_all": 55.46500255664189,
  "acc_starved": 32.854168117046356,
  "acc_fed": 61.11771116654078,
  "coverage_end": 0.9962686567164178
 },
 "DFL-gated": {
  "acc_all": 52.834169156849384,
  "acc_starved": 27.570834942162037,
  "acc_fed": 59.15000271052122,
  "coverage_end": 0.9962686567164178
 },
 "RECD-naive": {
  "acc_all": 55.490835954745606,
  "acc_starved": 31.433334946632385,
  "acc_fed": 61.50521120677392,
  "coverage_end": 0.9734467198889274
 },
 "RECD-gated": {
  "acc_all": 52.95750269045432,
  "acc_starved": 27.995834685862064,
  "acc_fed": 59.19791969160239,
  "coverage_end": 0.9734467198889274
 }
}